timestamp,voltage,current,temperature,charge_cycles,battery_failure
2023-01-01 00:00:00,13.069659945116227,13.80353141740309,28.265039691549518,545.6770777700459,0
2023-01-01 00:10:00,12.782213038567674,7.734785418957492,37.420720403726676,166.40984505309035,0
2023-01-01 00:20:00,13.43462347118825,12.551543641516645,30.962387012537857,628.3888783270269,0
2023-01-01 00:30:00,12.15786198181979,7.18219219114919,26.020001905388458,397.35658893641147,0
2023-01-01 00:40:00,12.356389529165888,7.905631289503543,28.385749870666466,449.2308021616613,0
2023-01-01 00:50:00,12.706190043011745,8.393181080415125,23.987784129083323,482.9407335209931,0
2023-01-01 01:00:00,13.040403426742111,11.007273272355722,19.36247876456752,540.7418034651976,0
2023-01-01 01:10:00,12.689714760647465,10.06603175386972,31.528882891437604,563.942804219255,0
2023-01-01 01:20:00,13.242879518255283,9.665727831674328,30.04495738465824,589.2840554319297,0
2023-01-01 01:30:00,11.142117564967723,14.639397351292065,39.94807315527815,826.6541868292976,1
2023-01-01 01:40:00,11.31066670899737,15.68323324297042,54.633849616351824,720.5326646442594,1
2023-01-01 01:50:00,11.580188901739131,16.013118031832583,56.772302704215726,676.7065646750071,1
2023-01-01 02:00:00,12.561409861943151,12.188333671230263,29.2317571310301,390.92462841777535,0
2023-01-01 02:10:00,12.87143186017911,13.64006962553488,17.684493743751506,424.89731931809774,0
2023-01-01 02:20:00,12.586298854566747,9.957275255117047,26.21810010744912,589.5460223674833,0
2023-01-01 02:30:00,12.42999010468827,8.957822075738168,24.16184237255818,583.7209486728681,0
2023-01-01 02:40:00,12.562531214138138,11.227072258370377,30.565003495693404,572.379941644442,0
2023-01-01 02:50:00,12.614424447396592,7.711490367470759,30.155213693913307,448.5583238343472,0
2023-01-01 03:00:00,12.447509350075835,8.642591735776778,31.593039140890227,591.0492131943696,0
2023-01-01 03:10:00,12.498433976838285,11.99876189278558,19.410528306398962,383.8755547519642,0
2023-01-01 03:20:00,12.398203331506545,9.751743250364592,21.079442329718805,607.7359809862273,0
2023-01-01 03:30:00,13.028332559934704,7.583615083283922,30.570412180677195,473.912919875411,0
2023-01-01 03:40:00,12.6970105022529,7.020393869269652,22.04177092328777,668.4170406340633,0
2023-01-01 03:50:00,13.728376236084383,10.097433358787615,17.392835095428463,347.8557907934515,0
2023-01-01 04:00:00,12.68035227563923,12.28379307393602,27.662982438070326,676.3404045918521,0
2023-01-01 04:10:00,12.324571264835669,12.257091555062374,22.263907798670136,463.85356708365384,0
2023-01-01 04:20:00,13.935337687431533,10.221761005785675,33.948953851542,462.0520743988256,0
2023-01-01 04:30:00,12.253837991530153,19.5676048560142,43.249336281455236,683.3120207404054,1
2023-01-01 04:40:00,12.291317691174507,13.628224667999026,40.441498248977936,470.32887645932135,1
2023-01-01 04:50:00,12.495777835470587,8.93449463806201,42.18605179608328,668.0424697756619,1
2023-01-01 05:00:00,12.911505514648875,4.865128180522,32.954176669634855,426.23737347291456,0
2023-01-01 05:10:00,12.867827025676236,9.10527410167757,26.792772299449105,429.8936469020813,0
2023-01-01 05:20:00,12.048957717611968,11.704030069816989,22.957502409218968,548.6885950300572,0
2023-01-01 05:30:00,12.783764523780706,13.127922673719407,21.029581466972765,409.8434504696484,0
2023-01-01 05:40:00,11.93756934807488,8.33953073266543,24.63263472717891,423.1805764994518,0
2023-01-01 05:50:00,12.512818581793733,10.924504658586097,20.111765814225972,362.7208750253591,0
2023-01-01 06:00:00,12.237191271718356,12.093758064646575,30.14438720839472,449.60693200386606,0
2023-01-01 06:10:00,12.77873509292436,10.022416306391799,15.95828972987883,631.1602029723922,0
2023-01-01 06:20:00,12.767063123669116,5.433439084945539,24.302429858334644,415.40663598970315,0
2023-01-01 06:30:00,12.840572945382593,10.494579999148504,28.050667725439673,426.83667348127585,0
2023-01-01 06:40:00,11.276060331285699,18.90839925141598,46.18736397925727,721.274447903011,1
2023-01-01 06:50:00,12.296587329106801,8.105154209963082,21.413585134921654,462.92035662004736,0
2023-01-01 07:00:00,11.538963103507749,18.081068832576324,50.032028253294754,916.0086508916163,1
2023-01-01 07:10:00,13.060198080627242,7.689007915742472,20.569803058070462,483.74720353237433,0
2023-01-01 07:20:00,13.1339283386472,4.859704902839295,24.88807671751595,533.5218346217372,0
2023-01-01 07:30:00,12.026608450686725,12.054008823575312,28.259207859901778,594.3768784799322,0
2023-01-01 07:40:00,11.834536183743676,9.992502932396297,27.314563897465565,592.457786586285,0
2023-01-01 07:50:00,12.236555308397644,13.195349993409966,21.62480494290266,523.3287581557379,0
2023-01-01 08:00:00,13.122603791016125,11.714644383812354,30.987472582821816,483.88725133139985,0
2023-01-01 08:10:00,13.207442015091516,9.291580476669102,25.43347285742767,702.4028536379257,0
2023-01-01 08:20:00,12.137644059799413,9.833638679791182,28.71497705469576,490.02397246857333,0
2023-01-01 08:30:00,12.75365467686817,11.132354781540345,32.645505033366234,455.83098955715195,0
2023-01-01 08:40:00,13.517215666570044,11.933766833511488,30.587602743873035,435.4151011705982,0
2023-01-01 08:50:00,12.807655738620166,10.645341261484022,30.60064703165522,327.31967972932443,0
2023-01-01 09:00:00,13.310751642616546,12.211186290578969,25.96339964924736,582.1615752237163,0
2023-01-01 09:10:00,13.099363285041548,9.406662526651058,28.96967560455255,265.1931602899174,0
2023-01-01 09:20:00,12.144900646886045,8.005712906428627,26.06798287282158,499.4277159095079,0
2023-01-01 09:30:00,12.505009288251461,9.870381492877739,18.953377661107933,479.5139365728615,0
2023-01-01 09:40:00,12.617377239145924,10.410369781472367,26.51371896252521,723.9965192231448,0
2023-01-01 09:50:00,12.652066694010669,7.596929210521426,26.281804918692327,316.83487712863734,0
2023-01-01 10:00:00,13.058164476719286,7.326555831706756,27.918646807609097,409.8896713015643,0
2023-01-01 10:10:00,12.804342381137705,10.894772592946856,24.360015123933024,486.39035413183507,0
2023-01-01 10:20:00,11.131899528110942,9.187286297259153,21.192722216180748,480.2470662530832,0
2023-01-01 10:30:00,11.943579863453637,9.668318188675995,28.282530415876135,445.0455409189955,0
2023-01-01 10:40:00,11.506309542511978,9.280614668598353,18.43363856373876,491.90120905978324,0
2023-01-01 10:50:00,12.687682620327667,13.041201803526423,32.29409567928235,374.04372711302585,0
2023-01-01 11:00:00,12.72024382473388,12.52352232079,23.842909693975038,535.7192878994939,0
2023-01-01 11:10:00,12.741612479305358,7.525292619921664,26.22764086028084,267.85146579224215,0
2023-01-01 11:20:00,12.120535866142692,8.934413573839105,27.79279076640786,497.4230644122743,0
2023-01-01 11:30:00,12.937072002559994,11.700008535939187,27.953440224220955,439.96433057364266,0
2023-01-01 11:40:00,12.958131248234265,11.203872474206484,17.955078500241328,601.6287942756635,0
2023-01-01 11:50:00,11.972425466397421,9.917084075340428,29.12043290272132,675.5311070633304,0
2023-01-01 12:00:00,11.866980899275564,7.724799590071529,26.515769141881368,466.89478312496425,0
2023-01-01 12:10:00,12.599934156886532,8.63491990769291,21.823693077206954,639.0725929141431,0
2023-01-01 12:20:00,13.49589113680668,8.96646486490742,21.25166524527043,468.38837193695895,0
2023-01-01 12:30:00,13.44987137109932,10.5539886622382,23.329734589715773,403.387347687091,0
2023-01-01 12:40:00,12.881702180224027,13.407454309394476,18.50629156694754,674.590363218562,0
2023-01-01 12:50:00,12.235001664209962,8.626239530423744,33.611336954935126,552.0776444734007,0
2023-01-01 13:00:00,13.043421329744293,7.94792950488952,32.430756625716725,500.44385226098143,0
2023-01-01 13:10:00,12.373787867595478,9.782827046344114,27.258501004879697,568.7177475098648,0
2023-01-01 13:20:00,12.216246481663095,12.063477961028118,23.883007918289547,527.4215035130168,0
2023-01-01 13:30:00,11.528016584189002,7.106234066478594,24.014460060313024,493.0780592058482,0
2023-01-01 13:40:00,12.651191099173825,12.907268301749895,28.79032853086984,367.35651726920037,0
2023-01-01 13:50:00,12.285066325431313,9.655937275768661,33.78913449750975,472.9463262838733,0
2023-01-01 14:00:00,12.648215189764251,8.531359995373252,22.148016302016284,562.3255423458472,0
2023-01-01 14:10:00,11.450321151881468,6.799621426475682,19.41206978688338,487.72285743131897,0
2023-01-01 14:20:00,12.684913336291844,11.413041546841255,32.73820386797635,590.2325761130386,0
2023-01-01 14:30:00,11.384439418014185,9.65765760951693,16.064307062077745,538.3655023866789,0
2023-01-01 14:40:00,13.143970126634276,10.341410965509013,19.957345958736767,412.18636819145934,0
2023-01-01 14:50:00,12.860945617067541,8.198376517977273,23.765710537445734,368.0828042167876,0
2023-01-01 15:00:00,12.460667614287706,9.361807931497953,17.197832660974846,484.2821500069832,0
2023-01-01 15:10:00,12.88135993004104,9.026837507290525,30.560745314032992,447.57715518954126,0
2023-01-01 15:20:00,12.110962868668224,9.798813789243585,29.2845263525255,533.6321809621686,0
2023-01-01 15:30:00,12.636187757807447,8.66089534724838,22.126033863923414,428.186234123727,0
2023-01-01 15:40:00,12.997387019230167,6.931638078625557,31.39807059588874,438.4607674245123,0
2023-01-01 15:50:00,11.052855375454305,15.456999490593214,32.24646214201913,605.3069717594913,0
2023-01-01 16:00:00,12.376387820161238,7.273191505324972,24.434146758549684,514.8202968627897,0
2023-01-01 16:10:00,12.588677934931813,10.362918013885078,22.74665911215996,429.7272934572707,0
2023-01-01 16:20:00,12.501853191127116,6.4559443431519155,36.29801013871239,501.76418087350197,0
2023-01-01 16:30:00,13.328550913113702,6.00590512676405,28.605809110420775,637.8911243001683,0
2023-01-01 16:40:00,12.038049437538557,10.195652983704536,26.281623264844267,529.3786688274722,0
2023-01-01 16:50:00,12.289420378277384,10.348735175536607,31.817729733198064,559.295080942513,0
2023-01-01 17:00:00,11.642065486845775,12.522997981604767,26.509653175015107,424.77654634725576,0
2023-01-01 17:10:00,13.355143325636572,10.799093682031412,22.471897070404058,602.64193771346,0
2023-01-01 17:20:00,12.4768549286956,9.700378562508417,25.400798802437766,731.8102260463802,0
2023-01-01 17:30:00,12.380795555981646,8.100799511869992,30.193271436598675,420.8532357487146,0
2023-01-01 17:40:00,12.573758658844643,12.998024136467098,15.039072168253933,381.8106025628011,0
2023-01-01 17:50:00,11.268052703770268,15.632902772889022,39.677129855153,816.5619419600844,1
2023-01-01 18:00:00,12.773681701758061,7.507341044503151,31.915286992908026,587.550504984441,0
2023-01-01 18:10:00,13.923942106778544,10.07592745642127,22.440657994532412,490.8610327949739,0
2023-01-01 18:20:00,12.826967944201886,10.288104463052994,32.730542802157046,394.67936039573374,0
2023-01-01 18:30:00,11.12649230745961,12.175385948951114,55.80569346441008,717.8868858677129,1
2023-01-01 18:40:00,12.319321631238026,11.543700971613589,24.672354422555244,559.8092272777454,0
2023-01-01 18:50:00,12.403620523791595,11.663466276696354,22.157303475554997,459.2968173053941,0
2023-01-01 19:00:00,11.84908153768508,9.619028604389788,23.563205629251826,560.7255017754921,0
2023-01-01 19:10:00,12.619932103745793,9.438261508404683,38.32307246000717,616.471078523991,0
2023-01-01 19:20:00,12.991734053104459,12.997916925335064,34.37212223466622,524.0230625770448,0
2023-01-01 19:30:00,12.293318199688382,11.865677784724474,25.62695485903369,497.20522287217074,0
2023-01-01 19:40:00,12.196309971857945,10.144720779816769,21.959232241897954,582.9343925226282,0
2023-01-01 19:50:00,12.223543109141808,11.46738087705945,46.911845452905816,640.9125099107345,1
2023-01-01 20:00:00,11.886758421689418,10.688000212610072,26.219134633083822,404.52901663070776,0
2023-01-01 20:10:00,11.566090811761349,11.396166929835337,18.78320631195323,473.3427715071015,0
2023-01-01 20:20:00,12.023549028176308,4.490956743203254,25.400206346076303,450.8120545185533,0
2023-01-01 20:30:00,11.829783641437851,10.503738896636051,31.61202162405865,419.6658024709525,0
2023-01-01 20:40:00,12.79311303205229,9.16661602640853,16.003216593917635,683.0468474998775,0
2023-01-01 20:50:00,12.419647749775212,9.558291439740897,29.13291982568624,717.1993209494292,0
2023-01-01 21:00:00,11.666024785772379,12.810230327015812,50.17201406669457,582.4660440459279,1
2023-01-01 21:10:00,13.176467088487387,9.703621419192716,22.19721327452816,509.17189497483656,0
2023-01-01 21:20:00,12.254332569418612,12.783983152362662,33.47087879095528,481.2157179936209,0
2023-01-01 21:30:00,12.98754470587282,9.10720300236897,21.54831468775827,610.7499240118157,0
2023-01-01 21:40:00,13.355661399601601,11.931147117586367,27.205413309302017,630.5645561840047,0
2023-01-01 21:50:00,12.37216875099317,8.387337562240779,23.466136576681848,322.27362013103533,0
2023-01-01 22:00:00,12.968511427778157,11.517512385312077,23.465018214186983,547.6010800065626,0
2023-01-01 22:10:00,12.47909104373551,10.003311711243903,21.913504651209774,369.31786588388513,0
2023-01-01 22:20:00,13.062049064420394,10.704049657578562,28.4928774043101,675.8272157875278,0
2023-01-01 22:30:00,11.814255406211863,10.014306512194976,29.244027288657247,544.0248030210398,0
2023-01-01 22:40:00,11.777243877437327,11.283250464882418,24.677889002114057,417.6650461637364,0
2023-01-01 22:50:00,12.404366142546229,4.864829764132484,18.20015893163863,475.8678612062147,0
2023-01-01 23:00:00,12.155537595470115,7.160349373084861,27.01585083317195,471.10227417338416,0
2023-01-01 23:10:00,11.655550455991282,17.82519815034321,43.549868519963354,734.2791915827249,1
2023-01-01 23:20:00,12.490236708776429,5.9129232922075285,23.916424943067863,604.1912604177478,0
2023-01-01 23:30:00,11.803115293749041,14.048118171995657,53.41173152041061,560.8461304366442,1
2023-01-01 23:40:00,12.396169710717032,9.8913183179267,17.18035367549673,683.8754500912114,0
2023-01-01 23:50:00,12.188069344688456,8.343719724774207,13.91358144873216,660.5690107820843,0
2023-01-02 00:00:00,12.42424331162055,8.616877194612453,21.345825501511644,412.4676432408955,0
2023-01-02 00:10:00,12.21542736009669,10.543164400307184,28.552122670457248,507.2801794362309,0
2023-01-02 00:20:00,11.154451451750537,15.433344250817253,35.63627055369295,831.7767944710312,1
2023-01-02 00:30:00,11.793491593211515,8.083101237490384,20.09514540736962,623.2918586677483,0
2023-01-02 00:40:00,12.634739058110538,8.849883607625259,29.755106680890773,466.3256969952104,0
2023-01-02 00:50:00,12.315647146701473,8.537478053345911,27.312739613988747,581.4339814567874,0
2023-01-02 01:00:00,13.083139369617335,5.157240496245443,26.885304548142,799.719829171914,0
2023-01-02 01:10:00,11.27808304861612,12.64660467951892,49.19933807174558,670.5219649094538,1
2023-01-02 01:20:00,12.32895822247606,11.869435491656985,22.874035233635578,436.7351748559981,0
2023-01-02 01:30:00,13.506453610329373,12.033286414631764,23.105079629709042,517.2419852091399,0
2023-01-02 01:40:00,12.130195241451075,8.258467247118523,29.048896362807124,524.6552095497318,0
2023-01-02 01:50:00,12.481733373951938,7.4966039029597145,18.275566096094003,447.5463260999902,0
2023-01-02 02:00:00,11.992078008587315,10.04321109518337,14.286400768007269,544.1625067814217,0
2023-01-02 02:10:00,11.92578624360951,11.658547373132935,22.833579131860727,374.55989402724987,0
2023-01-02 02:20:00,13.37365549154384,10.309700896620768,29.654366445328456,433.4466132991321,0
2023-01-02 02:30:00,12.685519746318572,10.578609271747522,26.277798494934018,575.8244776154797,0
2023-01-02 02:40:00,12.666839419118812,12.283661855472467,29.286457520615077,324.51291484577484,0
2023-01-02 02:50:00,11.751841882441889,8.521726881538592,14.918528447884174,590.3167591994777,0
2023-01-02 03:00:00,12.779370694054151,9.56005982665394,26.57748404161746,298.80186342942966,0
2023-01-02 03:10:00,13.178710972996912,13.269211023522402,28.26932252321189,326.8675421123685,0
2023-01-02 03:20:00,13.174738530414265,9.606377753804747,18.246012886946577,450.1021256944115,0
2023-01-02 03:30:00,12.93416661480308,7.465326068066858,29.310287952732725,528.686384281935,0
2023-01-02 03:40:00,12.035257211202298,8.661287807499411,24.442405517471034,632.5263603127389,0
2023-01-02 03:50:00,12.756561708596495,8.123640297557515,40.35668350803001,505.7622763159596,0
2023-01-02 04:00:00,12.933792480238303,10.71432517140254,14.113819655516322,475.344639242401,0
2023-01-02 04:10:00,11.702778207455548,8.208105992822443,31.845571838373754,557.9581247984804,0
2023-01-02 04:20:00,11.494417729211603,17.273336875361835,43.45640294346918,522.5039702561254,1
2023-01-02 04:30:00,13.04407866087172,8.527869562918701,16.91424142779978,513.9415159346406,0
2023-01-02 04:40:00,13.038022888335965,5.753242923203544,22.365224282175042,380.055374204464,0
2023-01-02 04:50:00,11.825708483189304,10.613239573963844,26.38739620668733,508.25905168754133,0
2023-01-02 05:00:00,12.997510729634586,10.296927363093777,30.187333347825216,487.0163674150597,0
2023-01-02 05:10:00,12.647651699576809,11.035515631417681,33.60982144066088,419.5732078550583,0
2023-01-02 05:20:00,12.990504477303576,8.654025561669487,32.109465443521714,516.5040636537739,0
2023-01-02 05:30:00,12.28273933828303,8.440911049281247,20.173089896477528,515.8549653159643,0
2023-01-02 05:40:00,12.92259174824045,10.802933716963091,30.650823461330585,617.5454012339135,0
2023-01-02 05:50:00,13.021914387242813,13.038039145061962,26.95642478560437,339.43665969372125,0
2023-01-02 06:00:00,12.424332532272144,10.022336019012656,21.72698489535506,492.39510923029576,0
2023-01-02 06:10:00,12.608876273086643,10.84917019209429,23.940447032612596,423.97376002965206,0
2023-01-02 06:20:00,12.275739185247673,9.356824631148585,21.45078670277638,586.9762058176292,0
2023-01-02 06:30:00,13.425819474342939,6.91273895625263,25.18546170968228,575.3912065192133,0
2023-01-02 06:40:00,12.539864030337117,11.934858838308116,21.3517105885294,550.7879845068621,0
2023-01-02 06:50:00,12.138987837411408,11.816828478172324,19.860029633912806,429.6166741930537,0
2023-01-02 07:00:00,12.242087043062625,11.421548050350388,27.39559563891386,588.5470582940095,0
2023-01-02 07:10:00,12.663385300571056,9.636109123315162,28.143652741298187,346.9869071256668,0
2023-01-02 07:20:00,12.976665585889105,11.19411219947708,24.06201499954194,326.4689296407229,0
2023-01-02 07:30:00,11.219697696167815,17.986546077104162,53.146792937061555,508.62023977574114,1
2023-01-02 07:40:00,11.977539833891354,20.36143712609705,52.529059115883705,740.3571891055568,1
2023-01-02 07:50:00,12.754337647027809,11.977052209294884,23.486127274372308,567.5164400988294,0
2023-01-02 08:00:00,12.833227986484706,10.127642450067277,28.302444911728486,202.39675259904755,0
2023-01-02 08:10:00,12.551405228088282,7.383493489151257,24.337872075283315,632.2742831879787,0
2023-01-02 08:20:00,12.609629483675562,10.311316595343483,25.423988645130716,513.1112196178434,0
2023-01-02 08:30:00,12.525858431036298,10.513154791698616,12.397807646904674,343.2227652410225,0
2023-01-02 08:40:00,13.10889798451798,11.418059550636608,25.083536923689874,510.0946970289581,0
2023-01-02 08:50:00,12.596035706273314,12.707783718646851,15.8640203126437,609.252541467842,0
2023-01-02 09:00:00,12.983525109246354,9.809698975886441,18.895247145005648,559.9441015306259,0
2023-01-02 09:10:00,12.383076238323714,14.201974379626222,18.323387306222475,609.9073062553966,0
2023-01-02 09:20:00,12.697820264156158,6.4814259599188455,19.78708423233087,363.37533706028887,0
2023-01-02 09:30:00,12.198039827880288,10.83868374492325,22.255730701838736,458.5994764861595,0
2023-01-02 09:40:00,13.208264116274767,8.402959215631943,22.567536922272573,407.5307769476468,0
2023-01-02 09:50:00,12.183126379640441,6.185556000622395,28.321376021285626,671.7580205044318,0
2023-01-02 10:00:00,12.437510277869336,9.596451247401683,26.111939070673486,563.936284348663,0
2023-01-02 10:10:00,12.442519793772627,7.085654603158087,15.494627855910071,784.7009588957641,0
2023-01-02 10:20:00,12.423024306163116,9.677144203934366,25.416473187734038,453.23904665827723,0
2023-01-02 10:30:00,12.961247884721468,10.069538496188914,26.591276232917135,427.5325788317695,0
2023-01-02 10:40:00,12.441671117631678,12.2370828186719,23.35716741873521,485.7173361404849,0
2023-01-02 10:50:00,13.296962265270537,6.984829730472125,24.695570115466488,637.8357221422549,0
2023-01-02 11:00:00,12.190762456934916,11.816890331291544,25.951550626985284,463.38803106246525,0
2023-01-02 11:10:00,12.684688734971353,10.196160900559589,28.8229979881779,512.4437597906945,0
2023-01-02 11:20:00,12.2121070053437,12.057698307219189,17.125600062686328,509.66907028868195,0
2023-01-02 11:30:00,12.810486391265734,9.136497649937745,23.778414806801756,503.94967612021895,0
2023-01-02 11:40:00,12.592025136511614,7.33551082647311,32.54168049028864,434.7601539537522,0
2023-01-02 11:50:00,12.52246897765076,7.565001347568268,32.08330654148978,486.27089320896334,0
2023-01-02 12:00:00,13.194237483251761,7.416385092665768,29.2546846388789,481.9897398648642,0
2023-01-02 12:10:00,12.272829064472448,10.95562830584131,27.68412341977838,499.2435340325351,0
2023-01-02 12:20:00,12.893257578809,12.953844044429399,33.27317374201044,594.3516818152708,0
2023-01-02 12:30:00,12.215520043662604,8.870096946689559,34.58924000803333,676.0628034624492,0
2023-01-02 12:40:00,12.656342600080187,11.258270596515567,24.354600059765737,415.9565237330293,0
2023-01-02 12:50:00,12.002212335888277,6.95311588372876,20.1528377835584,460.8006375212285,0
2023-01-02 13:00:00,12.26874142684663,10.360642498354599,23.648538411877524,417.4988101593813,0
2023-01-02 13:10:00,12.558928477213566,11.337125232674254,40.483477568860266,518.7101537222272,0
2023-01-02 13:20:00,13.50732458366154,7.103750449446263,17.153218286374027,446.1650542489023,0
2023-01-02 13:30:00,12.650401935229887,9.592233062040291,22.647304302352914,523.9796833741989,0
2023-01-02 13:40:00,13.427334157933354,11.431834280971131,17.936544237536843,610.3626910444787,0
2023-01-02 13:50:00,12.710161645845458,4.132458705541046,25.623819314386928,247.41683141953916,0
2023-01-02 14:00:00,12.40645787776253,12.670906123403485,18.98654485552566,549.1779889600691,0
2023-01-02 14:10:00,13.369678261300347,10.707358751782095,24.45624488583191,453.9812951102121,0
2023-01-02 14:20:00,12.81850881103671,11.433455295434685,15.249524199906205,546.042226798439,0
2023-01-02 14:30:00,10.614655827655252,12.238187940168284,47.42587972692539,603.2073216253209,1
2023-01-02 14:40:00,12.835285729700148,6.554555036869289,31.111726282339873,619.6260988306875,0
2023-01-02 14:50:00,12.453702625046194,11.068125912633903,23.080281889682706,591.3280618040284,0
2023-01-02 15:00:00,11.605482901914352,9.834819349166976,24.32434996462149,556.8352148542643,0
2023-01-02 15:10:00,13.067986579632809,10.06423091086464,24.182963846343437,579.3225717810099,0
2023-01-02 15:20:00,13.147467027820964,12.175213970397907,25.904553376125126,425.43795328278264,0
2023-01-02 15:30:00,13.518971014996136,11.524127747725196,24.809152065167858,438.037624531071,0
2023-01-02 15:40:00,12.811071846097631,13.842474834179225,28.84058476215347,575.243620081748,0
2023-01-02 15:50:00,12.475638287958734,10.307708457746998,31.16519566725473,423.22708572313877,0
2023-01-02 16:00:00,13.017494713689292,8.617575124417765,20.929643887539086,644.5635046658088,0
2023-01-02 16:10:00,13.024910182659452,9.623166306182547,23.453357536128514,467.6408928718968,0
2023-01-02 16:20:00,13.41914059156821,10.831326745077213,29.508097244623723,550.1894389860622,0
2023-01-02 16:30:00,12.577686188466778,12.031713037985956,17.89165475970484,709.924951925509,0
2023-01-02 16:40:00,12.517210513716202,7.0659320971225625,15.146393590772151,429.3776645931923,0
2023-01-02 16:50:00,12.242227790120737,10.017075230358337,26.131579764492393,506.8761750844783,0
2023-01-02 17:00:00,12.868731043362601,13.219083314076737,27.48173205535246,605.4183164637308,0
2023-01-02 17:10:00,11.825869165884582,9.51958225799496,21.38849906023204,595.1277388876531,0
2023-01-02 17:20:00,12.988043686431283,11.862023709738208,22.106744729397725,467.2184689760642,0
2023-01-02 17:30:00,12.893917560932895,10.98623505443201,21.199038391295506,448.3269562478146,0
2023-01-02 17:40:00,11.831038357036512,20.588595012106616,45.68836313890024,651.3662858317781,1
2023-01-02 17:50:00,12.669112618250919,8.380478916800135,28.467479103023,644.7857766151365,0
2023-01-02 18:00:00,13.366489123765541,8.389196659868839,19.097507565011806,472.08941436400534,0
2023-01-02 18:10:00,13.035996732713432,10.040543784244576,23.672385692833256,507.8115692483465,0
2023-01-02 18:20:00,12.296461404312149,6.935556425519377,20.47331916242574,457.3213529076575,0
2023-01-02 18:30:00,12.305410475151175,9.460518786776685,17.723555120493923,570.5548564795987,0
2023-01-02 18:40:00,12.160163093292681,10.505753315031335,29.350890873733853,515.5525037583657,0
2023-01-02 18:50:00,12.875641666387793,13.569271213899544,22.400873889132306,399.6566189241771,0
2023-01-02 19:00:00,12.099930539380022,10.805436378539643,25.942200402103783,403.1175885965006,0
2023-01-02 19:10:00,13.141696071791676,11.250456941746204,17.45962060099495,300.1394433444493,0
2023-01-02 19:20:00,13.26148665417277,12.328951694100011,21.290302731217622,416.8678590874384,0
2023-01-02 19:30:00,12.160491865524774,8.070684822209888,28.78043940347503,579.3945803632172,0
2023-01-02 19:40:00,12.507225732703573,9.669834675258029,37.93635727922655,632.3760538012268,0
2023-01-02 19:50:00,12.608310490681207,14.850825183607785,15.118919678048442,568.5558363217184,0
2023-01-02 20:00:00,13.041991580234834,9.841755555230982,23.99446102355287,555.4632200640681,0
2023-01-02 20:10:00,13.404671687804939,12.232861497564414,27.0614029907175,487.347395047135,0
2023-01-02 20:20:00,11.75725380356571,11.927475754346215,21.91949923380358,577.4914554913987,0
2023-01-02 20:30:00,12.440909641236658,7.043772571224622,29.24760993497062,528.6278223081885,0
2023-01-02 20:40:00,12.466991652219827,10.620958554011867,20.666336646698433,680.4448971987124,0
2023-01-02 20:50:00,11.899665072556726,10.293494944410451,25.769238301083206,490.15546858232517,0
2023-01-02 21:00:00,12.357444990347968,10.65991757568087,22.389640477508202,634.3008083736131,0
2023-01-02 21:10:00,12.813884472175305,8.49177504041788,31.097155414773862,587.411408181786,0
2023-01-02 21:20:00,12.46066054858022,7.766160976175682,21.61817748482197,573.5443286204159,0
2023-01-02 21:30:00,11.827689415696293,9.047979999958297,23.24063101856742,298.85086745381795,0
2023-01-02 21:40:00,14.037041349004957,9.804410005831594,29.728445187485775,592.9189561547711,0
2023-01-02 21:50:00,12.73308893260209,12.369968895200632,19.859806704535682,487.24920210908465,0
2023-01-02 22:00:00,12.655847065053337,13.634621639451215,25.34375028381786,455.6073505565108,0
2023-01-02 22:10:00,12.051036818466477,12.793195692446355,15.887328281566992,351.70869588220864,0
2023-01-02 22:20:00,11.68567024211325,13.232981407449214,40.708269691733136,699.1707198705462,1
2023-01-02 22:30:00,12.517893107979253,7.99131947540082,26.910656379454018,503.35515968182426,0
2023-01-02 22:40:00,11.655738293642296,9.18220765002101,20.046512452318836,369.6998078185195,0
2023-01-02 22:50:00,12.064872279992791,10.419852104825996,22.277135340881042,352.6719827106308,0
2023-01-02 23:00:00,12.997463008836972,8.73512192384765,27.465432010239688,548.6619480128111,0
2023-01-02 23:10:00,12.672904936549077,17.57361334785886,40.91284778477308,845.5400470411953,1
2023-01-02 23:20:00,12.783582702521523,11.440972216508575,29.11421036608179,519.0282909922422,0
2023-01-02 23:30:00,12.431887243639535,12.253414590737133,45.48251758767415,815.2939910122255,1
2023-01-02 23:40:00,12.522122345708395,12.050269209115163,27.178415559622515,491.36150156485013,0
2023-01-02 23:50:00,12.556726919659699,8.190817572573852,31.20482799369266,494.5648725599798,0
2023-01-03 00:00:00,13.145489513809732,11.865657408184395,26.599115313070328,408.29719712592095,0
2023-01-03 00:10:00,13.431388644589735,8.608709099759608,32.69423645234672,343.9758022446283,0
2023-01-03 00:20:00,13.25054834673281,8.11812809471423,29.556311415189118,685.4662133859584,0
2023-01-03 00:30:00,12.066818462307591,11.064232268372763,22.382737850827716,613.1299050249746,0
2023-01-03 00:40:00,12.566520554842377,12.431747124397962,31.465740375106357,360.74874328615215,0
2023-01-03 00:50:00,12.738762342238147,10.97602697275202,26.319330104514727,515.575190783128,0
2023-01-03 01:00:00,12.470161018246236,10.041608047545088,23.026601456697485,489.9953688896333,0
2023-01-03 01:10:00,12.793928771707797,10.620307652203014,26.391928476604413,472.6007526836957,0
2023-01-03 01:20:00,13.010288405834473,10.27285383613456,30.561634121951315,459.0982152185061,0
2023-01-03 01:30:00,13.10140487597757,7.748098207729212,27.275225471211108,538.1269146967979,0
2023-01-03 01:40:00,13.44293507611076,7.5147597101101695,34.11196416275699,581.8175525471474,0
2023-01-03 01:50:00,12.435279447637582,9.84234824105309,30.43265278949411,540.2391169028206,0
2023-01-03 02:00:00,11.917983417580343,10.159713671538608,27.61580016701081,487.94816256208065,0
2023-01-03 02:10:00,12.779117297007225,10.022664756735468,19.869659586294212,484.277328310888,0
2023-01-03 02:20:00,13.5419055155924,11.352203227299826,24.101337429949396,593.6814316922666,0
2023-01-03 02:30:00,10.948958352740796,12.988383804274385,45.064188652914005,773.3632003581581,1
2023-01-03 02:40:00,12.94342348853186,11.125958363809712,28.483157506088734,507.2689463035433,0
2023-01-03 02:50:00,12.947872896236321,9.710826465347104,28.186665206360964,496.40987023998923,0
2023-01-03 03:00:00,12.695721023672304,13.646717924072933,25.84770205109143,534.5270509612288,0
2023-01-03 03:10:00,12.603462360521856,10.161427453452893,25.601749576885855,453.16513114405507,0
2023-01-03 03:20:00,12.138285397139303,14.681445223051355,28.602284475380348,582.153881730821,0
2023-01-03 03:30:00,11.459168963789711,10.704023182181729,20.70706887185007,392.41414381621337,0
2023-01-03 03:40:00,12.044074646667985,9.572645658823568,33.477579096249286,458.8543490233518,0
2023-01-03 03:50:00,12.40484792544415,8.201104047480651,14.764165574182645,561.1106095446024,0
2023-01-03 04:00:00,13.148711343711353,7.1142228518846125,32.27704741086015,386.7117186645727,0
2023-01-03 04:10:00,12.548435968824311,8.017115431207687,24.77407235787419,342.69914573504997,0
2023-01-03 04:20:00,12.340487140540926,8.240787381672021,30.01289907135797,506.307767542924,0
2023-01-03 04:30:00,12.154507279023285,10.789640040824354,26.819202171463065,330.35418455535296,0
2023-01-03 04:40:00,12.92840291425474,8.947669257879625,26.73017205455401,370.11964459481385,0
2023-01-03 04:50:00,13.279178583215302,10.373854105108995,27.771272380132604,575.6594118506432,0
2023-01-03 05:00:00,13.13171786093373,12.563956724753371,29.045271445438892,479.5214742394264,0
2023-01-03 05:10:00,12.903074849879234,9.824383296730293,23.3558458670638,628.5486949708985,0
2023-01-03 05:20:00,11.86219362680853,14.158313396933607,30.17399565263118,379.5185659062545,0
2023-01-03 05:30:00,12.424162878578114,7.648378039321605,19.57764688210608,490.6047634367716,0
2023-01-03 05:40:00,13.573652114444837,9.698832903250144,24.973347133369376,539.9584553207759,0
2023-01-03 05:50:00,11.59890232778847,17.04342001367396,50.578688160002464,540.6182648676962,1
2023-01-03 06:00:00,11.831248390882637,11.873013212114016,29.975087898079448,603.1761904499624,0
2023-01-03 06:10:00,12.572204738400364,5.520416739267758,27.303944241307004,551.0678883166039,0
2023-01-03 06:20:00,12.78154921633052,7.113769421644378,23.033037810221323,339.0712913312566,0
2023-01-03 06:30:00,12.218920768486889,9.785306355098074,29.483538891843516,496.22582037914,0
2023-01-03 06:40:00,11.445397989295575,13.102755442018987,21.653168804406235,538.5956736258632,0
2023-01-03 06:50:00,12.649412022508216,10.451683668074615,33.757045368744556,440.99433264719426,0
2023-01-03 07:00:00,12.20612087118978,7.296905091471532,24.576645512501678,352.0135094491186,0
2023-01-03 07:10:00,12.208079130457657,7.605666814619539,17.301871528970196,527.845878944741,0
2023-01-03 07:20:00,12.422659820034621,13.345979405689906,19.02658265991724,721.1242950282561,0
2023-01-03 07:30:00,12.533162042672593,8.757730402407518,25.218218184397937,461.30159008423095,0
2023-01-03 07:40:00,12.595458602952156,8.114073255100472,25.699126356630266,656.9241181284708,0
2023-01-03 07:50:00,12.158005050539,12.954745121261722,34.84828342475548,424.77111782385316,0
2023-01-03 08:00:00,12.489895235182962,12.022194011173982,19.80750331192887,521.5545635009952,0
2023-01-03 08:10:00,11.721288314798622,12.548119286533591,25.197310996519654,577.1522530876119,0
2023-01-03 08:20:00,12.755519532684039,8.099916239468367,19.702892964589715,499.1586334028635,0
2023-01-03 08:30:00,11.17186229332942,6.949788717971279,22.536725733932983,470.22643511187687,0
2023-01-03 08:40:00,12.45525495978319,10.266332978725412,33.41986015034669,572.6127521350373,0
2023-01-03 08:50:00,13.059593076838476,10.670252266147328,19.318318884220048,689.1455115269221,0
2023-01-03 09:00:00,12.070329656362587,10.729203607409664,27.93521212033917,530.0586924639131,0
2023-01-03 09:10:00,12.9582151018287,12.956367871278005,26.964536795071957,448.39398234696523,0
2023-01-03 09:20:00,13.177866356060445,6.5324658199835035,24.879142868208955,481.0248442740317,0
2023-01-03 09:30:00,10.946050023751305,11.719390102595531,27.59718311595869,751.9707645645374,0
2023-01-03 09:40:00,11.792344273963915,14.469478420657342,34.40329426418871,682.5592140964768,1
2023-01-03 09:50:00,11.162113286185862,11.711470641721682,33.281612539017786,440.55863014220273,0
2023-01-03 10:00:00,12.540895777214526,9.050086590957244,34.6242274756176,385.49320835174603,0
2023-01-03 10:10:00,12.596414394509337,8.372056408218977,25.235523488796566,317.4098905887394,0
2023-01-03 10:20:00,10.383579520571962,12.687753755127233,49.78882873584294,754.0572716378027,1
2023-01-03 10:30:00,13.562419181039932,7.1087795984468745,23.004860342250396,565.4641992824504,0
2023-01-03 10:40:00,12.743007903817313,10.080857879666935,27.0021599692814,460.3303820034793,0
2023-01-03 10:50:00,12.175488283958982,8.454653218679086,32.15944531887257,498.5029581969046,0
2023-01-03 11:00:00,13.332689713749259,11.572596461800556,22.70497769888545,382.95382907113765,0
2023-01-03 11:10:00,11.702193389678841,11.280112162065835,18.09225470560281,513.2928464827501,0
2023-01-03 11:20:00,11.985414483240842,13.376314105805582,16.94141467190573,548.1495320567125,0
2023-01-03 11:30:00,11.45027223816505,10.732654967082155,35.30413281951329,446.48357328323624,0
2023-01-03 11:40:00,13.500522598269667,11.041355534160147,22.354876746806113,669.045266958584,0
2023-01-03 11:50:00,12.766173185736001,12.800199623655628,24.071316182907506,416.28936732530883,0
2023-01-03 12:00:00,12.064660785137297,12.70700052230323,42.707666575766105,822.9803458187539,1
2023-01-03 12:10:00,12.750500616959238,7.023483574353935,29.741696396645942,584.8317219704605,0
2023-01-03 12:20:00,12.886883880572292,10.400188118256787,21.092200703877076,492.2710499850617,0
2023-01-03 12:30:00,12.639038856947995,7.154733061571192,22.54368486169339,481.1523181105509,0
2023-01-03 12:40:00,12.73546067135372,14.90787734585078,26.4976020970808,357.1133849550338,0
2023-01-03 12:50:00,12.653801718111476,12.910996584157886,19.679770363772136,635.7341495716283,0
2023-01-03 13:00:00,12.29570409721536,14.32795266660316,24.107088652428875,483.01067983324043,0
2023-01-03 13:10:00,12.576687617392665,10.124893953326259,32.011047947516346,553.7365424934825,0
2023-01-03 13:20:00,12.73679728663084,11.101147187403196,27.141271987584318,567.2720487860141,0
2023-01-03 13:30:00,12.655274559776066,9.081049136094713,25.65271146214179,437.1701507982247,0
2023-01-03 13:40:00,11.861113946123341,11.765849611173504,26.074323547319324,480.2471395708785,0
2023-01-03 13:50:00,11.053578388155287,12.770157797568771,47.544943683023476,904.936978050094,1
2023-01-03 14:00:00,13.141420716958196,4.913813621050442,34.98076159877463,388.2802334259555,0
2023-01-03 14:10:00,12.446502977058298,8.418578761022866,20.939214347329663,712.7918074757256,0
2023-01-03 14:20:00,12.89236267351797,7.0890530487653685,26.05463080981965,425.5127214723726,0
2023-01-03 14:30:00,12.053940045138802,12.95585347231907,25.575127831714035,382.04825433594885,0
2023-01-03 14:40:00,11.863427061676735,13.631354910160631,30.043812535665676,513.2309020688534,0
2023-01-03 14:50:00,12.178201693734144,7.194141855173778,30.5158696939682,720.834826433987,0
2023-01-03 15:00:00,12.488717464614293,12.583431215042479,24.839905977564644,308.90340644077946,0
2023-01-03 15:10:00,12.267429850357793,11.902769967001541,26.453332465565246,485.89842815103077,0
2023-01-03 15:20:00,13.246966761552857,6.860446630562247,26.64267376956974,547.6265017256555,0
2023-01-03 15:30:00,12.68976165076873,9.219464938136763,13.639291722146965,503.3649958535531,0
2023-01-03 15:40:00,13.52446930928093,8.83967255575096,17.055051987611122,538.192167000301,0
2023-01-03 15:50:00,12.802204077035709,11.4959907972544,21.974681546390148,428.1966917827726,0
2023-01-03 16:00:00,11.393724591040094,7.542441298189972,22.192006618115656,440.0278154068619,0
2023-01-03 16:10:00,13.128020803229276,9.802254748681035,19.00358789017934,485.15773528408005,0
2023-01-03 16:20:00,11.845224188765023,8.628130992100765,28.74791285686815,387.01119120972487,0
2023-01-03 16:30:00,12.71526683360567,10.946682366770286,25.010592105087362,495.53135985598107,0
2023-01-03 16:40:00,12.212657971168078,9.566415936624141,23.926527263065815,461.12547063284984,0
2023-01-03 16:50:00,13.671355517232094,8.929508592119209,18.719223627463066,452.99548148451316,0
2023-01-03 17:00:00,13.319798963715067,9.573406848735845,24.777275678776057,532.0506412598638,0
2023-01-03 17:10:00,10.873317202520163,20.10036764720167,35.59475538402096,547.0754541528765,1
2023-01-03 17:20:00,12.536321165939444,9.166200727761222,24.185218445970794,477.09098966168466,0
2023-01-03 17:30:00,12.722299034824609,7.917989563432426,25.31591834403878,731.7353765614861,0
2023-01-03 17:40:00,13.031707035780805,11.16686713831193,26.209574921607494,391.3890313674375,0
2023-01-03 17:50:00,12.614575956162506,9.712950661154087,17.1794911826036,628.5500496484414,0
2023-01-03 18:00:00,12.087552550309566,7.169532138267055,26.124083683457375,505.46561209126986,0
2023-01-03 18:10:00,12.241220680399973,14.462992670404933,19.792843650677288,439.7042191118582,0
2023-01-03 18:20:00,12.597759101811604,9.295042108826705,20.93765083853833,367.93583404701934,0
2023-01-03 18:30:00,13.217228489382345,9.244261092077299,28.589656929113325,513.9681965285232,0
2023-01-03 18:40:00,12.813918930268022,10.319670703816195,35.070568616798724,645.3397105814677,0
2023-01-03 18:50:00,12.213292536692492,13.460233538417679,25.2567937940134,461.0788854803236,0
2023-01-03 19:00:00,12.924186388854894,6.640509346962009,20.914522706798838,491.90385752632267,0
2023-01-03 19:10:00,12.40650758056092,10.55197169884108,25.94335223754999,601.0370850190332,0
2023-01-03 19:20:00,13.04520400259342,14.174544323587256,29.695145787495726,534.0870791346281,0
2023-01-03 19:30:00,13.863505209164302,10.257457361479297,28.104987829363676,342.7724220275421,0
2023-01-03 19:40:00,12.420586814528225,7.52933204139304,38.71556436231873,509.88872158551834,0
2023-01-03 19:50:00,13.000802579863185,8.763206294078694,21.423312154526666,651.2234910665599,0
2023-01-03 20:00:00,12.227303333981135,10.413765059513581,26.26115739959649,496.3058813532502,0
2023-01-03 20:10:00,12.54386811640435,12.661607831279724,32.744589767091014,225.85105705226232,0
2023-01-03 20:20:00,12.61478114343605,9.321328311167878,32.43079618509266,538.8214991591072,0
2023-01-03 20:30:00,12.503158169977809,11.653303594864862,15.249610367378096,480.1543560455964,0
2023-01-03 20:40:00,13.831506844387512,7.129262345906222,24.983211899800093,317.0905586078783,0
2023-01-03 20:50:00,12.446703462660809,7.112563260809891,32.4226038292435,332.07919099462157,0
2023-01-03 21:00:00,12.893425769392433,9.0343986226301,39.45321495199569,597.5107143288809,0
2023-01-03 21:10:00,11.634956565338284,12.876057443746525,28.518979418754093,426.761725440492,0
2023-01-03 21:20:00,12.815998281684804,10.137749279027538,23.16068353151758,409.25036192640084,0
2023-01-03 21:30:00,13.171027296176122,10.579622391133238,19.95398423781305,496.43614390683314,0
2023-01-03 21:40:00,12.336201328710475,10.556159191147055,36.093716787654245,435.5797001680061,0
2023-01-03 21:50:00,10.73847739308963,19.721574730538855,49.418568025111156,717.5765507858105,1
2023-01-03 22:00:00,12.580674115586337,8.779558614924293,20.759665365572914,479.727997056333,0
2023-01-03 22:10:00,12.608591925192764,11.376570216976464,23.984218168331093,380.0004419906357,0
2023-01-03 22:20:00,12.962037525372152,8.33823467228974,26.55093258414352,448.88022014386155,0
2023-01-03 22:30:00,12.465510610425826,18.054077302624535,51.555156406707034,814.328799912269,1
2023-01-03 22:40:00,12.409973174699847,8.39921779140662,20.50190671227105,504.1918040238626,0
2023-01-03 22:50:00,10.9533845059781,10.011651266868355,45.49619303945825,731.5396679130731,1
2023-01-03 23:00:00,12.016541099314278,11.0993396269761,16.7353271881352,693.7384241179384,0
2023-01-03 23:10:00,12.699039308515799,10.159576862864647,30.19881144802391,573.1037525385535,0
2023-01-03 23:20:00,12.839677129409251,10.653704812521868,23.29190766614842,585.2441264821342,0
2023-01-03 23:30:00,12.327172302818708,10.454627590984636,27.33160824591646,483.4031592205075,0
2023-01-03 23:40:00,12.989341372862894,7.819215602385123,32.111292542881635,522.0145190351275,0
2023-01-03 23:50:00,12.832692038409588,13.226717858158969,26.09935071186973,456.8900010474307,0
2023-01-04 00:00:00,12.621615844822445,11.787084411778219,24.43514762025466,577.7549765524128,0
2023-01-04 00:10:00,12.148792639627937,12.717899902534231,25.96960738441967,488.96000959009564,0
2023-01-04 00:20:00,12.359067842257637,8.943338221779152,25.315968019251134,522.2377748930556,0
2023-01-04 00:30:00,11.385122351158728,10.833047089430343,31.230824989389724,516.0611302155169,0
2023-01-04 00:40:00,12.717893532099016,10.394736924469383,26.554191987693947,498.18331185945453,0
2023-01-04 00:50:00,12.613170644373717,12.256005252403016,22.277994902105437,793.818806715577,0
2023-01-04 01:00:00,12.694239495544743,12.320496263659237,30.23924528444875,433.3380722505277,0
2023-01-04 01:10:00,12.85215950778228,10.38610160591623,31.15242178179176,432.42884698413076,0
2023-01-04 01:20:00,12.792910743216112,6.964097736313496,18.308346865897683,569.4096746811757,0
2023-01-04 01:30:00,12.544808409676982,13.559323774175379,32.663919423840525,440.48310009248206,0
2023-01-04 01:40:00,12.624334021581376,11.111974867380278,26.823558866042426,470.8593638651107,0
2023-01-04 01:50:00,11.897841791651915,8.783125917217715,26.41634975073299,391.35890466443817,0
2023-01-04 02:00:00,12.308139677155287,10.81308427653339,30.033123157982573,549.1557919402587,0
2023-01-04 02:10:00,12.625235526841731,6.977812903094954,22.165118044978605,550.4257244484152,0
2023-01-04 02:20:00,12.232073212043819,12.110706134942088,29.77082257095462,468.48079400765556,0
2023-01-04 02:30:00,13.030075397936272,7.0575765114416935,23.116122651310725,571.4816688480073,0
2023-01-04 02:40:00,12.270683959522485,9.558331015925836,17.62524660144831,314.18749862664083,0
2023-01-04 02:50:00,12.708152705624158,10.488908899211099,20.011218604465327,429.3146598485656,0
2023-01-04 03:00:00,11.700928180488214,17.39161667806171,51.77325595929091,568.3189802603739,1
2023-01-04 03:10:00,12.973138796805204,10.213089352868748,20.27265830002671,382.7717503097047,0
2023-01-04 03:20:00,13.050395587014151,11.2699257472251,33.05038061594824,325.1286962581278,0
2023-01-04 03:30:00,12.94701630548397,9.943666183100895,30.946417267198214,469.2104034961553,0
2023-01-04 03:40:00,11.546996899308432,9.935628098111435,31.667195830164825,569.4020087060742,0
2023-01-04 03:50:00,13.197074074006563,10.170954500696595,25.62389289838706,628.2108391426513,0
2023-01-04 04:00:00,13.363654112097299,9.62188415829525,26.289308086474797,445.2712116794627,0
2023-01-04 04:10:00,12.358937857839265,6.626859513837129,19.031440728778612,573.3215837621593,0
2023-01-04 04:20:00,12.718323456336424,8.463353012606744,29.97891755078745,563.6542038075668,0
2023-01-04 04:30:00,12.15458415993461,10.489549682223396,26.899167275185427,621.8608174334497,0
2023-01-04 04:40:00,11.625810746633924,9.501757993022562,27.836528126461303,464.9808969645998,0
2023-01-04 04:50:00,12.230642367228807,9.688381835636187,33.44155905726441,320.1499504815326,0
2023-01-04 05:00:00,12.329930480268194,9.35329266112257,21.97018508026245,507.01858524227447,0
2023-01-04 05:10:00,12.422574634324091,8.272803214536363,24.36929225061341,398.6206259030277,0
2023-01-04 05:20:00,12.120542954997006,9.013801078047413,26.63335460771084,427.6494890937993,0
2023-01-04 05:30:00,12.23328741659138,9.38633651122281,20.322822972706465,469.87808559468175,0
2023-01-04 05:40:00,12.594496839185796,10.0102862810837,24.0620058936158,466.1072368650857,0
2023-01-04 05:50:00,12.214886508444929,10.786756688939425,27.464749052334845,514.1559266895795,0
2023-01-04 06:00:00,12.871762166275014,9.638899418228522,23.372893643135846,570.3156316419618,0
2023-01-04 06:10:00,12.94083032569872,7.9406894886151616,31.54494704864556,463.2264416724034,0
2023-01-04 06:20:00,13.790193873082245,7.203835920162433,17.445377190915032,539.5697506608004,0
2023-01-04 06:30:00,13.16283996606173,15.194874414750448,30.61385620116671,501.48160099305056,0
2023-01-04 06:40:00,12.721551529164207,7.740369939470874,28.305927374080024,593.5494395878445,0
2023-01-04 06:50:00,12.28986785166616,8.962749997471235,22.155857062217045,481.14081488936836,0
2023-01-04 07:00:00,12.746873675837,11.03400060502787,20.37795715885001,492.10733242254446,0
2023-01-04 07:10:00,12.763297979958178,10.721721219131362,14.598586913787742,462.5599552001093,0
2023-01-04 07:20:00,12.34334345549717,11.041731385123144,21.02412493793083,483.77514600415043,0
2023-01-04 07:30:00,12.991865698376438,9.114565860935649,30.235883275014984,421.6511871654126,0
2023-01-04 07:40:00,11.900950992659062,10.477116141279094,24.71957136860663,411.74027138564867,0
2023-01-04 07:50:00,12.477800082231244,10.122687328481728,30.814904401959208,577.5765385282725,0
2023-01-04 08:00:00,12.877929229658703,9.375737264917426,21.90064464687724,391.67983168153984,0
2023-01-04 08:10:00,12.456207926203952,10.49081948354268,28.535530800532815,468.08819103020966,0
2023-01-04 08:20:00,12.496622798285363,12.110731093501414,21.412506989577892,601.5342786270996,0
2023-01-04 08:30:00,12.531107069403859,9.95559955312935,20.172124968950804,464.72992049963926,0
2023-01-04 08:40:00,12.182199379656128,9.96890569271285,24.46436391414662,582.8740453685575,0
2023-01-04 08:50:00,13.186950465787104,12.13632206975197,21.675167443400017,440.89542792731584,0
2023-01-04 09:00:00,12.090981164038592,11.922720719637626,17.285889254813938,394.8836393649806,0
2023-01-04 09:10:00,12.759079663704942,13.167872881926966,24.088426496415032,340.5174145099179,0
2023-01-04 09:20:00,12.806823949141187,6.487539531040847,25.532177082156444,631.2724069272662,0
2023-01-04 09:30:00,10.857768701299484,15.89537669132199,47.04408895076977,533.6163394437974,1
2023-01-04 09:40:00,12.636552127190372,11.203160090804358,29.6840283856653,574.7186590125093,0
2023-01-04 09:50:00,11.100888361466414,10.627427794996574,45.614957010391,616.9123135885584,1
2023-01-04 10:00:00,13.295521237527971,10.50317583599769,28.601787491967542,631.7383917939821,0
2023-01-04 10:10:00,12.030608531511893,12.102243495515996,26.663063794749874,720.67827246151,0
2023-01-04 10:20:00,12.273051452884017,8.3416821550292,18.85527546764054,331.34699403096636,0
2023-01-04 10:30:00,11.987887495822209,10.885124858045614,25.749360989676372,391.5243565841186,0
2023-01-04 10:40:00,11.921150636566225,11.742707351462034,27.983968886654072,577.3131863803225,0
2023-01-04 10:50:00,13.395607645441146,7.857960874937024,32.28718974685218,551.3042923365815,0
2023-01-04 11:00:00,11.506248360609447,15.310766445735293,46.48859647489772,688.3438071984706,1
2023-01-04 11:10:00,12.670146712850272,10.601936753284821,31.20191717302711,442.62444495956237,0
2023-01-04 11:20:00,12.271711518326539,8.40773698891409,19.840010543173804,698.7534161023368,0
2023-01-04 11:30:00,13.053805905523383,8.241693601812909,23.367911869259526,511.80494666897744,0
2023-01-04 11:40:00,12.187888780316273,9.729910796274451,27.146753568306355,378.30374231564804,0
2023-01-04 11:50:00,12.99681964716505,11.603279433807383,30.80476345371281,474.6851499957055,0
2023-01-04 12:00:00,12.163744361697182,11.28746800238422,24.273856770805402,379.64331037711673,0
2023-01-04 12:10:00,12.277746149062164,8.277174541627316,24.587770204254234,659.0941358554105,0
2023-01-04 12:20:00,12.979141193058961,11.304335770231372,28.435701530014892,433.96687371998837,0
2023-01-04 12:30:00,13.031913672077883,8.328120447666983,19.37064586427438,549.2483484744622,0
2023-01-04 12:40:00,12.89873646694838,6.779660404013131,33.03702274911714,452.932685501782,0
2023-01-04 12:50:00,12.075162942121603,9.265712857905537,20.604319534461574,438.4612690237487,0
2023-01-04 13:00:00,11.83329815861634,16.819711234985895,35.32013233449021,464.0951316340518,1
2023-01-04 13:10:00,12.678449370599257,11.311921104282748,25.050335042612904,559.8174602990567,0
2023-01-04 13:20:00,12.175359519044953,9.996856385253611,33.492293511877826,629.9181252629184,0
2023-01-04 13:30:00,13.285481380064645,9.166589032817885,27.93226565166805,408.4032418634848,0
2023-01-04 13:40:00,11.399026528024727,9.220475727767138,28.755452715018166,345.4770885001329,0
2023-01-04 13:50:00,12.210630242315423,10.217569811721592,25.206928811535573,580.3316042737829,0
2023-01-04 14:00:00,12.345216748565084,7.8631250283083425,24.238112513644115,335.3758650893749,0
2023-01-04 14:10:00,11.178028167614116,9.303785309597405,17.275453152034423,621.9532935948259,0
2023-01-04 14:20:00,11.901885434881905,9.568861077280463,13.70306871047907,409.560487704538,0
2023-01-04 14:30:00,12.912644756271034,7.2978510830970045,25.981361692204317,389.6707257175374,0
2023-01-04 14:40:00,12.61514181827648,8.32310349820485,31.56274597170113,524.8462421131292,0
2023-01-04 14:50:00,13.38656801102145,10.821013582972762,26.720668524140326,396.1860714988562,0
2023-01-04 15:00:00,13.372613222942409,10.019023679881988,28.117997635260068,429.2888918706791,0
2023-01-04 15:10:00,12.816523189301973,9.382476417613233,32.9185877281977,535.3981932671006,0
2023-01-04 15:20:00,12.756619124500356,8.177145124924072,26.64383425720529,257.0887662833354,0
2023-01-04 15:30:00,12.63296555428945,13.153699651178433,24.386724498461902,664.2419245928322,0
2023-01-04 15:40:00,11.272458991060255,8.324041570641363,20.907375971749673,504.3640132465738,0
2023-01-04 15:50:00,11.902720243336962,10.503185614523474,35.11106281486043,370.7033987596472,0
2023-01-04 16:00:00,11.754970329851528,14.637286236791997,46.42313326010695,563.2847158884172,1
2023-01-04 16:10:00,12.908012854373835,10.07255858527667,20.281991420403344,599.1646378260803,0
2023-01-04 16:20:00,12.74483490606907,10.915219483880744,19.144161660993817,560.1052935074104,0
2023-01-04 16:30:00,12.153767516142171,7.259486821584228,31.265318634644565,638.6780657285211,0
2023-01-04 16:40:00,13.068703141234748,9.986767511693024,19.812791517958374,431.7257155195765,0
2023-01-04 16:50:00,13.341222014377317,12.381457297959692,34.2691707875111,529.6583837150803,0
2023-01-04 17:00:00,13.068994800145669,13.523003786984006,11.217686014546445,542.6567911783677,0
2023-01-04 17:10:00,13.094799664795236,9.739972053489739,32.112975988949884,569.5267500252237,0
2023-01-04 17:20:00,12.320387101022394,10.083362414433818,27.434474055809822,612.7281123432069,0
2023-01-04 17:30:00,13.1379670613504,14.422666057203067,25.592972115284372,428.27360941556526,0
2023-01-04 17:40:00,12.672879319663828,12.269848563198396,24.122707824791185,488.5829732239519,0
2023-01-04 17:50:00,12.855777764261003,8.765430861489563,34.453649242970144,438.9850254419855,0
2023-01-04 18:00:00,12.782715921412354,8.762033098227754,28.535294292006018,494.73881266436246,0
2023-01-04 18:10:00,12.539256447279794,11.913098923574537,20.483981955522744,569.8432782062976,0
2023-01-04 18:20:00,11.19154270529416,11.189037339534178,27.021998563166218,521.7881546616381,1
2023-01-04 18:30:00,12.558931668222977,12.175453502677707,25.88648606573654,610.9371569459286,0
2023-01-04 18:40:00,13.093380808741411,10.668599927502017,24.99464433231293,386.08178757362504,0
2023-01-04 18:50:00,12.180924312684951,17.008862588705142,46.00912287379816,654.8914576189665,1
2023-01-04 19:00:00,13.046673631304072,9.486532393039893,24.72303237258832,624.3941924966125,0
2023-01-04 19:10:00,12.968535335308836,8.74035039150718,22.130326834629,532.8009717983405,0
2023-01-04 19:20:00,12.450531301490084,12.92398566173664,25.046450341533472,533.952994826366,0
2023-01-04 19:30:00,13.294400051809788,9.50652543889305,28.62961805824201,381.9373954704889,0
2023-01-04 19:40:00,12.422226664404647,9.178129846852276,32.463049737320176,395.59140641761593,0
2023-01-04 19:50:00,13.354773431306315,9.839725864240382,29.544445181846434,594.1256396668919,0
2023-01-04 20:00:00,12.817063490770487,10.386044265435885,21.392796250848974,441.08564545156105,0
2023-01-04 20:10:00,12.592067040773243,7.938349746561103,26.844575644145973,450.50881267001506,0
2023-01-04 20:20:00,12.156099309831173,8.870257011586176,25.31553560746012,596.3951251054712,0
2023-01-04 20:30:00,12.555869884932479,8.763935852187885,18.339355226845495,395.0086454630473,0
2023-01-04 20:40:00,12.498120243252789,11.690560609213696,26.99116392346136,526.9235132886258,0
2023-01-04 20:50:00,11.970851807374547,8.228074864000222,34.283361689588574,504.29073261676916,0
2023-01-04 21:00:00,12.491192288641166,6.488464284483893,25.16213302093502,499.73142741367576,0
2023-01-04 21:10:00,12.198098409951458,6.065810874187692,17.029086601372995,448.15643681224964,0
2023-01-04 21:20:00,12.892995884489391,7.0592397306485655,25.151343355543094,442.0144818536672,0
2023-01-04 21:30:00,13.253140237864102,12.723076405696222,18.931439005133747,392.16358362051346,0
2023-01-04 21:40:00,11.986542161852379,10.032413198968102,29.318027534431437,548.2665026041307,0
2023-01-04 21:50:00,13.456153864183461,11.002498173614406,27.624324958625643,433.1850808483264,0
2023-01-04 22:00:00,12.535724482807435,11.072975454242659,24.145449732626282,596.8744621167251,0
2023-01-04 22:10:00,11.438275127604303,12.478171443274684,41.973948726292214,663.0884744825934,1
2023-01-04 22:20:00,12.978877390104092,9.850437406697383,23.938828491922266,394.1549510578962,0
2023-01-04 22:30:00,11.620852537180111,15.433590080243114,45.90489455459637,717.4839876471735,1
2023-01-04 22:40:00,12.559131661984253,10.29199182862528,21.138824893292288,458.91428008635256,0
2023-01-04 22:50:00,12.39786087789396,12.798194958526828,18.061234594992815,600.9103411728053,0
2023-01-04 23:00:00,12.19163103406755,11.241659890579733,30.69349473347324,463.09998107484677,0
2023-01-04 23:10:00,12.961998516200952,8.764407453037943,23.07299511751521,472.3789618799674,0
2023-01-04 23:20:00,12.456849298552907,9.005731952260128,25.835215520845722,641.1546705492435,0
2023-01-04 23:30:00,10.597212305463373,13.059241924916886,52.64915470965276,737.5655388738081,1
2023-01-04 23:40:00,12.875530062107966,12.435096043901432,26.61010239827607,666.2706016003497,0
2023-01-04 23:50:00,11.997208824488123,9.189898094108894,19.13091001450788,625.9045004063905,0
2023-01-05 00:00:00,12.02336991366237,8.403054406400734,16.620799177240762,411.2837411637145,0
2023-01-05 00:10:00,13.196303102488658,10.639556082253641,22.05653737654004,598.9950854400108,0
2023-01-05 00:20:00,12.001830050394894,9.805665787254993,26.978557662084768,652.5303292074591,0
2023-01-05 00:30:00,10.653830575430636,19.072773855069755,29.635389315022408,834.0498066287803,1
2023-01-05 00:40:00,12.911430742480748,13.779627807787687,23.225393231503833,598.8095983576687,0
2023-01-05 00:50:00,12.448068285259435,11.82614161185772,35.63648706874784,596.7522994909176,0
2023-01-05 01:00:00,12.491172439430942,10.054021108603813,15.772880575977322,469.733895632445,0
2023-01-05 01:10:00,12.442749803324899,7.183153231587983,21.224830020447506,416.26179156504253,0
2023-01-05 01:20:00,12.715834969509363,9.00007500558273,34.483020342869644,464.7782681102543,0
2023-01-05 01:30:00,12.223640379048465,11.422092205090607,24.777006640023885,333.5210998567237,0
2023-01-05 01:40:00,13.338057437282881,7.6579179206763675,21.47007417250545,634.2795315421705,0
2023-01-05 01:50:00,11.861884759845301,14.281940592660707,30.8438445850556,471.6707040582288,0
2023-01-05 02:00:00,12.82243745833856,10.028833125271097,25.276152182405557,629.133072906496,0
2023-01-05 02:10:00,12.921060501938292,10.09769678641897,23.25845802477997,376.85004227784003,0
2023-01-05 02:20:00,12.22017411958331,8.666709614084045,25.961844635187557,608.262492100221,0
2023-01-05 02:30:00,12.088132777361091,10.993475513551436,21.70945595308617,450.51193418206805,0
2023-01-05 02:40:00,13.108587107085079,7.6839963869555366,19.91254468555961,371.5630591690826,0
2023-01-05 02:50:00,12.104569622991642,14.329785178202915,24.43201536182626,662.7118052159758,0
2023-01-05 03:00:00,12.296668029624716,12.634702609304023,19.945015199619966,610.7311669340775,0
2023-01-05 03:10:00,13.043654481229872,11.968592890394092,25.0534665589824,521.1792420185784,0
2023-01-05 03:20:00,12.617370616769511,7.219141988420381,26.772032837371693,503.3937885134963,0
2023-01-05 03:30:00,11.701428166185448,10.410826540915501,29.265302280258055,543.9510018819118,0
2023-01-05 03:40:00,13.473529572276757,12.41817279602801,30.639624927584137,519.4628577917412,0
2023-01-05 03:50:00,12.334994620610017,11.186210798715479,22.971317491838743,420.77240458285286,0
2023-01-05 04:00:00,12.39862135504679,7.99578179073245,27.497073039695348,458.7947730215078,0
2023-01-05 04:10:00,12.727892126163182,8.699812489382689,27.462617231031782,696.0717832038703,0
2023-01-05 04:20:00,12.912538398502036,9.096127723988019,26.63909357907992,767.2156742628014,0
2023-01-05 04:30:00,13.580552145645733,8.793124331022785,22.602702945247707,656.2668505230683,0
2023-01-05 04:40:00,11.769965925297152,13.057557671420614,19.859660937679447,547.8223940162624,0
2023-01-05 04:50:00,13.012976104462972,6.157973722353487,27.5100094453328,466.2250967298065,0
2023-01-05 05:00:00,12.971504847025038,11.311838279317673,16.46568718903475,420.1814106103034,0
2023-01-05 05:10:00,12.531417544562942,7.415393250143097,23.660802837158442,426.77175895697974,0
2023-01-05 05:20:00,12.99363684740811,8.077497025097864,12.231844921757009,444.67323413132397,0
2023-01-05 05:30:00,13.067137008818273,5.980533266262565,18.317987883208684,715.1164041425769,0
2023-01-05 05:40:00,11.909018607506498,8.901891137682268,20.614330307762877,680.6282296382599,0
2023-01-05 05:50:00,13.474883252940415,13.021463303078427,30.48362103814642,574.6278389935394,0
2023-01-05 06:00:00,11.820618873430929,10.529648484929556,28.440540122021346,403.9386823587174,0
2023-01-05 06:10:00,12.032341859380614,7.603276906001806,22.230326580788788,589.3055926711037,0
2023-01-05 06:20:00,12.469106163187952,12.034295348758626,28.646848975648755,476.1382971489395,0
2023-01-05 06:30:00,13.562470256593528,12.462608527137371,29.438114816901983,284.69905613558785,0
2023-01-05 06:40:00,12.445871685123306,10.20809296207817,24.196675758126393,528.710063740126,0
2023-01-05 06:50:00,12.584033054974594,14.06949831630518,18.07810927893155,415.8086959165945,0
2023-01-05 07:00:00,13.316039301952282,11.643128249249228,23.96043844966943,419.1946570909963,0
2023-01-05 07:10:00,12.449840928717263,11.365305014585177,24.510537974139318,474.95920064319927,0
2023-01-05 07:20:00,12.010781643534662,8.39324258566742,18.83772804584887,450.1677027057587,0
2023-01-05 07:30:00,11.636806278572635,17.82444770833967,44.27676460509127,629.1157128824234,1
2023-01-05 07:40:00,13.285395916902889,10.433582555208986,26.399059271511778,491.7669449982795,0
2023-01-05 07:50:00,12.635432498527567,11.039658005342053,27.225213499470932,312.41909071523685,0
2023-01-05 08:00:00,13.565329129528129,8.63082876171734,26.394615485837218,652.0277988882833,0
2023-01-05 08:10:00,11.72372172893422,17.410582777253552,46.71362880767589,652.8796378044233,1
2023-01-05 08:20:00,12.277595531803257,8.366276999570085,24.103359860634843,404.7601614869527,0
2023-01-05 08:30:00,12.625538152232538,5.705735800067936,26.00892553685477,467.14467482097024,0
2023-01-05 08:40:00,12.17339094092906,11.996609137156767,23.01129857877234,489.1665152630706,0
2023-01-05 08:50:00,12.265783484675614,6.995222036620966,22.077503921890248,645.8979816831838,0
2023-01-05 09:00:00,14.839542125512878,10.214372929564831,31.691248153810378,526.9423452054901,0
2023-01-05 09:10:00,13.109312255016905,10.666004258898079,14.781156492367518,556.6465484109534,0
2023-01-05 09:20:00,13.030548994503336,10.65312603172611,29.383799945771322,527.4536187583282,0
2023-01-05 09:30:00,12.288409842345967,9.4338418528035,21.897295622771697,523.1461582498773,0
2023-01-05 09:40:00,13.384792033140538,10.542422950559947,21.249809111784394,530.9729503087009,0
2023-01-05 09:50:00,13.149707800896469,10.941934139570325,26.307887420327035,306.72658574310617,0
2023-01-05 10:00:00,13.540810644678885,11.46992963150397,17.551951938244986,475.0081515160471,0
2023-01-05 10:10:00,13.516557074199223,13.466882678768526,20.919884640268986,616.2261110571158,0
2023-01-05 10:20:00,11.860455355951238,10.468388302996411,20.754301767435038,894.2331010806686,0
2023-01-05 10:30:00,12.045080255365047,10.128097690035403,23.893008709074525,379.569106746049,0
2023-01-05 10:40:00,12.098106092268182,8.186542069299811,20.979311559196557,542.3079960324353,0
2023-01-05 10:50:00,12.128029678333782,10.871892647798674,33.00559342819635,442.8953422125658,0
2023-01-05 11:00:00,12.761726182130195,11.334766206281138,33.98508258248977,704.7651903896849,0
2023-01-05 11:10:00,12.31659827395209,9.615393631436746,14.890032386259684,364.6217239208519,0
2023-01-05 11:20:00,13.636299270381258,11.089225008368075,27.72161352382868,562.4939490315879,0
2023-01-05 11:30:00,13.552339941040819,9.414967612901316,29.29331719538787,359.27889004958104,0
2023-01-05 11:40:00,12.59676920296048,11.341985304177848,27.714926011955527,468.14333319391676,0
2023-01-05 11:50:00,13.577663108074894,11.825204628059486,21.709432534541527,496.5686669250191,0
2023-01-05 12:00:00,13.344067313620101,11.797255733460972,23.77952218920729,606.9691681739607,0
2023-01-05 12:10:00,12.37464672041137,10.235688652282601,21.258626726111522,392.2833173841472,0
2023-01-05 12:20:00,11.595392327987218,7.920063696765897,22.89867984420586,566.3383048847386,0
2023-01-05 12:30:00,12.491015807519634,8.776173894716358,18.95017485666412,501.87777233879467,0
2023-01-05 12:40:00,12.277688934460762,11.190314647769457,24.42605589182725,527.279338628598,0
2023-01-05 12:50:00,12.703252812572915,14.897624611480454,17.485991443474653,595.8332714685141,0
2023-01-05 13:00:00,12.644614143437375,9.318558456935836,23.99932722885931,371.7443306994712,0
2023-01-05 13:10:00,12.11688202318663,18.745829423462567,37.075541327247954,747.4846216174849,1
2023-01-05 13:20:00,12.861842370689581,8.887894885041193,26.03408180895702,443.10951469105754,0
2023-01-05 13:30:00,11.99373902645816,8.0520659115018,21.602902195285548,609.5873454976826,0
2023-01-05 13:40:00,12.805680138784853,8.647368272845275,26.452901739372688,533.455763453788,0
2023-01-05 13:50:00,12.380191923491497,5.835056046594657,30.40790364182391,479.0471618482945,0
2023-01-05 14:00:00,12.699991099931843,12.706870125815502,32.94723468052354,440.9974030909179,0
2023-01-05 14:10:00,13.078704922616094,5.539739494170773,12.359977054897548,582.3294994355331,0
2023-01-05 14:20:00,11.609173333622556,21.678007810820482,39.96159657706132,771.743652148029,1
2023-01-05 14:30:00,12.459353173665216,7.643744209299891,23.48456961443993,446.71484591398155,0
2023-01-05 14:40:00,12.540732882985568,8.23123956927559,27.301639091907415,386.6993434218603,0
2023-01-05 14:50:00,12.34286551421468,12.753045319477335,16.748227479227353,569.4211042945226,0
2023-01-05 15:00:00,13.049914748066477,10.402133980062784,20.08953796599892,355.14690579663,0
2023-01-05 15:10:00,12.239805820599765,8.069207681636598,25.651786013285548,369.4487562417028,0
2023-01-05 15:20:00,12.32229980027883,8.820965735006979,25.424441207633336,393.7299724472101,0
2023-01-05 15:30:00,12.245040433523968,8.46903755911583,26.888092032100467,458.454951696125,0
2023-01-05 15:40:00,13.146027705719401,9.912908655842239,27.21837863444058,366.3668110784555,0
2023-01-05 15:50:00,12.353777943793892,10.345783369575384,26.692972165579313,306.1200090618422,0
2023-01-05 16:00:00,12.830022695441778,13.79114954645712,25.968276583157465,386.45558056628767,0
2023-01-05 16:10:00,13.587852550615036,6.167398468004587,25.27869886663184,564.2474446572619,0
2023-01-05 16:20:00,12.562590789824707,9.930375370484095,28.323815448621815,372.8455927873233,0
2023-01-05 16:30:00,13.156030340016578,9.368864614930956,13.803386667178874,465.973032204583,0
2023-01-05 16:40:00,12.544154732067367,16.97627519055043,59.957341427080394,905.3243749800047,1
2023-01-05 16:50:00,13.113595780020207,10.709636236356786,13.97758974559838,495.08258699729095,0
2023-01-05 17:00:00,12.025911372434635,19.0215262624896,42.97148529411365,695.9060358538061,1
2023-01-05 17:10:00,12.921053879499306,10.690172372030165,23.866196016749278,405.3959981748447,0
2023-01-05 17:20:00,11.956310703432328,8.13601774943292,28.363064455449212,716.3474853700142,0
2023-01-05 17:30:00,12.209978420925024,12.422530992986026,10.023665546001919,445.87055108615715,0
2023-01-05 17:40:00,12.29766240918404,11.597009809231338,24.859378380290828,477.1895315548483,0
2023-01-05 17:50:00,13.720306060087141,11.831059583449486,28.961975197078672,631.7058677967365,0
2023-01-05 18:00:00,12.193707742872366,12.52810034101433,29.972590580142384,481.8265755146381,0
2023-01-05 18:10:00,12.186261624369084,10.83535020130392,21.513351707512705,504.7888782675215,0
2023-01-05 18:20:00,12.078039509875508,12.961984808234986,23.49582356522484,471.83116792108706,0
2023-01-05 18:30:00,12.87990588096538,10.755279143573283,21.91925935553686,472.51676219427725,0
2023-01-05 18:40:00,12.67131069633444,9.561882823950782,23.036626732369577,537.0502010828092,0
2023-01-05 18:50:00,13.143379488513283,9.986792179033271,19.840867246357824,555.2943189198105,0
2023-01-05 19:00:00,12.935629833038677,9.952312463727766,20.553739187645412,435.6751568787433,0
2023-01-05 19:10:00,11.909805076637966,8.961217355818913,27.171884610141838,423.39195438530703,0
2023-01-05 19:20:00,12.196361114994815,13.26377769674044,25.658076866363707,439.08639111424367,0
2023-01-05 19:30:00,13.28266437413791,10.592590731007336,27.457932537952367,359.8745985800232,0
2023-01-05 19:40:00,11.921254666109492,17.214747460469695,50.86024829164833,514.6593371583556,1
2023-01-05 19:50:00,13.193795909009006,10.776548509852867,28.52169300573798,529.7167147224908,0
2023-01-05 20:00:00,12.52515952604234,15.959709033474294,29.391069990774973,593.8595803175112,0
2023-01-05 20:10:00,12.11617178585574,7.736551622800681,16.291416900669482,587.1045293145218,0
2023-01-05 20:20:00,11.27633947366025,15.301987983182501,40.9640531069828,474.7238814022876,1
2023-01-05 20:30:00,12.115975102225152,7.238857965106007,23.843120212549806,475.49349129567395,0
2023-01-05 20:40:00,12.317223618798788,9.534801523129028,24.886612372563295,389.79080444074407,0
2023-01-05 20:50:00,12.700462853282623,10.49103688665472,21.64954713090983,514.3737437820857,0
2023-01-05 21:00:00,11.593010393810737,17.61783419939821,42.56325312421402,641.893516930084,1
2023-01-05 21:10:00,10.568245073617213,13.081920341727507,44.50125666572296,874.7716593894905,1
2023-01-05 21:20:00,12.59131599624545,10.284809733256264,25.93080977790867,498.08469095986584,0
2023-01-05 21:30:00,12.306692132220123,8.995784350340605,25.421705160991056,310.3998105082111,0
2023-01-05 21:40:00,12.275792595520594,10.620351654365676,29.247281275521654,403.29141272004597,0
2023-01-05 21:50:00,12.666342309566538,12.228468693485208,15.67080122398282,500.57851148266536,0
2023-01-05 22:00:00,12.324774063655394,11.354060939601613,25.14234470219205,509.0110429231086,0
2023-01-05 22:10:00,13.291068997423336,11.762026694330405,29.895179127337585,359.4323192295998,0
2023-01-05 22:20:00,13.194030938125529,12.17183682301344,21.784230013994442,346.3540296453878,0
2023-01-05 22:30:00,13.19091414697102,10.565656320237405,18.867197100490174,505.62453375731786,0
2023-01-05 22:40:00,12.352544902254849,9.682717947913797,24.070971949501107,359.63326939494726,0
2023-01-05 22:50:00,12.118750582540338,8.45549385823361,24.6965728339904,333.1370573499214,0
2023-01-05 23:00:00,12.641014964694058,9.217643672728558,20.45673859042271,455.48594873686585,0
2023-01-05 23:10:00,12.524825816856866,8.952628934646212,35.480806380254755,451.1553908661349,0
2023-01-05 23:20:00,12.295588418788316,11.463344653241823,22.606518094960272,412.15995226606987,0
2023-01-05 23:30:00,12.012132776666519,10.693565109188393,19.231703242867155,429.6263043275037,0
2023-01-05 23:40:00,12.579241015365964,11.393515725428603,24.531893404646944,501.38357232223944,0
2023-01-05 23:50:00,12.397965274873762,7.679326287799697,29.539303188522457,427.9837096320181,0
2023-01-06 00:00:00,12.94417351851901,12.863498968482158,25.087071244991154,507.0697021664839,0
2023-01-06 00:10:00,12.93255302576074,9.146039256986475,27.42796960022001,461.95314638826653,0
2023-01-06 00:20:00,13.150399902711358,7.799966715850674,20.642447028334214,516.7650155386656,0
2023-01-06 00:30:00,11.970352224059981,9.121564470356375,32.438442232017564,587.8205565436645,0
2023-01-06 00:40:00,12.800529153846815,14.967531985175016,27.808555139592215,583.9247845390595,0
2023-01-06 00:50:00,12.236267146883163,9.224566267016865,30.23850784438805,628.8210471066084,0
2023-01-06 01:00:00,11.989792894594457,9.349807057058149,26.82580316237585,583.814689689716,0
2023-01-06 01:10:00,11.053065883433476,13.618420590867888,41.47738157248577,720.1143259882206,1
2023-01-06 01:20:00,13.13435249006731,9.702759233137089,20.634737201613863,456.65683623598557,0
2023-01-06 01:30:00,12.413840823214757,8.437047868397492,22.542947916552187,461.2239077183776,0
2023-01-06 01:40:00,13.382727329979556,10.28642616641226,31.73240297778015,412.22226935641896,0
2023-01-06 01:50:00,12.874439257760166,12.151189816396661,32.798709736419816,500.4529291051558,0
2023-01-06 02:00:00,12.402954760509711,10.628578630957414,19.264672001404616,569.7387478711935,0
2023-01-06 02:10:00,13.180024214453203,7.777669402200029,26.248680339319062,427.4332397116979,0
2023-01-06 02:20:00,12.822698386057143,9.311308190132584,22.845280997573862,496.2782141336226,0
2023-01-06 02:30:00,12.133720305776647,8.89694519979674,21.51484265317569,432.26377712782306,0
2023-01-06 02:40:00,13.529401317790256,10.105878936469603,26.42419847677725,520.9354330187615,0
2023-01-06 02:50:00,12.729739411543237,12.660903343124634,30.70481466182704,445.061661605005,0
2023-01-06 03:00:00,12.609398095992745,9.702234407958233,27.25831236642097,426.0489428705947,0
2023-01-06 03:10:00,12.172233665047191,9.823690262259218,23.402437750404825,432.00333050679745,0
2023-01-06 03:20:00,13.18976913380387,13.55528963763886,27.5743058996758,550.3328773845567,0
2023-01-06 03:30:00,12.858637713680652,11.75241198334332,23.200119132095494,490.3250594669645,0
2023-01-06 03:40:00,12.914619090147621,11.14816256421307,27.06057150365301,457.1578269999964,0
2023-01-06 03:50:00,12.346234328237115,13.916263230603551,31.982328502278666,526.140450254721,0
2023-01-06 04:00:00,11.644709989950593,16.61915353655175,36.413030224325965,689.4402891971961,1
2023-01-06 04:10:00,13.0559067967854,6.026945716044955,28.986261492700166,612.6517893685703,0
2023-01-06 04:20:00,12.265610880609438,11.665331515760721,17.30472539214766,402.6133846306743,0
2023-01-06 04:30:00,11.891504930159504,6.815983085762699,31.141638552722306,481.30284871827183,0
2023-01-06 04:40:00,12.89068652966946,10.904010737164896,21.8148719506357,359.5234778332999,0
2023-01-06 04:50:00,11.81332652519713,6.57251285174152,18.911643111967578,465.3125608109906,0
2023-01-06 05:00:00,12.676007888918889,9.066289179200162,28.476346135443737,332.036450229337,0
2023-01-06 05:10:00,12.376377447606346,9.272430940780257,26.820850315712054,574.6316522559126,0
2023-01-06 05:20:00,13.20933260539446,8.459761785536493,20.00406548519171,576.6503767005579,0
2023-01-06 05:30:00,12.042155117264475,13.936896461773827,38.89384977764621,681.3323149978004,1
2023-01-06 05:40:00,13.153636486001902,12.065123440721106,24.06259256254359,502.8872480174468,0
2023-01-06 05:50:00,12.342895277818487,8.572094175680894,18.979565249144017,412.0129595289908,0
2023-01-06 06:00:00,13.099995502529804,11.090281759021082,19.692635135381863,419.965936796405,0
2023-01-06 06:10:00,13.630170771918415,8.0687007207854,25.578103952107167,653.0172055220521,0
2023-01-06 06:20:00,12.06597643081688,9.621000847215742,20.170641828724516,643.5677103799796,0
2023-01-06 06:30:00,11.610894272886615,16.284680238651248,46.08187821235268,669.2230590993406,1
2023-01-06 06:40:00,13.974391207955032,8.00694316676288,32.450717979417384,448.43659659196726,0
2023-01-06 06:50:00,12.63329441345146,7.3765591341786205,24.25722292549709,636.8623422698511,0
2023-01-06 07:00:00,12.630894135114824,10.983756301157776,25.650755309927924,430.549683861519,0
2023-01-06 07:10:00,12.99424947367551,12.246160798681277,35.090483664177434,522.8849208095908,0
2023-01-06 07:20:00,12.620540432047378,9.841869961025255,19.061994413113265,635.1957305398458,0
2023-01-06 07:30:00,11.746387002714723,9.085374186886591,30.956175975903708,416.3661500335372,0
2023-01-06 07:40:00,13.166143687419469,10.311350775376773,30.354287989562412,582.9223585637112,0
2023-01-06 07:50:00,11.598525793067402,10.11095983753076,29.271586695868915,552.056079584387,0
2023-01-06 08:00:00,12.391604174430828,10.485805081422503,31.458739253663154,496.0483457768439,0
2023-01-06 08:10:00,12.36259533444919,13.069007369478594,44.55999029609241,546.3109553408528,1
2023-01-06 08:20:00,12.421728785678606,7.861791417668074,22.085352522003664,427.55602398967244,0
2023-01-06 08:30:00,12.253151753767797,8.309539789126292,30.472866456102835,528.9451072850659,0
2023-01-06 08:40:00,13.03963195258328,10.301735257023125,30.664211058564476,357.66632051186133,0
2023-01-06 08:50:00,12.174442606582806,10.371755767244533,30.52656950746644,513.0743859018249,0
2023-01-06 09:00:00,11.988887140204023,11.272360977368072,25.222510411596183,554.1050984061663,0
2023-01-06 09:10:00,11.961484267543772,14.558870053008317,51.477635309147104,750.8030311157786,1
2023-01-06 09:20:00,12.508538350793705,7.398529859225329,25.956811270558056,360.16429255397776,0
2023-01-06 09:30:00,11.97816344290558,12.89400923517012,29.71115008783918,631.6247297161274,0
2023-01-06 09:40:00,12.918476269997434,12.543836606844732,30.121758949299828,669.5363494179935,0
2023-01-06 09:50:00,12.832243802788616,7.483605419946148,22.851619364627027,541.0151567713594,0
2023-01-06 10:00:00,12.420122491697184,10.665410588748365,26.57686448063695,396.19514185753394,0
2023-01-06 10:10:00,12.454333996937526,8.809151229513969,18.45610847757022,467.1890711639759,0
2023-01-06 10:20:00,12.835196371004578,10.277727978401096,29.924750515029256,495.2402754881493,0
2023-01-06 10:30:00,13.195180709876032,12.10662055928374,21.08345621637468,527.0463508730556,0
2023-01-06 10:40:00,12.458603394945337,14.260208532641919,28.92627679785774,502.19815526436025,0
2023-01-06 10:50:00,12.927344246504072,11.50255541028522,19.253477113049193,528.1165142894617,0
2023-01-06 11:00:00,12.882600108542299,10.589869470220272,30.157079532170037,490.9253242660877,0
2023-01-06 11:10:00,13.039653646354488,9.320357663383406,26.60917595011385,526.5107094512243,0
2023-01-06 11:20:00,12.619654599371732,10.364269742022353,21.09321152191527,453.9476578838686,0
2023-01-06 11:30:00,12.143837242966821,12.719543786656628,28.456781905402625,466.1813283017531,0
2023-01-06 11:40:00,11.200626033737404,14.301224561293367,37.933673586090976,663.1743826441834,1
2023-01-06 11:50:00,12.771426732890824,8.2277746973047,28.747775187225642,691.7259534504071,0
2023-01-06 12:00:00,13.509232189190795,6.760620268966747,23.62944262309639,646.3900786174322,0
2023-01-06 12:10:00,12.35799018840186,11.026095734820501,16.394764371851686,555.5294190013616,0
2023-01-06 12:20:00,13.0023937217637,10.494576251255479,20.087918797595314,632.5308997267739,0
2023-01-06 12:30:00,12.43597177466162,8.708183653475407,22.847926456563577,579.8461338977883,0
2023-01-06 12:40:00,12.655234377943067,12.052028251414596,31.840945118742887,518.1271159514055,0
2023-01-06 12:50:00,13.357698374631795,9.15644627122474,29.505718152646125,349.44286589803164,0
2023-01-06 13:00:00,12.501234934678942,15.079333823403562,57.75840434219101,725.5618613763565,1
2023-01-06 13:10:00,11.979350363629521,9.966671733404112,33.26817608014929,466.49621079816484,0
2023-01-06 13:20:00,12.313762488094204,9.298094515723824,22.326245977045424,386.69248269078435,0
2023-01-06 13:30:00,13.228110672220678,10.471730131499141,24.057565701205853,351.3837725393384,0
2023-01-06 13:40:00,12.670939021314247,12.303030291866001,22.94360037834731,549.2719346567026,0
2023-01-06 13:50:00,12.025579940192069,7.715036203763154,21.642446973494618,532.4504322370813,0
2023-01-06 14:00:00,12.190523777513139,10.977040276948017,15.792526453317707,383.2603019932388,0
2023-01-06 14:10:00,12.951746761355585,10.344317339212882,24.92626140991579,425.41214935638106,0
2023-01-06 14:20:00,13.097205140608814,10.307527659089413,18.572172031444445,616.1222273154164,0
2023-01-06 14:30:00,12.608927650741087,11.74368913974818,24.829140592328365,412.2303486483439,0
2023-01-06 14:40:00,13.837656900468051,10.098594850434317,35.57885404781492,517.0798903933802,0
2023-01-06 14:50:00,13.012076181727819,10.960458523811406,22.453274518346458,481.02217004320187,0
2023-01-06 15:00:00,12.47825946518355,11.431729259142294,25.973870028140336,550.6363471062062,0
2023-01-06 15:10:00,12.192146975950328,8.991269599238787,29.533241929046415,414.389234734357,0
2023-01-06 15:20:00,12.11255784768048,10.598366921627596,26.401456459829536,509.0083477540107,0
2023-01-06 15:30:00,12.293043242001879,14.041787933528397,46.47198561981645,734.1037829663132,1
2023-01-06 15:40:00,12.355611477543297,9.734636440560209,23.1879878315596,523.018080622922,0
2023-01-06 15:50:00,13.436871876991711,9.355877207043337,23.840610124693836,507.90738579626134,0
2023-01-06 16:00:00,13.33315590145893,10.942160808193773,20.19994738906086,534.460932059411,0
2023-01-06 16:10:00,12.916533273748612,10.163289418036507,29.23022504444704,719.1770332050811,0
2023-01-06 16:20:00,12.010501913521551,10.78908806863335,16.29254171692952,756.1297776771106,0
2023-01-06 16:30:00,12.263890563723796,9.964965274208502,29.85544169191101,436.0783859213278,0
2023-01-06 16:40:00,13.227838762870551,6.79175797505935,17.981508076273787,268.17570196475015,0
2023-01-06 16:50:00,12.318466900102448,10.062736832199416,29.813036370383262,559.5495300721974,0
2023-01-06 17:00:00,13.161070866959761,10.127075910313634,23.230912368939094,518.6252459901266,0
2023-01-06 17:10:00,12.83730196151738,10.48519187430692,18.840656559334597,606.1041859183581,0
2023-01-06 17:20:00,12.625858942406593,8.812541612628516,27.89649322539818,528.4885899715317,0
2023-01-06 17:30:00,12.24858359353228,7.609060566668976,29.643837675378876,505.8603939525719,0
2023-01-06 17:40:00,12.552878078237624,11.249213289788557,22.809606759482314,612.8906595877223,0
2023-01-06 17:50:00,12.694823977437448,9.452786886931662,28.603052743394667,626.8780588413842,0
2023-01-06 18:00:00,13.116269449150561,10.342488095369992,13.574577526653249,361.3439941219002,0
2023-01-06 18:10:00,12.157132199683122,9.437079840223408,18.397018551267,418.33938128604166,0
2023-01-06 18:20:00,12.468591578736943,9.98787634845281,31.462044652343643,489.4407040711322,0
2023-01-06 18:30:00,12.622411565966143,9.101429304128384,23.88165362901042,509.84376239245836,0
2023-01-06 18:40:00,12.931339178843082,8.063832821692344,15.688933367755762,477.40167966477514,0
2023-01-06 18:50:00,12.145767831238611,10.947463321537315,21.505669097790033,543.4207177861886,0
2023-01-06 19:00:00,11.941715103556392,8.79375982354776,20.382997637374597,599.6104789317101,0
2023-01-06 19:10:00,12.936982575855025,10.327902961789622,24.170191342635377,672.2709710720728,0
2023-01-06 19:20:00,11.841025442526648,10.820920443804155,23.146245080961762,557.89130237729,0
2023-01-06 19:30:00,13.242489857381084,8.826374568793836,25.894658644690804,414.76663215468903,0
2023-01-06 19:40:00,12.522036951258546,7.59222873125403,24.652669741937128,485.26237748021816,0
2023-01-06 19:50:00,11.826234458862777,14.852171227706105,31.798696275185094,492.4647758740443,0
2023-01-06 20:00:00,12.359789890298252,8.944456248109148,27.122742998598344,551.4640239981159,0
2023-01-06 20:10:00,12.789561816534619,11.246834317202318,27.28835805596793,538.8168033433942,0
2023-01-06 20:20:00,11.143577632997996,15.050915443113274,50.521088060542624,893.7074339328356,1
2023-01-06 20:30:00,11.463679069158905,15.419560208309907,48.93934399093581,622.3059345388882,1
2023-01-06 20:40:00,12.970039182852643,9.399114382344896,18.690612783207573,538.4750533766803,0
2023-01-06 20:50:00,12.49890483230619,9.865767224929778,31.034851623161245,735.4711397744092,0
2023-01-06 21:00:00,12.131471161766934,8.334785560522302,25.679208740540563,441.47931030963986,0
2023-01-06 21:10:00,11.409488204552625,18.13813933839049,53.00940795295186,770.194857176361,1
2023-01-06 21:20:00,13.30742006822963,11.132541416117377,21.83335039234882,405.51194988759846,0
2023-01-06 21:30:00,13.442532172666592,8.971148363476514,21.915723334482113,508.20868996274316,0
2023-01-06 21:40:00,11.590036913028863,7.9156503858031115,29.23361169385422,421.97828518623584,0
2023-01-06 21:50:00,13.145513954595739,7.357532524672617,29.92327899068805,604.6800903491346,0
2023-01-06 22:00:00,12.725073858017678,11.973028007608402,28.919117028733293,514.7318859031395,0
2023-01-06 22:10:00,13.061991339560075,10.240746257911121,28.964808027227374,406.46027400177064,0
2023-01-06 22:20:00,12.324755869866184,10.429969072665504,27.845147686298795,584.0567697791671,0
2023-01-06 22:30:00,11.715868245249256,8.354102748275285,25.657613650390783,517.9666038871587,0
2023-01-06 22:40:00,12.156218415740671,14.948087295256482,42.925354293970905,898.8446504300886,1
2023-01-06 22:50:00,12.12951136935864,11.925227149423264,31.051619249707766,385.2337372052251,0
2023-01-06 23:00:00,11.905853784257573,10.084078073994462,23.131395647547834,536.8824412248662,0
2023-01-06 23:10:00,11.940799308763266,11.81446932011524,26.849896069403734,577.3341694644708,0
2023-01-06 23:20:00,12.900456891207666,9.228133746968872,20.97993501022877,457.6622509764263,0
2023-01-06 23:30:00,12.669726233014599,9.526364313926283,21.70350481574775,374.09972730318486,0
2023-01-06 23:40:00,12.991233010937336,11.426596353241264,23.81922716071387,495.8392504629606,0
2023-01-06 23:50:00,11.711388736873545,14.155459024225596,44.97632171257489,829.5643146172773,1
2023-01-07 00:00:00,12.389533217708117,11.595131245371908,28.989259127391502,612.5930330634056,0
2023-01-07 00:10:00,12.564763213061271,9.409597493794607,18.259828742274852,457.1571565244423,0
2023-01-07 00:20:00,12.34428123560873,11.229094475301736,25.496148116905363,371.6914563623558,0
2023-01-07 00:30:00,12.494836113567255,12.218198930953438,25.662540484210908,456.88202796504277,0
2023-01-07 00:40:00,12.116372631009467,9.790455976636931,15.946002108401595,453.1522349268088,0
2023-01-07 00:50:00,12.795242146937166,8.973023272451893,22.794880897381958,544.6446783304777,0
2023-01-07 01:00:00,13.137560374490878,12.685495206633531,26.278497690240712,489.49984970958786,0
2023-01-07 01:10:00,12.191693485089507,8.691108532897386,27.14363996647034,424.6735788262858,0
2023-01-07 01:20:00,13.24063482270067,11.258952994228954,23.97846395699917,610.4263067260667,0
2023-01-07 01:30:00,11.452669880620826,12.56459058049859,50.203897833153846,761.010739948062,1
2023-01-07 01:40:00,12.720539488202906,6.316868767030879,24.453418713819797,543.5415652730941,0
2023-01-07 01:50:00,11.750285240196241,12.257188134957161,25.068264560375283,327.50145658687325,0
2023-01-07 02:00:00,11.696368845217133,4.484292740905264,26.258269344932767,257.5735129302714,0
2023-01-07 02:10:00,12.67205818138984,6.031743866484782,29.634998143670842,356.2454218555592,0
2023-01-07 02:20:00,12.994866062316003,11.054660158961344,21.62140998792234,451.9456574393224,0
2023-01-07 02:30:00,12.264309778177523,11.05414239735623,22.56589063740851,557.6356017613808,0
2023-01-07 02:40:00,13.435046950291545,8.724840284244928,21.655517541353927,265.7753129592702,0
2023-01-07 02:50:00,12.967467987127158,10.29564418060649,23.339011419290333,659.2852064371987,0
2023-01-07 03:00:00,12.145829374146007,4.93713990844399,32.131171290398825,517.0566026770126,0
2023-01-07 03:10:00,12.615424333526754,11.413950928941198,27.863626596649112,636.029499294991,0
2023-01-07 03:20:00,13.838464566861706,10.499450974107194,19.34455127415579,411.4029917525871,0
2023-01-07 03:30:00,11.978717998600146,9.908714293332409,21.997765172056628,550.3859934172491,0
2023-01-07 03:40:00,12.864134969457552,10.041682964275545,26.86383612138201,508.51959299707875,0
2023-01-07 03:50:00,12.438627723638328,10.986508352386064,20.467461095336148,581.7686313054554,0
2023-01-07 04:00:00,12.953448145459255,9.942196953004277,21.373299795926215,476.6208632400283,0
2023-01-07 04:10:00,13.233636823159191,6.251888994537559,31.724798330870744,547.3215209007589,0
2023-01-07 04:20:00,12.406881455644315,14.392664469045044,21.933121857634067,610.2195318771201,0
2023-01-07 04:30:00,13.159456135853587,12.401601638856903,29.773334080146935,434.8823706108225,0
2023-01-07 04:40:00,13.71060169713598,7.430110676090344,31.27661594765469,524.224423248965,0
2023-01-07 04:50:00,12.633137368672116,9.30972553904682,21.33268954415518,311.2137762777652,0
2023-01-07 05:00:00,12.992444343747092,9.527931619687918,20.550187217214294,570.2503019063358,0
2023-01-07 05:10:00,12.304779614898361,12.157699133017926,23.619339567594174,695.4662543462489,0
2023-01-07 05:20:00,12.609629654515606,5.681462129360464,19.556861396631874,375.5563952251305,0
2023-01-07 05:30:00,11.48607109913164,14.062451076575094,45.642355086563285,708.0303914469794,1
2023-01-07 05:40:00,12.998467962829297,6.478727113324993,23.97174044073307,588.0481300914114,0
2023-01-07 05:50:00,13.202337967878462,9.429808968343323,26.80290007943151,503.14174734665505,0
2023-01-07 06:00:00,12.54517257544127,9.054998213830192,31.984717281164105,516.5099551493225,0
2023-01-07 06:10:00,13.366811422866462,10.159388134765425,29.087424903851595,460.90005584763617,0
2023-01-07 06:20:00,13.365023720780814,8.790251201981633,27.446198877061782,457.18477469120853,0
2023-01-07 06:30:00,13.02342687158995,8.497953217218951,15.16975793516041,491.3305846414622,0
2023-01-07 06:40:00,12.341986734139136,11.239313383526296,27.216879910511874,504.16714221393556,0
2023-01-07 06:50:00,12.294085591630049,10.909345481885161,33.613138303522746,381.85587384226903,0
2023-01-07 07:00:00,12.19380932265498,11.102796685556484,9.947387418432417,493.3978014053971,0
2023-01-07 07:10:00,13.07458303511908,9.646199819018314,28.446912714878128,656.8533938709327,0
2023-01-07 07:20:00,11.994115896255318,8.85652283554962,24.203207126217677,458.08662064110956,0
2023-01-07 07:30:00,12.938418827055504,9.76229503595846,20.751024984885277,376.27450171253724,0
2023-01-07 07:40:00,12.059445326087943,11.002324140136905,29.00564291955977,484.85839320135733,0
2023-01-07 07:50:00,13.011773059920987,5.646440598056303,33.548529503036654,428.53871878757036,0
2023-01-07 08:00:00,12.60860979136528,10.788223860741716,28.87615364418877,366.16581746780605,0
2023-01-07 08:10:00,13.266819280929914,10.618276374669597,23.144040243692366,513.9168461732621,0
2023-01-07 08:20:00,13.170727289160634,10.124301812171455,20.28265087795922,428.9717962848922,0
2023-01-07 08:30:00,13.317532706001055,9.70137315625665,25.72313816894772,437.5285833146725,0
2023-01-07 08:40:00,13.330409359144555,4.867761228135173,29.365846461907942,515.3427380385389,0
2023-01-07 08:50:00,12.671815416994098,9.120293473799189,23.064734868831362,346.68254046376654,0
2023-01-07 09:00:00,12.020603466787698,13.578877422154747,23.548085041746017,325.8430349748875,0
2023-01-07 09:10:00,12.07373847250131,10.025802591136612,39.110001249191995,567.0872194501932,0
2023-01-07 09:20:00,11.556575735342031,9.385420322650564,30.39325972979863,306.91663992759175,0
2023-01-07 09:30:00,12.058167083285953,10.033812391180225,30.75064339196816,402.3322304692645,0
2023-01-07 09:40:00,12.634411828852324,10.709545737256017,17.698570469705942,320.01604646115624,0
2023-01-07 09:50:00,12.320172909587418,11.31764048937893,21.464056603532697,451.38635331511676,0
2023-01-07 10:00:00,12.509932197795074,9.542239673684117,25.373408197271196,542.8058747651165,0
2023-01-07 10:10:00,12.8463577097307,10.849839204787367,19.99431221057425,511.2337948732377,0
2023-01-07 10:20:00,12.44796737096712,13.35330160552272,33.00198649444647,739.1873389457285,0
2023-01-07 10:30:00,12.039085599793708,12.01250159886543,32.05156153295323,608.6915617789001,0
2023-01-07 10:40:00,12.573383166218283,14.680600431713959,22.33227331307973,406.8842149843399,0
2023-01-07 10:50:00,12.150754756613576,8.686459283296568,33.91959303303742,380.29449951735893,0
2023-01-07 11:00:00,12.464606751510468,13.352379015004031,24.97873951640029,770.6687940975501,0
2023-01-07 11:10:00,13.271388482211501,8.41865272015481,37.94694858694524,606.2572005733363,0
2023-01-07 11:20:00,12.464747347951912,10.707132293480926,25.723430652625183,558.9369607269572,0
2023-01-07 11:30:00,13.485478776673872,11.4649530584762,27.88096375164211,507.4851812215618,0
2023-01-07 11:40:00,13.315817993468984,8.978445616191054,31.99951720584779,527.3521567475017,0
2023-01-07 11:50:00,12.310347345710477,10.175928554948552,31.388166749039044,351.79267245175737,0
2023-01-07 12:00:00,12.044438116792112,11.820922204903683,27.553660330679467,515.7039170196767,0
2023-01-07 12:10:00,12.573722919039904,8.579458203376184,24.29429840278082,507.1231397459014,0
2023-01-07 12:20:00,13.176663881698444,13.338766919095294,27.570663499965598,409.586115689852,0
2023-01-07 12:30:00,12.354904546885656,7.230806750545302,20.919079140619424,446.14735464315214,0
2023-01-07 12:40:00,13.054045149131069,13.879382885456769,25.760668594320578,651.5176393443555,0
2023-01-07 12:50:00,13.204219994568044,12.002652269599185,19.453462337510025,487.4825079705138,0
2023-01-07 13:00:00,12.212987174818696,9.820548847344442,16.095591799598495,707.1171302533111,0
2023-01-07 13:10:00,12.261974455855706,9.194663577526537,25.252133820697214,325.9320563512616,0
2023-01-07 13:20:00,12.956331016063503,8.985943474417953,31.311389453358363,447.7869813774252,0
2023-01-07 13:30:00,12.675923774820784,9.72840871948597,29.629023207980296,345.2721448753081,0
2023-01-07 13:40:00,12.25696923672816,9.903008276902348,24.590438521371958,379.0577546108166,0
2023-01-07 13:50:00,12.423909775940206,12.510452493269163,33.734948490877485,417.1794294340703,0
2023-01-07 14:00:00,12.56474022363629,13.937308200769168,22.154693045767132,531.5309626770592,0
2023-01-07 14:10:00,11.81757278752227,10.398759841308015,15.410836691009884,526.6826171080387,0
2023-01-07 14:20:00,12.982821553241347,8.308743024021192,14.08949352899519,432.0709680372395,0
2023-01-07 14:30:00,12.360653905530404,8.908547918727612,19.094045297021417,277.2200442663418,0
2023-01-07 14:40:00,11.20814188810095,9.633818430777431,29.083123716311142,647.7692873032153,0
2023-01-07 14:50:00,12.588064515845273,7.939755789406449,21.82598658266307,471.42352839636436,0
2023-01-07 15:00:00,12.229214370553246,7.642117195785243,27.30479320928651,388.3709829698861,0
2023-01-07 15:10:00,12.797607408532269,15.04306429499038,54.25269163120502,765.2683234302882,1
2023-01-07 15:20:00,12.307277489540015,10.605227051892507,19.49951518711097,520.4445170523175,0
2023-01-07 15:30:00,12.051178318210694,8.333733732639306,27.39249865897945,467.73235350000346,0
2023-01-07 15:40:00,12.853966334981008,11.633207140715426,27.69481536327861,514.8531015641505,0
2023-01-07 15:50:00,12.269776315996207,7.643307750386309,20.696310057634484,384.49701595919817,0
2023-01-07 16:00:00,12.210271899373884,7.8079759042578925,31.771054626225414,575.9912843176484,0
2023-01-07 16:10:00,11.982325195131056,12.503974791897255,40.121420648028426,542.0859516188071,1
2023-01-07 16:20:00,12.079766346055216,13.309026561730066,23.081235095434952,439.4430344696568,0
2023-01-07 16:30:00,11.871363170900274,9.494239868443252,35.55806609208986,564.8801816151575,0
2023-01-07 16:40:00,13.462999001047168,5.1165860261950264,27.613833711833593,620.3958965010233,0
2023-01-07 16:50:00,12.889749368800322,12.420131866351186,29.62645274842749,658.5774568046338,0
2023-01-07 17:00:00,12.467895357502817,9.387237271675286,31.774464657609194,605.5798238466572,0
2023-01-07 17:10:00,12.59826139514903,6.301183988243189,21.747630002703914,467.59278161982184,0
2023-01-07 17:20:00,12.852932179058078,9.366633024073181,31.249105485268394,345.8966930899537,0
2023-01-07 17:30:00,13.08666872480671,11.042007793209805,22.49052942501165,640.5055585602894,0
2023-01-07 17:40:00,12.222012354342494,10.808098333065939,22.276883053308513,637.0695988904976,0
2023-01-07 17:50:00,12.78307326298284,13.59682995832964,23.64000013845932,432.80238466465045,0
2023-01-07 18:00:00,12.34664791189488,8.29446427486014,21.889675825275226,592.1189037824561,0
2023-01-07 18:10:00,12.505509377743687,10.093440240529944,29.110782163285815,466.78222060692616,0
2023-01-07 18:20:00,12.680346433732453,8.600861442843156,26.336053275725277,650.1276883511729,0
2023-01-07 18:30:00,12.596660713473664,6.915614211625554,22.543877926914437,448.5135337596218,0
2023-01-07 18:40:00,12.967783449151286,11.77105474461191,28.37252516577411,697.8651287548503,0
2023-01-07 18:50:00,12.843543279557796,10.926539138295041,23.62408781306827,578.6120547598246,0
2023-01-07 19:00:00,11.845915395313911,10.567356899397705,23.359648148176618,679.7544844685987,0
2023-01-07 19:10:00,11.921088396467278,10.853580386517288,25.243419424507717,453.6202730350121,0
2023-01-07 19:20:00,12.415141657620353,8.62905429462316,27.317301778331085,540.5029604444193,0
2023-01-07 19:30:00,13.514312631220912,7.988609825363613,26.9492382468871,403.0720801655635,0
2023-01-07 19:40:00,12.1742040837492,10.07529474433872,23.18375408873585,584.3989252119196,0
2023-01-07 19:50:00,12.495888645193624,12.322422804823228,29.23555603719701,589.9041532837125,0
2023-01-07 20:00:00,12.331826986521738,13.216154270907094,23.888029244601718,739.7023918201187,0
2023-01-07 20:10:00,12.32297780795596,11.590865413614866,21.725077556956403,548.203979721965,0
2023-01-07 20:20:00,12.689119871952528,10.058348853536192,17.659891756163244,572.4094202506093,0
2023-01-07 20:30:00,13.300388638097825,10.539567858799872,29.915892404995105,452.9169623496218,0
2023-01-07 20:40:00,11.576634096682962,11.551103599547956,43.53145341431461,729.7311232564177,1
2023-01-07 20:50:00,12.198234519286453,7.948113320601143,26.054361792552573,462.0108791312416,0
2023-01-07 21:00:00,13.976614755401602,10.049294756421085,30.229014578497576,511.5860758842,0
2023-01-07 21:10:00,12.639286610480562,7.330346364823013,22.612968842010922,517.4515661545795,0
2023-01-07 21:20:00,12.311389521808943,9.751845547793922,18.128003757629358,464.76951266508297,0
2023-01-07 21:30:00,13.306048187338794,13.272210221192639,25.34890351107609,506.2945096541994,0
2023-01-07 21:40:00,12.365464691028091,11.645718445566704,26.539807760401477,462.47048302865795,0
2023-01-07 21:50:00,13.43145682749372,8.15376163152694,23.685754669198136,462.0268874966161,0
2023-01-07 22:00:00,12.164678604516666,9.855141860715433,32.36868789038085,607.6664651502272,0
2023-01-07 22:10:00,11.916857827620149,16.06936997617545,29.665990762629686,737.3148361849203,1
2023-01-07 22:20:00,12.700523832140847,9.87497246364558,30.600283189498914,534.7066272200277,0
2023-01-07 22:30:00,13.245526116351217,12.082215633049126,28.95576825182113,354.26952310144645,0
