timestamp,pad_wear,rotor_thickness,brake_fluid_level,brake_temperature,brakes_failure
2023-01-01 00:00:00,9.795887218742305,29.719228518200207,80.28253837214633,112.63800678315626,0
2023-01-01 00:10:00,5.046415866245826,29.537983223318907,87.7917498007099,81.9119899533826,0
2023-01-01 00:20:00,11.002180018617544,25.376907192858564,83.31153071184151,83.68424549662856,0
2023-01-01 00:30:00,13.038672702181287,22.459023508836356,76.54824066936855,112.99209730225772,0
2023-01-01 00:40:00,10.233323502339006,26.92645306778788,79.57068049601119,65.853140927008,0
2023-01-01 00:50:00,7.937787893411473,24.78403262797478,79.62050607460169,88.31541813615829,0
2023-01-01 01:00:00,17.243840848510352,20.827794082171465,60.748873552381156,212.42349405906037,1
2023-01-01 01:10:00,13.539826135311186,26.788917686210258,92.62254638303747,80.63974070821439,0
2023-01-01 01:20:00,11.819925081721117,25.668749493746596,81.85425946355498,122.95605583519506,0
2023-01-01 01:30:00,11.280053236768659,22.62837017797011,69.82048714947612,88.28098462572376,0
2023-01-01 01:40:00,10.712825167068752,24.350516129836052,77.28600514141517,110.18090289594288,0
2023-01-01 01:50:00,8.677725775618056,26.322305857322693,70.33813956252095,113.08711381192435,0
2023-01-01 02:00:00,9.598857638688463,26.020504444810037,78.3510087147708,122.57913470365895,0
2023-01-01 02:10:00,9.844154528642969,25.524033148716953,70.06344885136785,95.99492346374448,0
2023-01-01 02:20:00,11.099148632128887,26.866845908951728,75.64204764465786,139.77769277509708,0
2023-01-01 02:30:00,13.017837788533807,24.276566024365472,72.3963923518294,88.2132687082964,0
2023-01-01 02:40:00,12.236676273586255,25.357339550438144,81.92080088983738,104.6844082719912,0
2023-01-01 02:50:00,7.161231288407919,18.2488417996448,80.0026968131444,104.90553864435215,0
2023-01-01 03:00:00,10.447989937802097,24.100699612314372,81.51481153749366,77.56063760101169,0
2023-01-01 03:10:00,11.473526690335794,26.52780581715129,79.47724305715737,94.2825549004176,0
2023-01-01 03:20:00,11.23772066028927,24.219211065765716,73.0285112489779,103.23026998476814,0
2023-01-01 03:30:00,8.741532473225162,24.067545216565776,82.56760684627368,91.3575791374116,0
2023-01-01 03:40:00,15.828218431536722,22.917094096450363,89.61112280134726,148.81847930913068,0
2023-01-01 03:50:00,7.445830875337762,27.006731785458292,82.04606289303274,83.22752652800938,0
2023-01-01 04:00:00,7.8336231066679005,26.096926547081143,77.87037700341217,123.58848936280856,0
2023-01-01 04:10:00,10.467190162523153,26.65082919564617,72.85966411947277,117.12919626297573,0
2023-01-01 04:20:00,14.233606109927706,21.547572076084222,75.45966514620017,99.72275730991457,0
2023-01-01 04:30:00,17.063676148509877,22.36718204004905,62.0861852826811,147.77289591608871,1
2023-01-01 04:40:00,9.468343268706015,24.439777984499987,85.36559013399688,84.6348935921646,0
2023-01-01 04:50:00,12.154587346031386,24.438856586802896,81.30433087360989,89.64065401566981,0
2023-01-01 05:00:00,9.964275690224532,23.76794491256409,83.99943644852992,64.28517436107474,0
2023-01-01 05:10:00,9.330792290939408,24.30779145643997,83.53839122013622,79.93069148401419,0
2023-01-01 05:20:00,11.13126580377344,26.699289565413302,82.53267195692959,70.35046969272715,0
2023-01-01 05:30:00,10.545035980459186,21.174297293304342,76.70763202369372,126.91750006355434,0
2023-01-01 05:40:00,12.060877571273583,28.554589536060906,80.86961755987576,112.36924784776437,0
2023-01-01 05:50:00,12.582937778130727,25.967682250052924,75.75811098058931,115.71948197730921,0
2023-01-01 06:00:00,10.614006120010723,24.915336208679573,80.08714476479051,111.77663903083895,0
2023-01-01 06:10:00,10.583465450756618,26.813668292745852,81.65431765533457,103.33935246668327,0
2023-01-01 06:20:00,10.428221964572266,22.09633050966313,88.39391903693428,129.21360664258273,0
2023-01-01 06:30:00,10.978261113298576,23.670598189697973,73.45134012816185,87.78474688536525,0
2023-01-01 06:40:00,10.110341275742927,24.75784913521889,82.40753815495653,102.1333931073409,0
2023-01-01 06:50:00,9.998783035355421,27.731120740864355,87.40618295811797,114.94117655648246,0
2023-01-01 07:00:00,12.393254241654486,24.907006837746884,83.79423882919399,73.57581536287742,0
2023-01-01 07:10:00,13.032232360710086,25.900109342370293,84.16472721412521,161.93177792285098,0
2023-01-01 07:20:00,6.984894110733158,23.820842008127745,82.93847450933906,100.57131525555172,0
2023-01-01 07:30:00,10.020042303481139,25.97368413793498,86.49167244887708,102.83978901151185,0
2023-01-01 07:40:00,8.62261113310953,28.354479185948914,74.56260915943815,125.13756063349844,0
2023-01-01 07:50:00,9.378057067027855,26.991053383348227,73.07036667014877,118.29910666020447,0
2023-01-01 08:00:00,10.805032419470642,24.837088024444242,79.96832929767372,100.76156038792918,0
2023-01-01 08:10:00,11.338876743084937,26.35098169453094,69.19418948214145,102.60258876196085,0
2023-01-01 08:20:00,9.77574711277731,26.155033909214424,86.15322902089005,69.91702938104042,0
2023-01-01 08:30:00,6.173319330554394,26.01317534339455,86.1035759774772,88.87068444300047,0
2023-01-01 08:40:00,8.06990883884764,27.223906721720816,77.83324722457736,110.34420432317921,0
2023-01-01 08:50:00,11.792999340400332,27.20895540767493,78.14614701669746,108.87785678085773,0
2023-01-01 09:00:00,4.5191471559301375,24.74568280625023,79.63826262424665,124.42331500008174,0
2023-01-01 09:10:00,12.374854303364,26.28375812295554,80.26010325219809,97.58997883553351,0
2023-01-01 09:20:00,11.042459981289083,24.233810157680413,80.63586959597143,72.25426973138268,0
2023-01-01 09:30:00,12.632352163060045,23.153855207368846,82.79116053439151,121.13460861551356,0
2023-01-01 09:40:00,9.602861626238079,24.461012488592026,79.1368682349576,128.7217869236403,0
2023-01-01 09:50:00,5.87718915195419,24.847443696520834,84.71596651738896,117.9648914571246,0
2023-01-01 10:00:00,10.860725283012997,21.676838021644016,82.22973888562652,96.72732658285017,0
2023-01-01 10:10:00,12.549306248076682,26.72066511883344,76.96518277063683,120.88772103753158,0
2023-01-01 10:20:00,11.849443611026842,19.465349154795206,86.67556333902048,168.57820956016428,0
2023-01-01 10:30:00,8.67461703302393,30.429633878972645,73.20871506938757,102.30304628880951,0
2023-01-01 10:40:00,10.173522150925294,28.003758267592637,79.53917094589262,73.7652661550975,0
2023-01-01 10:50:00,8.934327462440152,24.477982551655373,84.83458700537734,88.27429900895696,0
2023-01-01 11:00:00,8.361467071621256,25.018852721127548,76.38463447543927,112.50952000608102,0
2023-01-01 11:10:00,11.910777142359702,25.605943747174567,81.54777823383576,67.90391378203874,0
2023-01-01 11:20:00,7.604935377469676,23.821679224022116,82.71669798499524,103.38806149824138,0
2023-01-01 11:30:00,8.212367138836775,25.385238295173874,75.6973806600938,107.60673300631765,0
2023-01-01 11:40:00,7.791948733055229,24.712000044596678,79.63761140202982,130.70243479625304,0
2023-01-01 11:50:00,7.019504953401906,24.811454565538067,79.21748084895395,126.20389712108602,0
2023-01-01 12:00:00,10.292828583685207,25.362922126961276,77.24131074083854,117.29169583503543,0
2023-01-01 12:10:00,12.323006096963951,22.37294440329201,91.50837426025387,56.74641978970941,0
2023-01-01 12:20:00,9.630246487509469,25.079139448267295,76.18446823277262,118.4210625609585,0
2023-01-01 12:30:00,6.988504398871667,25.326895493234954,85.02465147033942,114.11026772120493,0
2023-01-01 12:40:00,11.679889079484056,25.25769924271183,78.03599491559429,105.11888754156693,0
2023-01-01 12:50:00,13.371403508069942,24.56833848912769,74.56681905557359,65.39555747709029,0
2023-01-01 13:00:00,8.70751535170681,27.275715551938745,80.51407121577535,84.4645218162588,0
2023-01-01 13:10:00,14.035066447974407,21.491297045590382,62.55472914009963,122.57682115225826,1
2023-01-01 13:20:00,11.031321260166788,25.45465181364638,84.6025478753284,59.69983120985819,0
2023-01-01 13:30:00,13.243747495570103,27.594595067851092,87.81132555327535,99.9416969717041,0
2023-01-01 13:40:00,8.960331708549548,24.841247719959377,94.7262314496755,84.0435575711444,0
2023-01-01 13:50:00,7.33510043800359,25.4289265349351,81.25257101877799,152.50611160537824,0
2023-01-01 14:00:00,11.262837212544813,24.807230727370207,76.68453913087306,96.62456121124181,0
2023-01-01 14:10:00,11.598136146284599,27.4747395871272,82.26437163397446,125.8750631173192,0
2023-01-01 14:20:00,10.012262900870454,24.48455087682741,78.66893524796754,68.61801950613551,0
2023-01-01 14:30:00,8.883733480685098,27.56670915457641,84.62983064926115,89.3982082799026,0
2023-01-01 14:40:00,11.988757461984093,24.79282421070587,73.51417851817139,101.9379575206863,0
2023-01-01 14:50:00,11.056072009095928,23.281080553103966,91.84167271200218,81.83692102784659,0
2023-01-01 15:00:00,8.463128966193015,26.35874634114824,84.28024047387757,91.55598630390512,0
2023-01-01 15:10:00,16.49918358892767,22.380579645512235,63.656796221411824,151.54368498588246,1
2023-01-01 15:20:00,7.2965849359507065,26.241001798198326,76.45485548842514,95.3218402911021,0
2023-01-01 15:30:00,11.37178091287584,19.54119123015253,84.08040522056969,137.10237146070693,0
2023-01-01 15:40:00,9.475532861234289,25.010410523789893,85.88172028085728,107.5645257086302,0
2023-01-01 15:50:00,9.128578335230525,24.08078940248504,73.63881186384019,109.59021125882606,0
2023-01-01 16:00:00,9.934251029695131,22.873482626937445,83.56512925216474,110.79309548690141,0
2023-01-01 16:10:00,10.080615398660496,23.8935179963204,70.26330063669039,112.25252754674224,0
2023-01-01 16:20:00,11.78986012313112,23.8525937114147,79.55332067264477,98.3422603225027,0
2023-01-01 16:30:00,11.182181062650443,24.90402841029884,85.56023421051603,93.58507257042308,0
2023-01-01 16:40:00,9.687181442414394,22.26534707743009,77.2424213494851,103.33632119036555,0
2023-01-01 16:50:00,11.52733629943799,25.632547560519427,72.46538850430993,123.13607897826945,0
2023-01-01 17:00:00,10.801474507383226,27.732429570411576,80.7310739818878,122.52476376872767,0
2023-01-01 17:10:00,12.63759196264138,22.772345024432685,56.903126117471984,144.16936698405584,1
2023-01-01 17:20:00,9.750563683527028,26.61797721845802,83.14779183032918,115.35687389336223,0
2023-01-01 17:30:00,9.703554222313759,27.18912490922759,75.5733678389097,96.10830673920664,0
2023-01-01 17:40:00,11.010522686348404,27.472979024368353,76.1368155517345,100.67741098870488,0
2023-01-01 17:50:00,9.265954770556716,28.74027738564261,69.89498839561878,90.52953236891605,0
2023-01-01 18:00:00,9.219181627156733,24.00159600344814,80.84972355525741,96.36709722187533,0
2023-01-01 18:10:00,13.937514618867917,23.563032029677768,79.195475308617,126.8266013909936,0
2023-01-01 18:20:00,11.879470963494208,26.566931296649468,74.05807664629964,101.84842294678472,0
2023-01-01 18:30:00,8.478798671149722,26.4165324393148,80.96899356883546,102.70565017104636,0
2023-01-01 18:40:00,11.141881987884396,26.551350599231377,85.13535150322069,71.05564441484083,0
2023-01-01 18:50:00,10.236700131310354,28.778564908500503,78.92216028290525,93.81512184734541,0
2023-01-01 19:00:00,10.783102350520188,25.02273981759699,81.34083474910987,95.17370192510543,0
2023-01-01 19:10:00,10.27468264913021,25.85231311929237,81.36655624792581,83.4171302911319,0
2023-01-01 19:20:00,12.379285290970472,23.03922349703305,73.9783508641052,100.43330823407128,0
2023-01-01 19:30:00,10.69124068930289,29.270642247951915,90.28292910353798,91.41635419544691,0
2023-01-01 19:40:00,9.875822603571425,24.32691015758178,77.64575084938858,101.59991710487164,0
2023-01-01 19:50:00,12.084381153966035,24.38356814367834,83.28058100930136,102.43006019637869,0
2023-01-01 20:00:00,10.466570082175744,24.306500217983515,83.84607638614524,80.88491284354711,0
2023-01-01 20:10:00,10.242957158658117,23.710208282711324,79.30202436442124,92.02596435033621,0
2023-01-01 20:20:00,10.62804520497223,23.541125902304703,83.03397512529817,101.54748565521668,0
2023-01-01 20:30:00,9.812781953267267,23.95259143422095,81.22909610908195,123.6859886231345,0
2023-01-01 20:40:00,10.018453985990938,22.26840814389811,72.91180121386297,105.13438345591481,0
2023-01-01 20:50:00,8.826610822476255,23.429364159473522,78.33863649374956,86.76129640165145,0
2023-01-01 21:00:00,8.497665560752242,28.897926222895236,76.93724548822969,107.98009518487704,0
2023-01-01 21:10:00,8.00285922703512,26.471310287282737,77.69127479326936,134.15097778643522,0
2023-01-01 21:20:00,7.216033426405848,26.851808353455436,73.47998411081682,118.33412945178037,0
2023-01-01 21:30:00,8.240565277230887,27.35441757483383,85.63216858373015,110.9505306087124,0
2023-01-01 21:40:00,9.651465931066149,28.66826912872478,88.00996327306706,114.51180350964643,0
2023-01-01 21:50:00,16.212413671564597,17.77304990617757,76.03789275055142,165.9052599375387,1
2023-01-01 22:00:00,9.45740687370472,22.54023376942692,86.35264612073571,121.5125358803532,0
2023-01-01 22:10:00,5.288593019745284,23.39255267821063,78.27682581495922,111.33520762235315,0
2023-01-01 22:20:00,13.149172715524685,24.060540407020806,76.81871582506982,121.37284439180169,0
2023-01-01 22:30:00,12.172960245780764,24.398861218829502,76.10706476594144,78.36697807471879,0
2023-01-01 22:40:00,10.891519702434257,24.106044894387917,83.22032461478611,69.95469495319438,0
2023-01-01 22:50:00,13.814981345106537,25.438617826264107,81.13531526572075,103.1419730128766,0
2023-01-01 23:00:00,8.04527176503258,25.07059078149043,79.61389144200787,101.37361419301077,0
2023-01-01 23:10:00,13.77525024125201,23.5543304096435,86.47574272097671,89.12179892973485,0
2023-01-01 23:20:00,8.069571846498905,20.64890244602486,82.02470676907672,116.51705339655419,0
2023-01-01 23:30:00,10.477475850582714,23.014262589242605,75.80671181239708,62.74272827097528,0
2023-01-01 23:40:00,7.452325349731591,23.90152269337485,76.59545585432153,89.30455487884393,0
2023-01-01 23:50:00,10.029388191088733,24.50584112638456,83.40996649627073,90.3008891024477,0
2023-01-02 00:00:00,10.772332995996777,22.740665081378925,85.20866426327298,67.27396429801081,0
2023-01-02 00:10:00,9.69061933773089,24.01838706700716,82.75840116127985,129.89462014538609,0
2023-01-02 00:20:00,11.427754888180274,22.738025223028828,89.4844437393604,72.81597462673354,0
2023-01-02 00:30:00,10.198028898974515,24.748361296903333,88.17503582865709,88.23319885384629,0
2023-01-02 00:40:00,8.955170543244982,22.85381734327477,82.20517917425381,118.15959515610268,0
2023-01-02 00:50:00,8.866373364395322,23.30219068725907,75.80709670259249,112.92090686857463,0
2023-01-02 01:00:00,11.621827545231392,22.382631738021722,73.45006244134116,77.83650607030506,0
2023-01-02 01:10:00,8.692515940386064,24.69299860886043,78.06309127492642,113.64978418521272,0
2023-01-02 01:20:00,11.830805940969874,23.267104460095204,83.76606723208079,105.79568957316444,0
2023-01-02 01:30:00,12.445423585663862,26.81356853335086,89.13323539655968,146.66071124222935,0
2023-01-02 01:40:00,6.66257227530774,25.8117005333858,82.087235172054,108.0788083213661,0
2023-01-02 01:50:00,12.26585277460207,24.860296263632716,85.84361397115619,97.17516357862937,0
2023-01-02 02:00:00,14.120845396889397,23.40502900531242,78.77346256906098,82.86996085761155,0
2023-01-02 02:10:00,10.504007522403857,25.761040610632605,83.11384562613775,85.11513266088858,0
2023-01-02 02:20:00,16.748355324477153,23.246818493885026,60.45569378193088,140.83273152574102,1
2023-01-02 02:30:00,12.074010648738318,25.28537682440326,70.10202862073736,127.42197627823845,0
2023-01-02 02:40:00,9.449035369641955,28.20740371093386,77.93280598811745,100.35939830032942,0
2023-01-02 02:50:00,10.364560447075739,25.91927463614963,84.74850192138935,111.3049424794946,0
2023-01-02 03:00:00,7.3716009407537815,26.827214435136067,81.37234167818282,130.28495199961773,0
2023-01-02 03:10:00,10.277270057060901,25.267130831071956,74.01742475924533,52.8307171558507,0
2023-01-02 03:20:00,10.996223991289083,26.351328906513952,67.84938812136322,125.5774752940075,0
2023-01-02 03:30:00,15.919313796534523,19.094956715701354,60.94672205250802,140.16101779539298,1
2023-01-02 03:40:00,12.13084944719516,24.083203273574412,79.6420715355306,108.70096743280888,0
2023-01-02 03:50:00,8.450395643728942,25.69872710696476,75.58038525085827,83.43193556503498,0
2023-01-02 04:00:00,8.934786486653007,25.684198963114763,80.71542468513998,84.89751203102963,0
2023-01-02 04:10:00,13.79101469198271,26.015223645886493,82.53193373616448,109.77691779625975,0
2023-01-02 04:20:00,9.69934325247258,27.200785784557457,83.35343585363117,147.6919560066294,0
2023-01-02 04:30:00,10.400067574624655,22.150057656369174,68.22040537533839,120.06626625629804,0
2023-01-02 04:40:00,9.865979916549557,23.051094904779408,73.4285745109594,125.31045842837081,0
2023-01-02 04:50:00,8.356638347389955,25.459145282148505,78.47688675822633,96.1599745947716,0
2023-01-02 05:00:00,13.247058421783613,23.551272736393077,82.86086565518731,87.99591550828744,0
2023-01-02 05:10:00,8.944597176158789,31.755536482578723,82.44617006775017,84.38390096842014,0
2023-01-02 05:20:00,7.74542895258614,26.031439238340273,82.35934973938338,90.23452550606623,0
2023-01-02 05:30:00,9.098519445394496,24.843338302139685,78.08291029015534,58.94435133658949,0
2023-01-02 05:40:00,5.996587996548933,23.969061453832282,78.36183281345019,85.50161314216797,0
2023-01-02 05:50:00,8.697425070033637,24.039675433613912,76.3583536578913,88.79293687880313,0
2023-01-02 06:00:00,8.063742804295346,25.060281322630356,83.84097064052924,96.49283651210318,0
2023-01-02 06:10:00,11.234857261854648,25.223963865242517,75.39755606130211,102.63500219494584,0
2023-01-02 06:20:00,8.653171520880255,24.086601710612975,84.25018197594785,107.24901737251221,0
2023-01-02 06:30:00,11.775607871157696,24.453695506960198,81.03926619068822,99.7014925511408,0
2023-01-02 06:40:00,12.796967986138643,27.688569150469192,79.77477760772423,88.37113827314487,0
2023-01-02 06:50:00,11.562350672575198,27.76900992530207,76.71644800111767,60.732827134689586,0
2023-01-02 07:00:00,9.569223422279848,25.504067959869754,73.22229069417936,88.49382783196413,0
2023-01-02 07:10:00,10.282228993411186,22.317480545526525,76.76173621810977,80.5509872462599,0
2023-01-02 07:20:00,6.950030119711881,26.077006313278087,78.34996565687557,109.32133496557208,0
2023-01-02 07:30:00,13.72892573261808,26.249980675449272,58.940062068210494,168.40201423980952,1
2023-01-02 07:40:00,8.279123063866333,27.739562203924756,79.01322422332667,118.77142134119879,0
2023-01-02 07:50:00,11.388652762298598,26.468851705619333,84.62178684013003,115.13905472255641,0
2023-01-02 08:00:00,15.145504778488949,27.844845910571642,82.83608952716936,97.32948529095023,0
2023-01-02 08:10:00,10.999643271947619,25.106768544958044,77.51897062129247,89.56088869048207,0
2023-01-02 08:20:00,6.017719702090667,26.25620593966741,80.23468149207613,85.05794492665868,0
2023-01-02 08:30:00,13.001479282866505,20.138210516651398,61.29020053981688,116.43481751791194,1
2023-01-02 08:40:00,10.244981850748909,25.584530912311426,80.74380366667847,119.83707401015715,0
2023-01-02 08:50:00,10.174714850520527,27.65906848794105,87.70053911872016,96.50577924140052,0
2023-01-02 09:00:00,8.538373748782494,23.82115317702622,84.84249401312438,75.07319412758252,0
2023-01-02 09:10:00,10.49058348527387,23.27711314107143,82.60397152846376,83.4701724857953,0
2023-01-02 09:20:00,7.514998326161225,25.194977878047393,77.53557543808141,82.66053087134895,0
2023-01-02 09:30:00,8.110182554629866,24.546675592552003,83.74969196472419,100.86048970030254,0
2023-01-02 09:40:00,11.291595283207423,26.29829544214084,71.56561524313473,121.34935702141371,0
2023-01-02 09:50:00,7.968673538240348,24.093480948105917,78.73823259004554,93.04020900808834,0
2023-01-02 10:00:00,11.076423210984515,28.436879231205427,82.91855709911975,54.94932970432701,0
2023-01-02 10:10:00,7.261072450687884,22.420647804077888,83.70210607023876,96.2163932968216,0
2023-01-02 10:20:00,13.529651767583472,27.50746957243947,83.34942245107871,96.87612199805609,0
2023-01-02 10:30:00,8.45146015519189,23.470301543383794,81.47415344604848,95.50159538128956,0
2023-01-02 10:40:00,9.552666856393111,21.408034530831955,79.02137510458059,87.45077667048596,0
2023-01-02 10:50:00,10.661226522180812,25.475750312697734,82.68987984913244,104.34878161451685,0
2023-01-02 11:00:00,8.869300094997811,24.490784027972232,75.2356947970685,101.32282230298003,0
2023-01-02 11:10:00,10.28681192214261,22.780781264193937,75.77661368353375,99.50339371746706,0
2023-01-02 11:20:00,11.150713449040252,21.637246216569473,80.30867338230148,108.25282722885932,0
2023-01-02 11:30:00,11.92122646500697,24.983278425457087,80.86598821354373,91.40334353704293,0
2023-01-02 11:40:00,11.582994871945914,26.951673783247635,70.87192410717677,90.26828660598693,0
2023-01-02 11:50:00,9.656379072394651,26.16990698617289,82.27573190474759,127.602465791708,0
2023-01-02 12:00:00,9.706736451912796,25.11341329767853,83.86364188959696,111.18710819430872,0
2023-01-02 12:10:00,14.698217116050065,25.95769514643547,79.61357381266852,116.53892121885599,0
2023-01-02 12:20:00,11.899778136498584,24.945571735244286,91.87233141641997,124.52209170668137,0
2023-01-02 12:30:00,8.156352687359572,22.140551513939258,76.58532446842406,110.518883612496,0
2023-01-02 12:40:00,10.199976327531104,22.158212029553113,78.19456418306565,118.56777358272342,0
2023-01-02 12:50:00,9.329713722443614,24.593662942030644,78.02466546936395,68.41309675859479,0
2023-01-02 13:00:00,9.72933153215378,24.678693427267852,79.6190619435449,104.08307743992054,0
2023-01-02 13:10:00,7.541009684583824,26.70196535701353,78.35637593516854,96.34563076371344,0
2023-01-02 13:20:00,9.176153531228094,26.514608447549495,72.96594727697564,133.5536818179962,0
2023-01-02 13:30:00,13.623111546387825,26.2102660315179,77.26725851881763,118.552910636066,0
2023-01-02 13:40:00,11.158152601751006,24.439434573845638,79.51189652112961,87.3910961841364,0
2023-01-02 13:50:00,5.01767718369708,22.238695659779722,86.14286041030999,107.45588317058412,0
2023-01-02 14:00:00,12.433446984995893,25.824142274132047,91.01121636686457,103.3536266689848,0
2023-01-02 14:10:00,12.179259045818323,26.050338626524336,86.67736948925327,109.08662866304458,0
2023-01-02 14:20:00,9.281429391387167,20.222937075044626,76.12310485163697,79.62315061250696,0
2023-01-02 14:30:00,11.43452708756643,23.331323626834674,76.52095194686918,107.20032930476451,0
2023-01-02 14:40:00,8.281201578365598,23.617891245212206,79.20335711245325,95.43697301423532,0
2023-01-02 14:50:00,9.059488567467286,25.23670040224687,88.92279444426794,105.64899528111201,0
2023-01-02 15:00:00,18.561798049299014,21.641581936337932,62.023256435013806,144.44307104321354,1
2023-01-02 15:10:00,9.456539920260584,24.92373086235072,73.36246254731284,88.29873657206801,0
2023-01-02 15:20:00,6.260536676090018,24.578930119294014,77.49411431523482,123.47684040733405,0
2023-01-02 15:30:00,9.873393554437326,24.681701056924545,83.78528000909708,78.96904883319678,0
2023-01-02 15:40:00,9.842823214171286,23.567211412598507,83.44970138448043,80.44491197915903,0
2023-01-02 15:50:00,12.39673713874692,23.722029891866644,78.99891666754172,98.96837485568844,0
2023-01-02 16:00:00,10.02867284435152,22.839465880438613,83.41707336780016,84.56219249628091,0
2023-01-02 16:10:00,9.156835377119414,25.760134881147664,68.63413898726584,82.29942735474403,0
2023-01-02 16:20:00,12.090112290462411,26.142205257182738,80.51914617516348,102.1015194241659,0
2023-01-02 16:30:00,10.24158046500222,23.458764099749324,84.30342710684315,69.8986828619259,0
2023-01-02 16:40:00,8.499954636868566,28.04128019203409,75.83568362422733,79.84075530172724,0
2023-01-02 16:50:00,12.309995121083235,24.3707971051159,75.81830731751856,141.08191165847288,0
2023-01-02 17:00:00,10.387323529033598,28.06037124759312,70.66775923618262,109.18950117938019,0
2023-01-02 17:10:00,10.005851933358876,23.715745652336793,87.94947797405347,85.06873295460178,0
2023-01-02 17:20:00,10.35581678282331,20.94684444680113,76.39923011489216,108.36430156532394,0
2023-01-02 17:30:00,7.858663257166806,25.804395649824702,81.20521638931056,111.34660953973258,0
2023-01-02 17:40:00,8.944692447643325,25.497090210237975,83.01958520741687,119.88828840180477,0
2023-01-02 17:50:00,10.007165203665567,25.068787590615166,87.56033974570727,97.4568794108654,0
2023-01-02 18:00:00,9.61067260995064,23.71553504311202,79.23051113007182,119.52995405545778,0
2023-01-02 18:10:00,12.544856765633192,24.93085554902836,77.3028510311079,59.23106950235655,0
2023-01-02 18:20:00,10.434811705454006,23.977481084260944,80.86533824285277,78.87383739048494,0
2023-01-02 18:30:00,11.709807845272804,24.3953008673365,86.42040138271143,103.27742803472911,0
2023-01-02 18:40:00,10.018790709151698,26.68326451153015,79.14913734299608,106.59267065615583,0
2023-01-02 18:50:00,12.112576967492245,25.368434459060186,75.22565459207962,81.76435424662716,0
2023-01-02 19:00:00,10.795055513146307,26.219902774663954,72.29621095842319,105.18839982526319,0
2023-01-02 19:10:00,10.02684097077692,24.53626298674842,73.89351307697387,87.5231950262548,0
2023-01-02 19:20:00,9.973433822081962,24.31596530839045,84.32195748703333,94.46081811545669,0
2023-01-02 19:30:00,8.091122747418073,22.693034938222713,78.39687761846594,120.49547601330022,0
2023-01-02 19:40:00,11.013831440272622,24.259926774863604,76.96239545039644,118.178749937772,0
2023-01-02 19:50:00,9.919590530927241,18.357770888821722,76.42016388408028,80.05879345273475,0
2023-01-02 20:00:00,8.996016079637592,23.81955606738873,80.42522930100091,78.85497075959793,0
2023-01-02 20:10:00,12.212923541624143,24.836251645618322,78.80272453117207,91.77653208893368,0
2023-01-02 20:20:00,7.499567948210398,26.127347308540312,78.63433928140374,99.4650739765415,0
2023-01-02 20:30:00,9.155008209135133,24.462644244950088,86.74661963905369,86.84203022850518,0
2023-01-02 20:40:00,12.055437497559067,25.69534708449,87.69008140930816,120.81284885599337,0
2023-01-02 20:50:00,10.631045881840507,20.640422677219508,71.94989163545502,106.9477968341711,0
2023-01-02 21:00:00,16.162160364087434,21.79214982641246,55.68446556793976,147.54019227278172,1
2023-01-02 21:10:00,10.502007086300294,21.640994414173193,76.11568950689303,74.66922342110057,0
2023-01-02 21:20:00,10.358828342097683,22.583392968681334,78.75874443069453,123.3458143476756,0
2023-01-02 21:30:00,6.966674907428157,24.625668904272278,81.54639192563347,43.596623555186184,0
2023-01-02 21:40:00,9.301476229304077,27.552527975747108,78.9364004153454,116.68110903698738,0
2023-01-02 21:50:00,13.233043309027497,25.74241352694012,81.15229940313817,118.68623475341542,0
2023-01-02 22:00:00,8.681351730445664,25.036461994274234,83.36485103015958,91.35197625444077,0
2023-01-02 22:10:00,9.363397971791333,24.960939221065797,81.4728840027016,125.45820434494848,0
2023-01-02 22:20:00,8.916758473381625,23.572742213591066,76.76581847916188,98.73804894091307,0
2023-01-02 22:30:00,9.825969553363725,23.91203317325463,76.85400196514838,101.24863406654886,0
2023-01-02 22:40:00,8.833754337351404,25.854752090941595,72.80147351690982,106.79057574808432,0
2023-01-02 22:50:00,10.97348300431612,22.22927896311101,75.7303985123964,163.7314982362211,0
2023-01-02 23:00:00,10.394626824580532,26.18610810056604,89.81034180949264,126.8886781616601,0
2023-01-02 23:10:00,11.547095230214037,24.222985865762293,76.03998212952378,114.02262401425835,0
2023-01-02 23:20:00,7.8981176676220795,26.65111414973913,74.0331059377809,81.7439102679761,0
2023-01-02 23:30:00,9.319319034234194,26.922186914464167,81.59963930922386,102.87179650958984,0
2023-01-02 23:40:00,9.54855473677573,21.65383197498852,79.4481762035407,83.73751812307228,0
2023-01-02 23:50:00,10.911293820177189,23.836838473545562,79.02203381575387,116.44221694565626,0
2023-01-03 00:00:00,8.41355760558593,23.288944624118752,87.04522983206044,102.80933951469713,0
2023-01-03 00:10:00,11.831307608516688,21.374544069853712,82.74563337779182,77.50956640772209,0
2023-01-03 00:20:00,12.372831181035217,22.93493344758118,77.35003534148262,101.62249166837006,0
2023-01-03 00:30:00,8.022255304728832,29.88251169053068,77.8776204120411,83.01165060567389,0
2023-01-03 00:40:00,9.018254210212868,26.21901979242488,77.48706743047157,103.02432442675094,0
2023-01-03 00:50:00,8.936136983415816,28.834575937211508,84.37369810790129,82.81845367269487,0
2023-01-03 01:00:00,15.264772409354997,26.65819688003667,78.45926185273431,100.54975266721625,0
2023-01-03 01:10:00,9.140199789584226,23.51631367798305,71.03423248772924,115.0093972387019,0
2023-01-03 01:20:00,13.35525088431227,24.236457606651914,79.75840160632828,98.93896016149787,0
2023-01-03 01:30:00,7.46673600978678,26.176872360480615,72.31486999436035,92.18223465655223,0
2023-01-03 01:40:00,8.020698067671272,25.875012406946073,90.92115300877451,104.06552442114925,0
2023-01-03 01:50:00,8.626790936303598,23.845315968583332,75.17166043076385,113.94365241585706,0
2023-01-03 02:00:00,8.308621377106956,21.980013658841585,79.19067617321134,77.8563346023648,0
2023-01-03 02:10:00,9.464202531683002,31.575522374777478,81.29101367350569,105.21312309410405,0
2023-01-03 02:20:00,8.582443594557004,24.71770065531439,78.55670919660385,126.350816380348,0
2023-01-03 02:30:00,8.361316814530852,24.34852221363476,78.54984799266904,111.4731392655343,0
2023-01-03 02:40:00,12.316943992946655,25.226668927810604,82.10913643080438,101.15508293334456,0
2023-01-03 02:50:00,12.44758724502633,24.514542821377944,87.6310797939814,112.7947501339779,0
2023-01-03 03:00:00,11.898592996750631,25.24545781541097,83.83754540908649,109.04992912205364,0
2023-01-03 03:10:00,11.047997911168656,27.573894572232838,87.39256939286771,115.07202218319628,0
2023-01-03 03:20:00,10.185486131559104,24.750903040627154,74.7669044595325,59.52136778034111,0
2023-01-03 03:30:00,9.005938618668182,22.67457912134448,81.58681316627681,68.9308773267347,0
2023-01-03 03:40:00,8.093684990489816,24.67671241104278,80.7762302602914,120.09658298966474,0
2023-01-03 03:50:00,10.725991406865376,24.071196437180177,81.75545645838368,69.89441647677118,0
2023-01-03 04:00:00,7.652739214906404,27.847797874493704,86.88115985317786,108.0307727143841,0
2023-01-03 04:10:00,8.012158141649213,27.34223812947514,78.89605425103973,92.95900687935416,0
2023-01-03 04:20:00,12.30582651240962,25.2150500008616,77.97248316722956,80.07621508808006,0
2023-01-03 04:30:00,13.801298083444173,22.442528290361487,82.66990398709332,106.99299514294947,0
2023-01-03 04:40:00,10.786590276332962,22.54821547312011,71.10898636217077,104.0206700743314,0
2023-01-03 04:50:00,12.212914304589289,25.030246523169108,78.81573975438911,142.20685304192756,0
2023-01-03 05:00:00,9.508303365112033,25.67264593864256,79.32901155357274,87.50377590928221,0
2023-01-03 05:10:00,7.324651627824632,24.25075436134789,75.39820691846538,128.80220240138348,0
2023-01-03 05:20:00,11.224343237237168,24.039660831585532,85.28529505678289,107.04845828768629,0
2023-01-03 05:30:00,11.138578646540127,23.814401533642705,74.68879841328358,86.77956236914575,0
2023-01-03 05:40:00,10.143337107760487,24.953212079512106,79.32063475818101,115.9849291503449,0
2023-01-03 05:50:00,9.515249083789778,20.23447529585387,81.46578612661484,111.31477008907902,0
2023-01-03 06:00:00,11.924421157162197,22.79734674246058,86.76725780738059,100.71686589716099,0
2023-01-03 06:10:00,8.02853393314505,23.7458983091053,79.94721782559573,105.32590712881247,0
2023-01-03 06:20:00,8.452438842218685,27.41500638990384,84.68076797064106,88.06025937908936,0
2023-01-03 06:30:00,7.983786986479144,23.37237271614214,83.50297698638563,83.48425749490985,0
2023-01-03 06:40:00,10.169945925271655,25.36093628366241,80.61728778084571,115.18884347645167,0
2023-01-03 06:50:00,7.8242139757814835,25.45308550186199,74.55243295863272,95.52121151373451,0
2023-01-03 07:00:00,8.631515638969512,27.595833011321524,72.82709569547825,98.39834003501815,0
2023-01-03 07:10:00,8.588488875545604,27.5251548139283,80.53252700709594,105.59643191888554,0
2023-01-03 07:20:00,9.478783335332084,24.88499406241017,77.28651563048693,105.30576689567616,0
2023-01-03 07:30:00,7.025251107192046,24.049030517621116,84.59630545840646,71.4134705805187,0
2023-01-03 07:40:00,10.174409984074535,23.67233379434862,83.72928259049289,125.72504172909717,0
2023-01-03 07:50:00,12.494607301329356,24.517873555068437,79.07694502781474,102.42364303801357,0
2023-01-03 08:00:00,10.270982744633525,24.1319332913528,74.21143538029365,95.94693474355701,0
2023-01-03 08:10:00,13.082642289602642,26.107254818716463,82.55367774803636,108.61692010339493,0
2023-01-03 08:20:00,12.667996371753851,25.84061963497041,74.91025276932425,104.73084387229726,0
2023-01-03 08:30:00,11.555470094495709,26.183602382290033,76.20768038534567,115.34125378979404,0
2023-01-03 08:40:00,10.14937168527377,27.518567422872337,75.10292130892422,110.75967344301883,0
2023-01-03 08:50:00,10.045000776490879,28.725738242800354,79.30749489030023,114.35692457992533,0
2023-01-03 09:00:00,11.52759954472652,25.249326786815114,85.8509616703528,127.01987811455032,0
2023-01-03 09:10:00,9.216658780991935,27.198927542791306,79.97479564888236,117.67249097941944,0
2023-01-03 09:20:00,6.234958497065072,24.29667963233157,77.78390653786153,96.79027559342875,0
2023-01-03 09:30:00,10.98400810820592,27.37001396716603,72.37192534977378,77.54197687846334,0
2023-01-03 09:40:00,7.7378627401300575,27.12301831435169,82.76062292364921,133.3559586600903,0
2023-01-03 09:50:00,8.07571754361923,27.016831939885982,76.09797697035687,95.24553253305774,0
2023-01-03 10:00:00,14.746122303403313,21.44780625982657,59.60439938703925,144.44655081080913,1
2023-01-03 10:10:00,9.80975024489306,23.663283672018224,78.22890692041679,65.26546364471122,0
2023-01-03 10:20:00,7.175848787368739,22.210943124269047,84.1908860979972,106.76946210624223,0
2023-01-03 10:30:00,10.330983128266281,24.919925584957802,79.21381803985724,102.97773207907541,0
2023-01-03 10:40:00,11.932279321722097,28.066025084498367,79.70536822738474,69.69770127501039,0
2023-01-03 10:50:00,7.743316859468434,24.380310197271854,82.4287357372773,109.06548084266352,0
2023-01-03 11:00:00,12.544966661697519,26.570253170920108,90.53470091131592,90.03616158597121,0
2023-01-03 11:10:00,12.454194207981697,23.90240536786208,62.72000993003987,195.40832607228688,1
2023-01-03 11:20:00,14.234648288741907,24.432627558145654,79.55696946825695,88.61277615818264,0
2023-01-03 11:30:00,9.177479139033034,27.63268967503904,80.01598995307644,91.29613335604414,0
2023-01-03 11:40:00,10.291233993653783,19.182678511038993,77.37570269837782,82.50447551491264,0
2023-01-03 11:50:00,6.21593285502866,22.55449944252365,75.25002148240152,125.55753042083944,0
2023-01-03 12:00:00,9.875727867061382,23.16873540728308,77.23624606466839,92.54448411070494,0
2023-01-03 12:10:00,10.456964355436384,23.36056995426522,76.13925518144029,85.50171692469007,0
2023-01-03 12:20:00,9.827675791801012,25.67252590237179,83.26684191897942,114.13910019841084,0
2023-01-03 12:30:00,8.873837845895252,25.580075606107805,74.64402571065507,72.39294129173629,0
2023-01-03 12:40:00,8.10687096294437,25.787981144350017,86.66605280690023,112.50221092497895,0
2023-01-03 12:50:00,17.185223882809083,22.64103638417802,57.85412374699114,180.5169422087293,1
2023-01-03 13:00:00,10.0616142699959,23.0997908617087,80.10250864683834,111.33215665670178,0
2023-01-03 13:10:00,13.081504753033546,22.563647866385363,80.00159305732534,112.7579663251985,0
2023-01-03 13:20:00,8.947035290410154,25.792639364015727,77.21359345192724,117.40120433814968,0
2023-01-03 13:30:00,9.130410613255567,23.73953585270712,81.35042205673882,134.19416057351037,0
2023-01-03 13:40:00,11.631188489192326,21.85904990926406,85.44046231604294,124.19787920038209,0
2023-01-03 13:50:00,6.754050075992872,26.942688569082964,76.48421768872093,108.79339444546048,0
2023-01-03 14:00:00,7.573073279694154,27.790203813004595,72.33303955540634,118.07782801272003,0
2023-01-03 14:10:00,12.194969942706328,28.11432177939732,83.51609127428372,82.28130149069779,0
2023-01-03 14:20:00,7.656132141553611,25.37401544294944,81.621829871219,115.52587181494644,0
2023-01-03 14:30:00,6.361897969394905,26.251864191945806,74.3990059927941,79.88888057632505,0
2023-01-03 14:40:00,13.737054376146181,27.73973644672382,76.33304314542941,92.65955162736746,0
2023-01-03 14:50:00,7.2123647042515895,23.717168419953133,75.7044786297493,38.34875649713525,0
2023-01-03 15:00:00,10.368238796656339,27.221355368108185,76.37733865482876,108.02859318734924,0
2023-01-03 15:10:00,10.138170385448543,25.550792468286417,78.38158622979407,87.12255977783295,0
2023-01-03 15:20:00,4.378743366763833,26.827423304685183,78.66726347859627,122.22290430408925,0
2023-01-03 15:30:00,9.465365953664381,25.37218604175187,76.7460317246577,107.80385221210805,0
2023-01-03 15:40:00,10.89682649895822,27.592513419496004,76.20918090250036,122.4819178940325,0
2023-01-03 15:50:00,10.708618763037721,25.447047525083075,78.8560782804031,78.32806910654924,0
2023-01-03 16:00:00,11.807041367607003,22.032041881065165,80.8384576742978,120.76772074319265,0
2023-01-03 16:10:00,14.422069419999907,25.86358559946238,58.899238757798216,155.7651246118655,1
2023-01-03 16:20:00,11.425008884184322,23.104938518055775,85.79333511670652,115.28316599863788,0
2023-01-03 16:30:00,8.621341863839856,27.506116420487828,82.54043857210394,115.80698017384577,0
2023-01-03 16:40:00,7.17906516717445,24.819514237119357,72.04577071570652,103.39195352789869,0
2023-01-03 16:50:00,7.404543248637535,27.352021970395413,82.61863882706926,89.50662438869271,0
2023-01-03 17:00:00,7.075779089609171,27.26953722973353,83.0277199129279,115.22384745403018,0
2023-01-03 17:10:00,12.019171935782389,25.860285948630743,77.82632515937904,69.87834179195863,0
2023-01-03 17:20:00,6.970852981882887,26.01707063525426,72.52401206348422,91.64489750158367,0
2023-01-03 17:30:00,10.548077681298606,25.84525723438513,80.04033379705568,64.57886395325636,0
2023-01-03 17:40:00,9.468151611855134,20.972350487437843,79.96145674258878,85.92687245369834,0
2023-01-03 17:50:00,9.794702853098737,25.236660437796406,74.39176881733403,112.84090183787123,0
2023-01-03 18:00:00,12.727214590399399,22.76787164785621,72.74390391870033,110.10786752440927,0
2023-01-03 18:10:00,9.123145265569454,25.342374287491324,79.5622322677328,101.01827391070945,0
2023-01-03 18:20:00,11.223203123099367,22.71411490723357,78.83461403974589,103.40801988124021,0
2023-01-03 18:30:00,10.075126702762223,22.63009611754785,77.91367317338803,62.28270764271581,0
2023-01-03 18:40:00,9.695962188734605,28.209869003507805,79.58294632626719,92.5487543885817,0
2023-01-03 18:50:00,14.599938248772947,27.138894776248378,74.4861181308984,86.3729678712958,0
2023-01-03 19:00:00,7.11731650856926,24.99171483011169,77.82589693566943,86.81880618970918,0
2023-01-03 19:10:00,17.177373705520438,24.033227278694433,58.89568534790972,182.91255827245413,1
2023-01-03 19:20:00,11.312813130979944,24.50416794851398,78.25014959824355,82.78985346989379,0
2023-01-03 19:30:00,9.040950010736433,26.139752751959044,71.64013764103724,87.90638299745179,0
2023-01-03 19:40:00,13.258637034883224,23.64789126690239,77.63653861138214,58.25861508580967,0
2023-01-03 19:50:00,6.303779775222926,26.987480525735915,74.6492076824657,94.11753639247661,0
2023-01-03 20:00:00,8.956466685401857,24.493826317971777,81.33568148230866,78.24324904572761,0
2023-01-03 20:10:00,7.583035591461847,24.160306008337542,81.59418701690213,101.58405857379287,0
2023-01-03 20:20:00,10.82416692974292,25.043426036969684,71.70612687456985,80.9778390651507,0
2023-01-03 20:30:00,7.773871797625645,23.817706340148778,83.79506485291094,102.09084491098433,0
2023-01-03 20:40:00,10.866127893482638,25.657364698992964,74.43906849360721,97.10628478515314,0
2023-01-03 20:50:00,9.627127168356893,23.9252748213732,87.79591145241176,133.44083546084642,0
2023-01-03 21:00:00,9.041292114687831,25.937047205637672,79.75611867749691,109.94435960906387,0
2023-01-03 21:10:00,10.777294492066622,27.43201307782295,73.76803250730418,63.20724254875394,0
2023-01-03 21:20:00,14.498701910860488,20.00432700389585,50.87076407687663,130.20779244620815,1
2023-01-03 21:30:00,7.822730313881923,24.738849085409658,81.74047645893673,101.10416017984666,0
2023-01-03 21:40:00,15.602745979269958,25.922661426070842,78.04350055050811,81.40304103214699,0
2023-01-03 21:50:00,9.025665633941712,24.128285290037187,79.5167304519093,40.63263139528296,0
2023-01-03 22:00:00,5.5647818396959705,25.92864112165333,88.0639011634852,126.99092627667487,0
2023-01-03 22:10:00,8.315802620557223,26.11079772130348,76.50377967885463,114.40448033810816,0
2023-01-03 22:20:00,7.46544662325454,27.166523552588608,80.29981428847853,110.41953746983543,0
2023-01-03 22:30:00,11.652291232081032,23.788019907830176,87.09922243686526,87.8535390905817,0
2023-01-03 22:40:00,10.643305319183172,23.11444951953905,81.35256737733201,108.55353542019859,0
2023-01-03 22:50:00,10.797425603580688,24.384845220872513,71.96698632320997,85.91279351558236,0
2023-01-03 23:00:00,9.259955068325512,23.0644953209058,82.52694505866069,104.09714600435382,0
2023-01-03 23:10:00,9.441299505886157,26.128996408094995,74.18498571108277,81.58833548327046,0
2023-01-03 23:20:00,9.258137792784664,22.67649739964718,87.03403764366483,130.3257690111203,0
2023-01-03 23:30:00,9.837613631729061,29.666032836505376,75.88566197501011,68.59526691836311,0
2023-01-03 23:40:00,11.67066687072967,27.5918557231475,94.84754753872832,124.64567659021662,0
2023-01-03 23:50:00,10.672150825010693,25.02515153920063,87.33687994163839,100.77831656034661,0
2023-01-04 00:00:00,11.000225659241734,26.73478898599595,76.0169371518601,90.21066009316019,0
2023-01-04 00:10:00,10.999117816498405,21.726396271378416,80.10006902500805,103.34005843391476,0
2023-01-04 00:20:00,22.164965788398327,25.302736428723385,70.20056887601439,156.993485284182,1
2023-01-04 00:30:00,10.57630008308051,23.819570775599022,83.91830237113354,127.33493473388793,0
2023-01-04 00:40:00,10.717696145357838,24.75900517220128,82.21168129988098,106.26286046267064,0
2023-01-04 00:50:00,12.377612482386313,21.288133425623126,86.26079518483056,82.18607829475445,0
2023-01-04 01:00:00,8.669908163993776,25.97257460948179,79.38515526682815,101.11260247531577,0
2023-01-04 01:10:00,8.288514840096985,22.787311685845783,78.16641165711984,136.33586473324746,0
2023-01-04 01:20:00,7.628156801626288,25.203311523132058,78.26568006037695,126.95356171025247,0
2023-01-04 01:30:00,15.98909772485536,21.907496074320814,56.92694827171148,156.92871267915723,1
2023-01-04 01:40:00,6.2925355175617534,22.844512130139314,81.82590520151324,115.91374040244773,0
2023-01-04 01:50:00,17.21490210898144,19.16908281636797,68.55792722880474,159.03251428333743,1
2023-01-04 02:00:00,9.781613810998895,25.451576068171043,83.97617124628592,123.17509669019739,0
2023-01-04 02:10:00,12.269279399642114,22.437018054262353,69.74473796073073,90.8674242855619,0
2023-01-04 02:20:00,8.65616537907002,23.502376657952844,81.55034411937575,72.89827868449987,0
2023-01-04 02:30:00,9.593363429164986,26.326546762528956,81.09284444436858,101.38007001474122,0
2023-01-04 02:40:00,12.244406666586737,30.204959749748625,88.34404040650352,83.64836826444618,0
2023-01-04 02:50:00,12.766271293556304,25.955177639106008,72.35706008868166,78.89958489245632,0
2023-01-04 03:00:00,14.515742479152554,20.122053306829013,63.19909991449455,142.76322381643587,1
2023-01-04 03:10:00,10.36356246517432,24.26577165985538,80.37704564462332,149.70627849067372,0
2023-01-04 03:20:00,10.588837955368096,25.063178012305155,82.44494765330022,102.72249268151688,0
2023-01-04 03:30:00,10.747306811242296,24.301150098728584,88.37959393804688,107.23815672721976,0
2023-01-04 03:40:00,9.474848681368755,26.806116333473867,82.80380634002786,75.55274385991493,0
2023-01-04 03:50:00,12.56276679624727,25.43494696602845,82.0018414473128,63.1249408241474,0
2023-01-04 04:00:00,6.220593032756909,26.81570476981974,81.21145592901159,83.61894713762388,0
2023-01-04 04:10:00,9.157739530397832,24.371112419404742,77.58260932502812,128.76391170417497,0
2023-01-04 04:20:00,10.895861465545893,27.651000439442512,79.85755437744804,106.68550932153042,0
2023-01-04 04:30:00,15.388815977304567,23.002720353129984,64.00780135391442,143.0510525730386,1
2023-01-04 04:40:00,12.705518061229526,23.05762026172402,79.77716550287259,114.77132078404122,0
2023-01-04 04:50:00,12.396450786402575,29.354640762084443,68.32034651472452,88.17301240403444,0
2023-01-04 05:00:00,9.428916749385552,21.350044506077765,82.14519783783774,127.75931167946734,0
2023-01-04 05:10:00,12.59974248706121,23.522522549390146,79.39131373108188,87.34384801555636,0
2023-01-04 05:20:00,8.57191651244509,23.74594429633921,78.31898131666618,128.12464718525106,0
2023-01-04 05:30:00,11.861774765583675,30.016612546113127,81.09879041970072,108.84604312270682,0
2023-01-04 05:40:00,13.621044956841986,28.61371776829302,72.83218038517279,64.21909691507355,0
2023-01-04 05:50:00,12.429888213709939,27.987856287284394,89.64634998310642,85.0398102679893,0
2023-01-04 06:00:00,10.211540767048247,24.338682675247338,79.486162692562,64.30122934255792,0
2023-01-04 06:10:00,9.336442456455755,29.85235600768355,79.27077783513906,123.26564265588416,0
2023-01-04 06:20:00,14.530795834064763,23.868209309034107,52.166835008577024,148.0894473910086,1
2023-01-04 06:30:00,10.621079275828407,26.954526740606244,80.11973191224631,55.43315120100439,0
2023-01-04 06:40:00,7.769565544058162,25.359390762212414,86.9347994513664,107.51493763439316,0
2023-01-04 06:50:00,8.413730672772127,24.9010668573535,85.17958104716017,89.25671475223359,0
2023-01-04 07:00:00,7.618508398526657,24.49644265214724,84.27218875570279,70.32388289933354,0
2023-01-04 07:10:00,9.07921533468669,24.580720013161674,82.73199475833636,133.55931673937394,0
2023-01-04 07:20:00,9.944061171026036,26.21698329735616,78.20728736218695,102.14571732193157,0
2023-01-04 07:30:00,10.54722916233141,25.734399597550777,72.74918416481648,94.13137195373375,0
2023-01-04 07:40:00,8.798986729172073,24.93705725959263,78.99480614066682,92.01150438027966,0
2023-01-04 07:50:00,16.556239871937684,25.00326321203706,49.51106828658075,137.44082934147127,1
2023-01-04 08:00:00,16.69369858190517,16.470956150442642,66.30886548110726,112.56955864863977,1
2023-01-04 08:10:00,12.756141137336066,24.33268747260063,62.82873042656483,176.50218608513822,1
2023-01-04 08:20:00,10.452584534486872,26.435477413317958,88.06155763951774,90.52234260428563,0
2023-01-04 08:30:00,13.927105667087632,27.29392573651034,85.98744270019087,100.44135401873727,0
2023-01-04 08:40:00,10.670321133070235,24.870257117893278,77.71752195247952,59.113390475978505,0
2023-01-04 08:50:00,9.274288745252786,25.415840134767915,71.02435401690066,73.63815928408988,0
2023-01-04 09:00:00,6.945077287762592,26.971896766629442,86.9278761697074,112.19625039749505,0
2023-01-04 09:10:00,12.641230319767777,26.676372089785765,63.744726119569464,179.58733335485425,1
2023-01-04 09:20:00,10.469856250176232,24.398928029642462,73.16894204548888,135.06750397448633,0
2023-01-04 09:30:00,9.224838217488859,25.53395156625512,87.54620009913751,126.85912663262452,0
2023-01-04 09:40:00,6.669230723518001,28.357147928697515,81.91058585296258,95.38578055030354,0
2023-01-04 09:50:00,8.298869220993133,20.751945848242297,80.80342749062827,109.45907129426541,0
2023-01-04 10:00:00,12.909076921775515,23.61997480037083,88.07391627123664,93.66793114193852,0
2023-01-04 10:10:00,12.868002007460921,27.931671957205925,86.72342586615308,141.09619637277297,0
2023-01-04 10:20:00,8.226721661590805,27.185075667216605,83.25665475997602,122.980293921048,0
2023-01-04 10:30:00,11.345513574398844,26.04489042185339,82.36608532905991,103.39370181715502,0
2023-01-04 10:40:00,7.642854430459653,24.10280625378176,83.0819714526518,104.00789569752703,0
2023-01-04 10:50:00,12.808632563989905,23.23636300202916,77.99971283058737,128.89700574519617,0
2023-01-04 11:00:00,16.221264112260858,21.66428808944176,61.37147503115111,167.91307323918465,1
2023-01-04 11:10:00,11.899282997233067,28.096016441637385,75.48841422702729,131.17256034140172,0
2023-01-04 11:20:00,6.569813305634922,23.74311462168931,78.3348011213054,56.12704147482253,0
2023-01-04 11:30:00,11.355274203849776,25.202845928479316,78.16683060665534,109.22456522997597,0
2023-01-04 11:40:00,9.984651872630993,23.492584710276507,76.82347315189168,89.6913027063723,0
2023-01-04 11:50:00,11.703858141581685,26.685548060198055,80.68373251324232,135.12755975255985,0
2023-01-04 12:00:00,11.8297355961957,23.922547439307117,78.38009574649712,130.9279737437966,0
2023-01-04 12:10:00,10.131569378949498,24.804812219691172,82.51117360175986,100.65671618202613,0
2023-01-04 12:20:00,8.79834072180817,21.633235733914347,71.88839693353117,130.71261957622062,0
2023-01-04 12:30:00,11.559392364358988,21.77326352759012,79.4332260294635,135.66229039985012,0
2023-01-04 12:40:00,9.879691001189745,25.015346386643014,80.65775820088747,101.48813343852295,0
2023-01-04 12:50:00,8.254430092944714,22.349685689604478,78.4468538008156,149.43867544863716,0
2023-01-04 13:00:00,10.950358824880414,26.016364270337885,50.04664298223974,150.63241515146012,1
2023-01-04 13:10:00,7.045671167375237,20.8769537757755,72.07376994635071,95.70958099328182,0
2023-01-04 13:20:00,8.979417680873873,23.39964940267179,81.78238552334746,117.31745177168686,0
2023-01-04 13:30:00,12.205384092148757,25.0334017345351,83.23802991283536,92.92418537715372,0
2023-01-04 13:40:00,10.355659599410869,24.26973412440843,82.46768647101884,101.70679551589788,0
2023-01-04 13:50:00,8.940464588153919,22.791709086672164,85.19363529721092,128.1886884810182,0
2023-01-04 14:00:00,11.609711876360159,23.084144321009465,81.00764802891251,100.38437704434541,0
2023-01-04 14:10:00,8.335046756553222,23.018691845001523,82.39340590325469,66.09964414049385,0
2023-01-04 14:20:00,10.190700548665557,24.426556610359874,80.78045369228427,107.34638775698393,0
2023-01-04 14:30:00,9.640739254548969,28.90385817903485,83.43775359796247,86.0741284189521,0
2023-01-04 14:40:00,11.558261251176704,25.15587459311642,72.11385181933939,117.30542314589093,0
2023-01-04 14:50:00,6.8455432581609985,27.36580097877505,75.53209516010995,113.92379431652492,0
2023-01-04 15:00:00,8.299604508370688,26.013952691656282,87.93449828516546,129.42800696333043,0
2023-01-04 15:10:00,6.723508681810933,27.22772479596444,67.69782088951898,118.15064601585394,0
2023-01-04 15:20:00,9.48080655638146,19.400071394812826,79.29911035087328,121.8048856731613,0
2023-01-04 15:30:00,12.422855007264861,24.39108395770354,85.86137479804034,86.61806479724574,0
2023-01-04 15:40:00,8.989105580692947,27.614270846301427,79.53369667229117,116.07972991781006,0
2023-01-04 15:50:00,8.978632123608698,23.856528354501332,77.97494464274651,139.3690257872058,0
2023-01-04 16:00:00,11.743448848368272,28.524946329739223,80.6471083840765,86.22700182726466,0
2023-01-04 16:10:00,12.1370991169106,27.967780307535524,78.23439909998777,135.99476583454197,0
2023-01-04 16:20:00,9.82285786546242,24.061738567745074,80.1542474637847,89.0129981759734,0
2023-01-04 16:30:00,11.369429708099783,23.993672961907286,76.58309481739936,82.96057509900052,0
2023-01-04 16:40:00,7.846090918244107,22.972788315291062,85.54337209977862,105.92400886709676,0
2023-01-04 16:50:00,12.755948667850827,23.740811536272403,87.1163246053283,114.3182083225762,0
2023-01-04 17:00:00,14.297412587874103,22.53482187166217,79.33304838944188,118.2350024794453,0
2023-01-04 17:10:00,11.04243158237745,25.85762236086601,73.06755289654379,80.76475158453596,0
2023-01-04 17:20:00,5.831336757314399,22.087907013307134,77.38078414843302,108.69080194508581,0
2023-01-04 17:30:00,8.883539475204431,26.207466032380445,79.08005669948518,86.2889085703299,0
2023-01-04 17:40:00,11.225650643338643,26.256157393800496,82.52769438451604,70.22155487858846,0
2023-01-04 17:50:00,9.157034005667274,21.677591189632153,74.95993388414661,81.42527368934431,0
2023-01-04 18:00:00,12.544397108500196,28.099637212656678,76.15418840678925,84.98199268088364,0
2023-01-04 18:10:00,11.17631452887173,26.027218588830443,82.55338068929403,110.43190320705014,0
2023-01-04 18:20:00,8.587048998468408,26.49939604288974,84.6945441601978,123.04427326137338,0
2023-01-04 18:30:00,10.064529621542505,23.482669596914455,76.89202977414658,70.53586740249466,0
2023-01-04 18:40:00,8.21233355872182,26.244758236946236,73.33391473024503,107.03922148416112,0
2023-01-04 18:50:00,9.634830243175116,27.252786899444132,96.42059100643942,76.46603628458188,0
2023-01-04 19:00:00,8.890813519134896,24.802783201990646,83.91652118544357,112.58170818028,0
2023-01-04 19:10:00,12.349523600466076,29.00384491849672,78.66498119116484,87.54538837992504,0
2023-01-04 19:20:00,14.23202411366199,25.088129269825874,84.3451563776542,78.97341963953443,0
2023-01-04 19:30:00,13.208903783561714,24.28797235350809,58.41675560413441,171.0596548560415,1
2023-01-04 19:40:00,6.153567427580496,25.58601761451731,84.33578444550093,88.2615478910981,0
2023-01-04 19:50:00,9.509655156297228,26.171043065713736,80.79696598888111,93.68072097294603,0
2023-01-04 20:00:00,6.963168602342635,21.657335464730455,80.45635949083787,55.60021824887247,0
2023-01-04 20:10:00,10.092423207341835,25.742107476430725,79.43209065884605,118.93102722846947,0
2023-01-04 20:20:00,11.497872227611854,23.530049797485468,72.76309333268455,116.41817042338215,0
2023-01-04 20:30:00,12.98828379453365,23.307203388444623,89.69047449696569,100.10915688562628,0
2023-01-04 20:40:00,10.402789117430562,28.488206368931955,75.29233039866128,69.44838117288482,0
2023-01-04 20:50:00,9.613689550300842,24.5724595038753,73.19988211844702,124.18738356669526,0
2023-01-04 21:00:00,6.0432301668538315,22.993396338049006,78.93570058621816,86.67473227278418,0
2023-01-04 21:10:00,10.052370298371597,24.28173674378225,75.19264093244746,90.93293099798824,0
2023-01-04 21:20:00,10.142574521098924,22.399099542156172,79.74143604719865,146.24088112719062,0
2023-01-04 21:30:00,11.277913628425491,27.86776893639254,83.43881924280885,85.92727111781541,0
2023-01-04 21:40:00,8.583023796941818,23.60863851166697,84.97651450264611,114.84419924853,0
2023-01-04 21:50:00,9.12989479952828,26.058599867887338,84.0736536081084,111.24184524165236,0
2023-01-04 22:00:00,9.655678177208998,25.213451385920727,60.072687267175226,153.79479050750467,1
2023-01-04 22:10:00,5.4174143862318695,23.999694637570542,80.24795913830793,105.64001085109022,0
2023-01-04 22:20:00,7.7830058184064335,26.064044864545572,82.03939525448746,107.52777123778398,0
2023-01-04 22:30:00,6.859348371493967,22.93982789019114,71.21106288028963,105.4388118188108,0
2023-01-04 22:40:00,10.673424590841222,29.89153913822737,82.8529235005993,98.96163282447878,0
2023-01-04 22:50:00,8.963731886666285,26.872760269233243,72.71350356208085,130.22566248221483,0
2023-01-04 23:00:00,8.923525739850422,24.614787122478386,90.20173299453245,73.74678878401443,0
2023-01-04 23:10:00,8.031173907649576,23.454332538222072,77.97742457679152,120.42916208030753,0
2023-01-04 23:20:00,3.534869134975133,24.772006894320747,79.07562411402705,116.44684597375104,0
2023-01-04 23:30:00,13.016621497495102,24.32003255529696,76.15146450381073,113.96798242658802,0
2023-01-04 23:40:00,7.999458954446423,28.905889107999013,76.85014984072156,122.33958855280257,0
2023-01-04 23:50:00,9.175159860300186,22.548930555570195,91.3704678457162,98.14801209463214,0
2023-01-05 00:00:00,7.090215669421379,25.26960284658041,84.70184844311649,62.62051848346247,0
2023-01-05 00:10:00,11.943860686881267,24.96332386673258,72.2539877742608,98.55414680571029,0
2023-01-05 00:20:00,10.286857874074649,24.76517939931026,87.52106450342615,80.17611564750891,0
2023-01-05 00:30:00,8.347269429468263,24.782766690123314,85.96621137570716,85.36281580283872,0
2023-01-05 00:40:00,9.215540777311952,24.767858379759033,78.59393768855855,75.15160652335176,0
2023-01-05 00:50:00,13.35635984424974,26.7461321326642,81.53348471014918,90.45310283112332,0
2023-01-05 01:00:00,9.854061136237444,26.21796889298487,79.92527960289463,88.06752612033102,0
2023-01-05 01:10:00,9.636532924768188,25.837823222745573,89.86289952223466,52.44860340145795,0
2023-01-05 01:20:00,8.117237027721469,18.932021275709463,76.01854905503954,114.00443822564579,0
2023-01-05 01:30:00,6.210837699055395,25.599589748326327,80.73005304887863,144.40643716009765,0
2023-01-05 01:40:00,9.679922652841311,21.688721279659834,77.85927334503597,112.12474386992577,0
2023-01-05 01:50:00,10.650970224649235,26.292640326271652,72.83479797691074,95.94152086931544,0
2023-01-05 02:00:00,12.19916892865534,27.948994735141028,90.95819127527494,98.90507208647568,0
2023-01-05 02:10:00,5.503006931000689,23.1475217748229,74.09216710448794,91.58028263973648,0
2023-01-05 02:20:00,7.749807345953942,24.476438555314587,81.10064593743888,101.80083167733916,0
2023-01-05 02:30:00,13.200501757941392,20.599401395602523,53.99792460757674,162.25615097156972,1
2023-01-05 02:40:00,9.993038302853597,27.470863551513602,78.00464730378454,83.17903139203412,0
2023-01-05 02:50:00,9.709932616943155,25.190055770544145,82.10984410716729,133.6577677789566,0
2023-01-05 03:00:00,9.756622628625461,28.456658761132665,75.87633010248818,70.25691528580458,0
2023-01-05 03:10:00,10.81619211713989,25.827508405894775,82.93400925367827,114.36663086388492,0
2023-01-05 03:20:00,8.193413778441782,25.484900361271638,78.65479454055959,97.97604745364936,0
2023-01-05 03:30:00,11.868282884467389,25.13641356520567,85.80041256199307,138.0166363013149,0
2023-01-05 03:40:00,10.866904883398961,26.635984198514674,86.80880456670111,106.81729198496443,0
2023-01-05 03:50:00,9.360335471743841,21.524627603509312,77.06627619634995,92.80188925633503,0
2023-01-05 04:00:00,13.20181598377783,25.17068791104102,80.38366429696478,95.04585603131005,0
2023-01-05 04:10:00,13.112832071143533,24.85990711254407,80.91727113236117,100.79813389039522,0
2023-01-05 04:20:00,11.865790710387618,26.45083765431553,83.0967464771735,77.14418610007198,0
2023-01-05 04:30:00,3.962886458864415,24.624596788251925,80.07190998122132,84.66260949764177,0
2023-01-05 04:40:00,13.157890185435951,22.92253113167466,80.95105479671422,64.30112061616285,0
2023-01-05 04:50:00,11.589517044943868,25.0147013498394,78.7829676260244,81.54046203251812,0
2023-01-05 05:00:00,14.012817275425874,22.834318942263312,80.57619933486009,101.878129633209,0
2023-01-05 05:10:00,12.474929183467077,21.14947557482503,86.48970096767566,106.00350098569042,0
2023-01-05 05:20:00,13.156685354994572,26.454244962970986,83.23041620605927,60.41340610007196,0
2023-01-05 05:30:00,13.893850307311274,22.11809642552665,68.17102054808194,143.26246571011387,1
2023-01-05 05:40:00,12.697386397291025,25.934181887987148,83.61535162067788,111.26819901644265,0
2023-01-05 05:50:00,13.98824748146888,27.605856843891623,79.23095611059482,96.74175613247529,0
2023-01-05 06:00:00,10.433109476756412,23.66993621939215,81.59413521789766,87.32422708444399,0
2023-01-05 06:10:00,6.855538911843741,22.13777171445749,74.57413160832128,91.75677709903573,0
2023-01-05 06:20:00,9.385078199969715,24.85994044638391,86.34403828158479,89.18473290045556,0
2023-01-05 06:30:00,10.779891198766874,24.30499940058818,66.0851978382839,87.26538881783885,0
2023-01-05 06:40:00,10.149775168743115,23.315408566459862,79.56425803832288,103.47647050489697,0
2023-01-05 06:50:00,7.506876067681147,24.840301693024408,85.70447988575137,146.15376455470903,0
2023-01-05 07:00:00,6.737864749610042,23.77678970759083,73.18066033185329,85.12600166189634,0
2023-01-05 07:10:00,8.517674662730341,21.327989433286337,81.99889958808426,93.63714734677146,0
2023-01-05 07:20:00,11.615479111968302,24.11764661841248,76.59616776710486,98.96604121249537,0
2023-01-05 07:30:00,13.160679541645939,22.727249666592286,78.15598367405566,86.25291131283413,0
2023-01-05 07:40:00,11.833135227555402,25.463296143221847,84.7297048031972,121.96471607046853,0
2023-01-05 07:50:00,22.763188593033732,20.293803973084543,64.12905956321319,82.99047644651147,1
2023-01-05 08:00:00,9.838368853672884,27.223262948282102,69.82822066057818,89.37881659242649,0
2023-01-05 08:10:00,6.515835084588073,28.207732134535732,75.117872301342,116.36627472639924,0
2023-01-05 08:20:00,9.08955883823459,26.358762746023814,84.8766786744438,94.11811383222732,0
2023-01-05 08:30:00,9.482471176255242,21.89794763603336,82.24471359096499,83.58322082299418,0
2023-01-05 08:40:00,9.005895026328636,28.010391997758077,88.74067786262142,108.81513508877528,0
2023-01-05 08:50:00,10.109389730749252,28.15144090074753,88.41323797006649,118.12686470794304,0
2023-01-05 09:00:00,10.8828395197859,25.037581022615882,78.28877434926603,104.21270890430117,0
2023-01-05 09:10:00,11.706030376486995,27.645852320671064,92.51618902534744,83.97559280374233,0
2023-01-05 09:20:00,9.443760271267331,23.896649723906645,80.12239834925956,109.12406638303486,0
2023-01-05 09:30:00,6.192481188710813,21.267508130300822,75.18665732795488,91.9590139945042,0
2023-01-05 09:40:00,9.03424456141773,23.479431122756814,76.83180067044711,114.90373763787656,0
2023-01-05 09:50:00,10.087420793983968,28.458601732089512,68.7163744735529,129.6651776971318,0
2023-01-05 10:00:00,12.445615844266817,22.017840152777055,88.03509504124641,47.88846488622934,0
2023-01-05 10:10:00,8.864384315631789,24.99904256386299,87.97380994521932,102.22134946391266,0
2023-01-05 10:20:00,11.025087256798804,25.068287786680425,74.92246280593339,65.28532126104746,0
2023-01-05 10:30:00,10.580175799270865,23.974051512064378,78.86057855809047,148.8357717065954,0
2023-01-05 10:40:00,10.087801066246778,24.11295680032577,80.47803772056288,90.63750932407619,0
2023-01-05 10:50:00,11.861066638649183,25.144498268472404,75.19823473928943,114.92746483650745,0
2023-01-05 11:00:00,8.678317606494838,23.875675316130547,71.22448984364419,99.29366280810208,0
2023-01-05 11:10:00,8.849627100712967,22.155883005664137,78.94821198111543,83.93830838561881,0
2023-01-05 11:20:00,9.976198353811544,25.430063885886913,78.39460285270377,81.55893905645146,0
2023-01-05 11:30:00,8.7197069898126,27.146733164889945,78.05794379505612,131.71358346201518,0
2023-01-05 11:40:00,11.0160245821092,26.73914503730684,81.11358031300482,119.11876120356621,0
2023-01-05 11:50:00,8.573615391267735,23.380529065220376,87.14759829262997,138.87168174755126,0
2023-01-05 12:00:00,10.45260841549027,22.497544169244648,78.48453640154138,101.10906670315399,0
2023-01-05 12:10:00,9.799654462426487,24.431624235690443,80.85221499360681,105.75839242492,0
2023-01-05 12:20:00,10.429851929553411,28.13558301959133,83.63435261872468,94.65616868689423,0
2023-01-05 12:30:00,9.080517209873921,26.291196157919092,82.77071463256374,94.25835593769982,0
2023-01-05 12:40:00,9.321823410946346,26.407929353588468,76.9278823777608,79.16226135045264,0
2023-01-05 12:50:00,10.1920185359941,26.77971390357099,80.48188561557018,101.68020381848703,0
2023-01-05 13:00:00,10.404149012322625,25.841533125037174,82.73769910084526,84.21506810227606,0
2023-01-05 13:10:00,9.991596169217688,25.241217095227157,74.3582433124461,108.83817844328405,0
2023-01-05 13:20:00,13.410724713026168,26.324613793295935,86.31769505398255,103.40020437960419,0
2023-01-05 13:30:00,8.018526162517432,23.90766779156396,87.15794452607055,105.75364087351444,0
2023-01-05 13:40:00,9.871592410094573,22.17107397726736,76.38609872277753,133.5025987938045,0
2023-01-05 13:50:00,6.852741955766031,26.445993869248646,80.96835009174085,99.24564100468818,0
2023-01-05 14:00:00,10.744162957334773,27.47547621149845,83.21139128335516,115.13454005706856,0
2023-01-05 14:10:00,7.769506927246372,22.763536121287938,77.27192921835623,141.0301892817116,0
2023-01-05 14:20:00,9.443379488246848,26.6438429648318,82.40806922844047,126.13234138590096,0
2023-01-05 14:30:00,9.255871349337347,28.36153142677638,80.81627813146083,123.0633939690969,0
2023-01-05 14:40:00,10.561782253202344,24.99550759648576,72.66040911180599,93.86623568959,0
2023-01-05 14:50:00,8.89441816490964,23.363995630516506,82.2958065798928,104.59286111135593,0
2023-01-05 15:00:00,8.809388604612035,25.246037347053512,74.49928791864482,73.63447415940117,0
2023-01-05 15:10:00,12.871712928171796,23.898932063598597,84.69601425831024,109.97828801928829,0
2023-01-05 15:20:00,10.569133580949053,23.766539780087196,76.64394462433056,105.48920355227683,0
2023-01-05 15:30:00,8.877898295955465,25.866368134543084,79.19357283169427,100.46770250312362,0
2023-01-05 15:40:00,9.498332656377539,21.79254104994021,86.86139456723288,120.5438957648572,0
2023-01-05 15:50:00,13.29070990454149,22.112142155015547,82.48190823264423,75.84450355151208,0
2023-01-05 16:00:00,9.529670243497806,25.038581760747885,74.60263040212728,132.69725702320693,0
2023-01-05 16:10:00,8.621446753695224,24.955382922175136,74.92541714600458,118.03529375880568,0
2023-01-05 16:20:00,8.630007699747214,25.68710915407987,77.00348605688137,98.58732040696052,0
2023-01-05 16:30:00,8.901747038020845,28.750450776966776,81.97322041678333,97.02540824365212,0
2023-01-05 16:40:00,8.811004555146555,25.209028072151643,81.79149907466385,109.61222430497189,0
2023-01-05 16:50:00,7.440704303301514,26.19634430066959,75.78448847668565,130.4170246412756,0
2023-01-05 17:00:00,7.751599806106044,23.048934128770735,74.1639525719282,102.03215437380021,0
2023-01-05 17:10:00,8.341359251277261,26.535875327033075,81.40791702542917,102.88061803958452,0
2023-01-05 17:20:00,11.183142036906196,23.947218269778645,79.0906996710492,100.36236955251742,0
2023-01-05 17:30:00,9.237525425454253,25.142841665162187,90.78607943723868,135.64048225402945,0
2023-01-05 17:40:00,9.585676621811919,24.782302749861678,80.1830182828154,92.62233794125952,0
2023-01-05 17:50:00,12.540176050509794,27.06594846982806,89.07126413850138,99.40984802761858,0
2023-01-05 18:00:00,12.590014299876836,22.38004689125,74.1480820094783,129.2687130852199,0
2023-01-05 18:10:00,9.43575011372453,20.433522730769923,72.13393530219146,102.94021667225726,0
2023-01-05 18:20:00,8.738272978633182,24.57313460582415,74.39957433737233,122.74117720091044,0
2023-01-05 18:30:00,8.271139372652925,25.937062513810247,85.94564890726733,81.77439886194082,0
2023-01-05 18:40:00,11.385551539416475,25.304538751615,88.78050794846767,95.89414956742972,0
2023-01-05 18:50:00,9.590585532955425,27.464408474827824,76.08910273023683,129.68868076880457,0
2023-01-05 19:00:00,9.227010219354419,25.874745348359337,77.69716985120222,86.4732056847291,0
2023-01-05 19:10:00,8.372670849724894,23.87230333628028,74.1550954489375,96.97401920460585,0
2023-01-05 19:20:00,10.152748062744594,17.47046836311022,52.69516773270105,151.22067357842496,1
2023-01-05 19:30:00,10.64011638298649,24.525375531609562,83.59205848888315,80.21690964014027,0
2023-01-05 19:40:00,7.369123468225476,27.055918004515597,81.11510151481082,91.72379762756206,0
2023-01-05 19:50:00,11.989737387575877,24.21590443466577,80.05243991336938,102.2527336365128,0
2023-01-05 20:00:00,13.951938193162974,21.12856852069484,55.437912681676,141.2662893844722,1
2023-01-05 20:10:00,9.700728111496415,25.842720508613418,88.19978340914331,125.6070404167427,0
2023-01-05 20:20:00,7.326044083718891,22.96941525150037,77.48321630975263,130.82914389664506,0
2023-01-05 20:30:00,9.97526812351527,26.246471793277635,82.66813212408238,82.87830255998178,0
2023-01-05 20:40:00,9.34335811461888,28.27424358000341,72.72719297377638,102.22537038334978,0
2023-01-05 20:50:00,9.899838802287066,24.654373296213187,79.04737405189981,113.4849661684953,0
2023-01-05 21:00:00,12.94341779672378,22.741871156335396,81.45687228119291,130.32694931598394,0
2023-01-05 21:10:00,10.355396091580479,24.86679794595605,81.63537609026653,114.36980594634258,0
2023-01-05 21:20:00,8.410681631708393,20.551231782782263,80.77324271618312,105.81826803184663,0
2023-01-05 21:30:00,8.577360178906863,25.673806527953232,82.47261246024387,113.33085063965261,0
2023-01-05 21:40:00,11.190262371827536,25.904548755297157,74.3473977198352,113.4753766867252,0
2023-01-05 21:50:00,12.597386581986848,28.351272587691124,80.9868630271983,81.44571415431264,0
2023-01-05 22:00:00,10.5638360415021,24.61201041486675,80.5687884174014,103.85597585012538,0
2023-01-05 22:10:00,11.37742548910954,25.81697067629294,81.1583634209753,129.18321988377383,0
2023-01-05 22:20:00,11.21947544667341,23.2774237952282,80.36172608659591,95.85286462611991,0
2023-01-05 22:30:00,12.838128826715042,24.287145758949844,73.63393613043301,102.58893285094888,0
2023-01-05 22:40:00,6.1008196545479345,21.949629126675603,73.41100123945513,95.14967100947956,0
2023-01-05 22:50:00,11.334437878609057,24.61042075743353,68.92865907057724,53.7228100878625,0
2023-01-05 23:00:00,11.967472087807128,24.38938169296287,84.08767254922648,100.41180354469358,0
2023-01-05 23:10:00,7.322552587728853,25.59839953217779,84.13828754867599,106.03583861305745,0
2023-01-05 23:20:00,8.228663631987168,23.75280623933472,84.2177514561106,89.75013218238196,0
2023-01-05 23:30:00,8.298434502743692,25.166690701950184,81.53394981230726,76.90726102230543,0
2023-01-05 23:40:00,8.542419607245233,24.333239888784668,69.33440391140945,82.38787080436701,0
2023-01-05 23:50:00,9.036565898128949,24.33700122340097,74.86644754107367,115.28375232271128,0
2023-01-06 00:00:00,17.771814174769908,23.120574954142356,64.14295345865108,186.6385553389638,1
2023-01-06 00:10:00,11.73134930233474,25.08104588463402,80.67759001395898,127.64866681810865,0
2023-01-06 00:20:00,12.162633915537073,26.522348078103278,78.88625893423989,73.11307990338896,0
2023-01-06 00:30:00,8.324353877664436,24.75871393174033,81.84458601454124,117.09254621101405,0
2023-01-06 00:40:00,8.310594002594035,24.300229301753994,80.05825853842623,86.7367524838142,0
2023-01-06 00:50:00,12.631643680032447,24.63838510982555,80.60385232775681,88.35465874982445,0
2023-01-06 01:00:00,11.29348787083729,23.570671766318014,76.80467333583992,90.76048804057432,0
2023-01-06 01:10:00,17.238501500912044,21.50509735242201,54.415848778845756,161.53049840630229,1
2023-01-06 01:20:00,10.946673351109935,29.062317426146464,77.84614195659807,119.18506752898077,0
2023-01-06 01:30:00,16.643076680643393,20.375730414208633,58.497229967344325,160.01361057245333,1
2023-01-06 01:40:00,11.04916936609523,24.44268733224138,76.14500493590636,98.3785851798395,0
2023-01-06 01:50:00,9.327866606988518,24.225022673460618,78.2576690431901,109.28527486471586,0
2023-01-06 02:00:00,10.537609868878462,24.505656775511202,84.97001394184423,111.35989079048484,0
2023-01-06 02:10:00,6.978907899261007,24.33752138224321,79.78866000782604,123.52451413517059,0
2023-01-06 02:20:00,8.624431410349137,25.558480202442,79.06925890517175,74.31256048981602,0
2023-01-06 02:30:00,13.011520869976362,19.816603055659257,53.02351993795598,157.35347406272444,1
2023-01-06 02:40:00,16.953397826260176,24.49421710734837,60.964807900343516,131.2721673579304,1
2023-01-06 02:50:00,14.973755672044868,25.3401252801797,53.58969925196441,148.95170030540598,1
2023-01-06 03:00:00,8.932912748353836,22.51425682787373,79.49986070529332,95.47649424638479,0
2023-01-06 03:10:00,12.395771110524713,15.549667406432244,67.6939507633217,138.476430833366,1
2023-01-06 03:20:00,11.097400952789801,23.045855707717198,82.54381665524652,84.00514223778936,0
2023-01-06 03:30:00,9.834972962177211,24.514667077145756,71.85872976142413,70.25420413585142,0
2023-01-06 03:40:00,6.5895847844479665,30.16058379738155,71.15244881823764,58.111249465701945,0
2023-01-06 03:50:00,8.330340178906654,26.086513929948545,79.67844774940377,97.3763969147032,0
2023-01-06 04:00:00,16.154364370577518,19.3222344900734,55.13980978486253,119.56822550668444,1
2023-01-06 04:10:00,13.306110811997677,19.0345748587768,60.984996281967454,137.61284681785128,1
2023-01-06 04:20:00,8.606117079723807,24.893575127454035,80.2113153248249,126.45096925663321,0
2023-01-06 04:30:00,9.850814645983847,25.507367108596195,80.82692384511931,82.81123626409378,0
2023-01-06 04:40:00,10.687195070356433,22.370502279379153,76.46628409178824,128.33668164277606,0
2023-01-06 04:50:00,7.127295085921679,24.730019544045877,88.70691827643353,132.47687488538514,0
2023-01-06 05:00:00,11.10025696243576,23.56472172477892,94.2129686400523,60.98199066421238,0
2023-01-06 05:10:00,8.399413436785247,22.79248287479537,78.60707638121643,101.84762917997939,0
2023-01-06 05:20:00,9.964144063500402,25.519191293397906,81.765196242075,92.00607018328019,0
2023-01-06 05:30:00,9.929159718616981,26.547754346885643,80.48708671532157,41.76392110565469,0
2023-01-06 05:40:00,8.945867763520452,26.682082553923237,78.70156568279465,71.10717493863172,0
2023-01-06 05:50:00,7.952680507738571,26.148772702267753,75.83964766133602,115.49872214216948,0
2023-01-06 06:00:00,9.428626903815474,24.005260933719473,74.57516006259762,140.3839850542253,0
2023-01-06 06:10:00,13.25066061815039,26.42909952292701,74.32201367237238,118.05356285398497,0
2023-01-06 06:20:00,7.276649939072739,25.618108876208577,82.02620012774572,106.47264945025955,0
2023-01-06 06:30:00,13.38462603820975,25.267883765904028,77.40162760898183,99.57335236737825,0
2023-01-06 06:40:00,9.480557657846935,23.776613756596404,67.10853574929735,133.65325829296228,0
2023-01-06 06:50:00,10.070742834177278,24.006247745316944,82.22429110299161,142.96478403915282,0
2023-01-06 07:00:00,7.826578377230545,25.147773872249108,79.80869358767922,88.26314640951628,0
2023-01-06 07:10:00,8.457461166645038,29.879748933971,86.73336500700573,60.00026879379418,0
2023-01-06 07:20:00,8.994180699923962,25.60248496018278,81.86561198545505,58.036250734575965,0
2023-01-06 07:30:00,7.908610058244175,23.777622995499428,72.60663201844851,126.43761984319605,0
2023-01-06 07:40:00,9.582164085258256,23.335221110061113,68.8516167963501,99.05882918451226,0
2023-01-06 07:50:00,9.185968216386458,24.016466774687593,76.40263807831032,103.66483820917438,0
2023-01-06 08:00:00,13.701562284871468,29.35458689509813,76.87446289653174,64.18698014086573,0
2023-01-06 08:10:00,7.668051628639078,24.201486708108074,84.71579600500084,84.93622174423068,0
2023-01-06 08:20:00,10.205381033497174,26.81374106922057,79.95564533855213,94.09038372198435,0
2023-01-06 08:30:00,10.49569256380365,24.248143509057286,85.66844249049254,104.15676766728141,0
2023-01-06 08:40:00,7.859358902696325,25.52236908255926,73.37583472148683,92.02815922172482,0
2023-01-06 08:50:00,11.373654990905678,26.583490548017444,84.82632192190223,79.25347603397314,0
2023-01-06 09:00:00,9.203345974236743,23.856194300380153,83.6049457671546,84.30866014794954,0
2023-01-06 09:10:00,5.0152206968338655,23.71777669169446,69.90882944284402,124.16646571894466,0
2023-01-06 09:20:00,14.500395172543053,25.279654883191167,65.28048095641287,162.8421044278066,1
2023-01-06 09:30:00,7.766118231795272,26.969185789791595,80.46729245883176,112.24313613911103,0
2023-01-06 09:40:00,7.904450107721802,26.581344637381456,81.96022251934252,82.0225237824534,0
2023-01-06 09:50:00,11.375804165784796,26.57455258624583,75.67551943785789,40.92353029198751,0
2023-01-06 10:00:00,16.779978986120533,22.354286844466174,67.67102923844743,138.4545750298642,1
2023-01-06 10:10:00,11.835544301103,29.03555162635013,74.07073835380565,82.66858891149008,0
2023-01-06 10:20:00,12.420332190730637,25.087816603754312,84.16046009186974,106.98024537256158,0
2023-01-06 10:30:00,8.710143079355404,26.15452473440184,84.10303737954335,165.71447427363682,0
2023-01-06 10:40:00,11.58652499191006,22.098174142811974,75.12916285913889,113.90332035236511,0
2023-01-06 10:50:00,8.489078397214236,23.350078626817517,89.91686799711287,154.71920318766976,0
2023-01-06 11:00:00,14.466231834264352,22.59836200032992,81.1576424010876,111.37539390678897,0
2023-01-06 11:10:00,8.61408599093757,27.5481271670323,83.26946305135512,87.40227524854569,0
2023-01-06 11:20:00,12.052174881920008,19.8949196959585,72.36439602332122,106.95832156241767,0
2023-01-06 11:30:00,11.68758005176315,24.195379954494555,90.58865001504282,135.61277198955418,0
2023-01-06 11:40:00,18.25659163142093,16.501386593029686,61.6866081574967,181.24270869855778,1
2023-01-06 11:50:00,8.658913677166634,23.33742420903622,85.12443216382965,88.49325263913842,0
2023-01-06 12:00:00,9.69720501611718,24.018102100536268,75.02614141034152,105.06367391398598,0
2023-01-06 12:10:00,5.692823774110896,27.769742187588086,76.90505598576159,71.4146624065771,0
2023-01-06 12:20:00,10.448840076764501,25.793255878442913,83.94377021942724,116.49337249382859,0
2023-01-06 12:30:00,10.69923066205677,23.33371695334207,85.13776356837579,131.0670939811179,0
2023-01-06 12:40:00,10.266998838122744,27.131927439463652,73.64357875442948,100.79598908232032,0
2023-01-06 12:50:00,4.053387657414885,25.035664509059515,85.45236084528497,86.65231891279744,0
2023-01-06 13:00:00,7.468727109820378,25.075133717414506,85.22490247566597,107.20261902555126,0
2023-01-06 13:10:00,8.503818034302675,22.594656984456016,75.31023295577553,108.34918062726332,0
2023-01-06 13:20:00,10.583317866378092,23.019972572193723,87.99323796795555,101.6228766369924,0
2023-01-06 13:30:00,10.578677811285969,23.349805400108952,72.7157118587598,103.57430248671906,0
2023-01-06 13:40:00,9.659552416057641,25.09292254630838,76.87613708611192,96.52370299061258,0
2023-01-06 13:50:00,11.270491073207914,25.15577145396135,82.39501312045995,119.91909856452813,0
2023-01-06 14:00:00,7.9475152493942005,28.08818532704809,75.73216857648697,114.72454890330253,0
2023-01-06 14:10:00,11.220470011387992,25.770110335875668,81.31909542839671,80.33793705711702,0
2023-01-06 14:20:00,10.949484209679783,19.584868612655782,81.20538039401647,79.78818793682811,0
2023-01-06 14:30:00,10.75510946567582,25.52528397574338,79.0646286503864,94.91251165946876,0
2023-01-06 14:40:00,9.635919137828688,22.099967287664935,84.1620026929528,114.73674248210358,0
2023-01-06 14:50:00,13.661487649662524,23.068058150776928,78.8581960367118,102.96114827781629,0
2023-01-06 15:00:00,10.986391376979757,23.37566105654734,81.15770534406903,87.1369917975469,0
2023-01-06 15:10:00,11.295109991433039,20.46539366101372,68.07197799910575,159.87539358665873,1
2023-01-06 15:20:00,10.496610951471968,22.249701215919394,83.9534310501292,93.38378960955455,0
2023-01-06 15:30:00,11.504966754148438,25.406964006904577,83.93008645407104,117.60972920448262,0
2023-01-06 15:40:00,8.823782802151381,22.17839542981808,74.2541019889161,106.66116870134096,0
2023-01-06 15:50:00,12.178544493862198,25.713335214499693,82.62396287750661,93.69443625095712,0
2023-01-06 16:00:00,10.764067411432022,29.473942154123257,75.60750604515248,104.63037544092923,0
2023-01-06 16:10:00,5.315043324669306,22.341281882131874,73.59292510110987,126.30096119048403,0
2023-01-06 16:20:00,10.599343954675852,24.430979391321557,79.64146826857515,88.60739846907245,0
2023-01-06 16:30:00,9.187941691174569,19.95308527497506,75.47852406674205,108.05313963294321,0
2023-01-06 16:40:00,11.074359629083473,24.398129414059735,83.95308859419988,98.59079319068009,0
2023-01-06 16:50:00,11.888429680503629,26.285434305262967,84.07267729847662,108.53967367724199,0
2023-01-06 17:00:00,10.390324094283637,26.441278462714536,70.48686881784279,86.90870116808539,0
2023-01-06 17:10:00,13.33050446788939,25.154727460568193,75.85848730211555,102.20670866318751,0
2023-01-06 17:20:00,9.64258623087301,26.778526849517952,72.70106664041,122.15646564833602,0
2023-01-06 17:30:00,11.24963564610775,30.092109071885584,77.68685361703555,81.25986037507785,0
2023-01-06 17:40:00,11.609885147274694,28.4246093748752,82.27587834934413,73.41189793349837,0
2023-01-06 17:50:00,9.805308062214534,23.954958141180725,78.78855950910805,74.17088871026071,0
2023-01-06 18:00:00,11.557548615955564,22.09779202706652,77.05120379666432,76.58674939599622,0
2023-01-06 18:10:00,8.810654025675662,24.18769716685239,86.5008826340657,111.90646575785328,0
2023-01-06 18:20:00,9.154863161957563,23.106034468765305,68.47571413701856,71.8828062826907,0
2023-01-06 18:30:00,7.375022619327375,25.902695095729264,86.18435946759112,94.04209310512938,0
2023-01-06 18:40:00,10.482818232740094,22.637612921141002,77.27855853422257,112.36578606621416,0
2023-01-06 18:50:00,10.650503351708688,24.854355134819315,79.60945494943606,108.33318121097187,0
2023-01-06 19:00:00,12.358526317158459,26.67602810907262,77.36318331139945,92.2888204007503,0
2023-01-06 19:10:00,11.582280008711766,24.798608254365647,87.71444052769559,103.81847463510212,0
2023-01-06 19:20:00,9.430408886705134,23.107372354504406,73.84510751597371,102.14290659475137,0
2023-01-06 19:30:00,7.643640625331447,27.349628115171384,80.05868184860968,95.51518088903627,0
2023-01-06 19:40:00,10.865700805039948,21.242038110492345,82.63719325929998,95.7833056269084,0
2023-01-06 19:50:00,12.221506344829283,24.344409888245075,71.94498616057416,144.7085486951392,0
2023-01-06 20:00:00,11.510369947607886,24.91667995323733,75.40050914776923,116.18621807862601,0
2023-01-06 20:10:00,12.168955049714576,25.031817316799263,79.25910733250885,149.61301835024287,0
2023-01-06 20:20:00,9.576220937603514,25.36099211215616,75.56667482657812,90.06073734158997,0
2023-01-06 20:30:00,9.066762063648708,26.220879639618985,75.92204114390425,98.30066806223705,0
2023-01-06 20:40:00,8.526197295536402,24.9291851219093,78.25068668461782,73.35748469446705,0
2023-01-06 20:50:00,9.888207066772809,24.26388343571264,83.24790665823086,83.80866395820856,0
2023-01-06 21:00:00,9.842818408062362,24.184821310680608,78.28641111560928,138.03826297325003,0
2023-01-06 21:10:00,10.413355257078232,23.77696839592329,85.39213097236473,89.55931420316487,0
2023-01-06 21:20:00,9.741405085928983,26.57508664865373,75.01121108670323,138.38562600288918,0
2023-01-06 21:30:00,9.732744540546458,23.70694304104697,73.74038869763274,75.13275478640219,0
2023-01-06 21:40:00,8.446611894055712,26.69354221801649,89.63172702860567,78.93061931853447,0
2023-01-06 21:50:00,11.883238027102982,25.037998164519742,76.71020936167244,93.17537557953158,0
2023-01-06 22:00:00,10.153036124487423,23.95749038628774,73.4454399646392,98.72500156641644,0
2023-01-06 22:10:00,9.651112131429436,26.23681443148827,71.28973029114084,118.4617458490026,0
2023-01-06 22:20:00,8.50514149350159,23.545092150553764,85.37551726904469,109.01540834372531,0
2023-01-06 22:30:00,7.3361737792178285,26.276368081456425,78.29347742669971,91.67369485311944,0
2023-01-06 22:40:00,17.308358054806305,21.774962602395135,64.46420214320528,146.5003618633944,1
2023-01-06 22:50:00,11.109277416263614,23.80735062181616,79.20399144206681,93.618741604306,0
2023-01-06 23:00:00,6.752164314860066,26.05726963066912,85.0647144233489,81.7069252934854,0
2023-01-06 23:10:00,11.526284601419313,26.093179451377278,79.1023508301204,82.24074126796756,0
2023-01-06 23:20:00,11.844962340466218,27.315039211619915,91.72026889416313,120.55767782866819,0
2023-01-06 23:30:00,14.961905811684,23.26774161042441,64.00460062060279,130.2941433611968,1
2023-01-06 23:40:00,13.196221791503518,25.982548041452567,85.3089238347916,132.3471739489011,0
2023-01-06 23:50:00,10.433439284245766,22.744818097582474,84.02619928952204,93.14011548795536,0
2023-01-07 00:00:00,7.16635294410162,29.897173976348114,79.81776339870981,84.5498278721568,0
2023-01-07 00:10:00,10.730338002096643,22.19276757785638,77.06514506989768,114.79518581394538,0
2023-01-07 00:20:00,10.489794603425459,26.89852634856462,81.65981964283277,129.70433168294235,0
2023-01-07 00:30:00,13.72809449496307,22.087794243698237,62.38437746345157,184.679932252762,1
2023-01-07 00:40:00,11.14711767375485,22.65171525503777,77.13706975936736,110.03704098719781,0
2023-01-07 00:50:00,6.6646694676182765,24.751398122243003,80.83169432975328,121.73726979443671,0
2023-01-07 01:00:00,11.981133654885578,24.84249422751072,86.18102489129798,65.67004845712268,0
2023-01-07 01:10:00,8.243756592789095,27.611165431621046,90.34973869534839,89.56338917023703,0
2023-01-07 01:20:00,8.030107749765936,23.573378199439578,84.27184660174711,81.7765987995031,0
2023-01-07 01:30:00,9.772350455385046,24.476109987151293,89.3137984319014,124.49277462430351,0
2023-01-07 01:40:00,15.994535613262434,17.69619349999665,55.05944822398464,151.92552019175554,1
2023-01-07 01:50:00,10.32784812718686,28.469525586247155,83.50941126029647,116.90813113564111,0
2023-01-07 02:00:00,8.514681668455243,22.859063513959857,86.69259754290636,110.71713884977277,0
2023-01-07 02:10:00,8.987821417616223,25.65382172847835,75.51833333514003,82.75386127672638,0
2023-01-07 02:20:00,7.733915305245076,24.79718434055627,77.57204943977496,88.26083580047431,0
2023-01-07 02:30:00,16.44436312003262,22.284357738924676,59.78726005271422,183.45369495839356,1
2023-01-07 02:40:00,12.15004242902182,26.61972396974175,75.1245057210653,84.49034702631172,0
2023-01-07 02:50:00,9.991474124712248,28.342524920607268,73.29434983672145,102.49735220390959,0
2023-01-07 03:00:00,11.718828509518906,25.502987339883983,87.63990786819755,84.3491742734711,0
2023-01-07 03:10:00,12.910802675452384,26.310156035261052,85.98381612490219,93.72095626168279,0
2023-01-07 03:20:00,8.823962961926066,25.65778307345408,82.16060121991885,99.07676112060057,0
2023-01-07 03:30:00,9.626853493889271,27.03506284786125,79.77144622677086,84.34266979405018,0
2023-01-07 03:40:00,14.342385722124991,24.074167241027347,77.80737747197509,80.79106092032237,0
2023-01-07 03:50:00,12.88868682395989,27.150781108832827,81.40974436904526,105.72546673554885,0
2023-01-07 04:00:00,10.160756331401807,25.815176056562372,70.58606668152682,120.2035776796619,1
2023-01-07 04:10:00,10.774296632121812,27.165074017365818,81.19283063071038,83.78684888602655,0
2023-01-07 04:20:00,10.001119984679391,23.679704265327047,90.83479633623483,81.2189371259606,0
2023-01-07 04:30:00,11.652906221717524,24.66332473152562,75.51029007179885,98.44183907337363,0
2023-01-07 04:40:00,8.510042465029889,25.47893397756087,79.90159622835866,118.87403268799682,0
2023-01-07 04:50:00,8.320783255918656,22.258315910341988,78.13470666168043,130.13057272624533,0
2023-01-07 05:00:00,8.647858569412781,28.18984041617203,74.57429228418833,85.48163828012443,0
2023-01-07 05:10:00,8.856142907603134,24.97544693299565,79.23458133495173,143.00621586662422,0
2023-01-07 05:20:00,11.630648333618028,25.567855775209445,82.0866465083022,79.90590278586409,0
2023-01-07 05:30:00,7.63759765370224,23.845991120545595,82.62115089976015,121.67097046655739,0
2023-01-07 05:40:00,8.754772200081362,22.346244881265953,90.85226089472278,85.56607091969114,0
2023-01-07 05:50:00,6.421975218997117,23.791940229050457,82.3223373486178,82.58153460259979,0
2023-01-07 06:00:00,12.014235646824746,25.438408375267176,85.75068401839808,85.10487686431223,0
2023-01-07 06:10:00,12.54206019886228,26.346857625507386,80.33047123149488,98.95104600701762,0
2023-01-07 06:20:00,9.345853138272426,25.32358308120544,88.39027800226297,111.5994434206722,0
2023-01-07 06:30:00,9.404101270373554,25.6934480324839,91.99224642794034,113.39736075809644,0
2023-01-07 06:40:00,10.906443804565795,24.325947250637245,82.65542565487975,81.12029969304223,0
2023-01-07 06:50:00,12.94896401475651,25.992497132490858,75.03670492274209,80.20681424977462,0
2023-01-07 07:00:00,14.124527512102514,24.442446721594877,53.3828467097384,138.29716315325504,1
2023-01-07 07:10:00,8.604916115049772,26.409578884877973,81.40967151602581,97.77291195228977,0
2023-01-07 07:20:00,14.235594340313071,22.53670506518244,60.75269005406405,149.56014749264827,1
2023-01-07 07:30:00,11.844457990910428,20.972051118695333,57.01213731872291,137.06073804251574,1
2023-01-07 07:40:00,10.146438900624931,21.993689860800796,82.30098840615021,105.39207388126488,0
2023-01-07 07:50:00,8.689344953598411,22.910666938737513,80.0349245812797,145.25137616670636,0
2023-01-07 08:00:00,10.389935411981517,25.909751601327688,76.81900779398936,89.90569076329697,0
2023-01-07 08:10:00,8.894151967527533,24.978121896079827,82.00569130632115,91.32976357592933,0
2023-01-07 08:20:00,7.883707137411177,25.879685772945656,89.27493678740328,111.19323140648737,0
2023-01-07 08:30:00,7.645936737093858,28.352846835688148,85.09964302713877,88.8236741652641,0
2023-01-07 08:40:00,15.598638311592328,23.14689936387816,59.79237615020286,168.30538450249418,1
2023-01-07 08:50:00,11.777975498367287,27.517772411485645,85.14783461911375,85.6291458644192,0
2023-01-07 09:00:00,17.490776019456177,22.955842551850033,63.187086991927316,191.17001803002668,1
2023-01-07 09:10:00,11.079901801510205,23.38556864503112,77.4586742695834,106.8954994518459,0
2023-01-07 09:20:00,9.140017182770322,24.884267681571316,76.26107447817009,87.59954101846577,0
2023-01-07 09:30:00,12.646681844979875,23.390496372561724,79.37356688615282,88.22616601061452,0
2023-01-07 09:40:00,9.933863997276465,28.116589913544896,77.8899705164546,89.7240049458393,0
2023-01-07 09:50:00,10.441683540580705,26.58078215307094,86.04137370326069,127.45499332497747,0
2023-01-07 10:00:00,9.914351241848962,26.04102499325656,77.62338291158906,74.62497984797433,0
2023-01-07 10:10:00,8.446086090943968,26.168982547745664,64.60162156533157,163.64983128630587,1
2023-01-07 10:20:00,13.209470024589706,20.95988717095355,89.71288589415316,88.76678886149148,0
2023-01-07 10:30:00,10.982007891915506,26.17627590268532,77.74312384459328,99.68624066486124,0
2023-01-07 10:40:00,10.65964612173702,22.378708431391253,80.76764228625176,94.57780614706411,0
2023-01-07 10:50:00,9.87644787545888,24.985488603068678,82.25661412371706,70.17544337219074,0
2023-01-07 11:00:00,10.326855640772262,24.37658481506557,74.31653440539593,92.00354632809065,0
2023-01-07 11:10:00,8.805442128307504,26.323473224193897,86.17741884751534,98.00898633630064,0
2023-01-07 11:20:00,11.233158704614542,25.45637457792191,83.18559520205613,87.43804329840434,0
2023-01-07 11:30:00,7.385803311201736,27.690234347223576,87.7919200594039,113.7355097809533,0
2023-01-07 11:40:00,10.372136864941094,23.796205678134772,76.6038903139095,118.38816857507294,0
2023-01-07 11:50:00,11.12314694114221,26.418228779266567,80.4956289623808,98.43226600541215,0
2023-01-07 12:00:00,9.602661732354195,25.324446433797664,80.19677877497098,104.61083173701459,0
2023-01-07 12:10:00,10.741735584942049,21.729419459856896,81.31944247175011,56.77888005301458,0
2023-01-07 12:20:00,8.017331215531499,23.162767082953934,72.7269262571142,91.57794455676337,0
2023-01-07 12:30:00,8.068346458208072,24.700243932955665,80.5541818934611,120.09643383515825,0
2023-01-07 12:40:00,10.473434242052786,27.224584899783455,72.86768044288128,91.53126833641446,0
2023-01-07 12:50:00,11.357099309242104,25.92744611511423,81.7916703559846,85.25476647216078,0
2023-01-07 13:00:00,6.250268688996578,22.66499835223857,69.3567543774074,145.5537785206186,0
2023-01-07 13:10:00,11.044041270221534,24.71936754390568,70.74206582854707,136.3815438039161,0
2023-01-07 13:20:00,8.913596999247325,29.03561289758606,84.09274358219999,109.35149824964314,0
2023-01-07 13:30:00,17.724313280836704,21.180779936598366,55.70949922568856,172.01635553008177,1
2023-01-07 13:40:00,7.320964152869926,24.34534884985521,75.06070963183879,55.48129164083845,0
2023-01-07 13:50:00,8.296765519626584,25.98347928151244,86.35422810537774,84.24897118742587,0
2023-01-07 14:00:00,11.932250651060622,26.52678615916394,81.63813108664208,90.60084253653697,0
2023-01-07 14:10:00,10.065726747960426,24.087663305039882,84.36045097766892,95.28039802266107,0
2023-01-07 14:20:00,9.234443196580884,26.005149548742875,79.16878963839585,90.20111958052075,0
2023-01-07 14:30:00,9.76702329473793,24.34222100665838,93.39814346950001,48.99947416967307,0
2023-01-07 14:40:00,10.978423649328603,26.438655203658875,76.97743069720103,107.7204923741712,0
2023-01-07 14:50:00,10.880988992326676,25.33938631594257,88.72247774679944,110.87308256561214,0
2023-01-07 15:00:00,9.849945999206398,25.963935654105786,79.69316979950044,132.03797583179963,0
2023-01-07 15:10:00,12.185918221793337,23.48163290766499,71.72744802543627,84.23381470450073,0
2023-01-07 15:20:00,18.790577698566807,22.153703798631817,65.0564987182425,141.96011065269528,1
2023-01-07 15:30:00,10.826744058260791,26.89099460931879,81.57381280727581,46.40031028071063,0
2023-01-07 15:40:00,10.109223565820141,24.841207237229014,74.74339092880385,94.12866326818228,0
2023-01-07 15:50:00,11.314642190239079,25.570069484198722,75.38890361432642,118.02223562124342,0
2023-01-07 16:00:00,10.628534843602367,24.38720914582696,79.87651178457504,87.7646427561456,0
2023-01-07 16:10:00,12.121600143611895,26.79745354802729,81.74873907623991,142.86889637087296,0
2023-01-07 16:20:00,11.799122753476615,23.784380039940686,67.646683585603,94.86810328420952,0
2023-01-07 16:30:00,7.963492197164543,24.728797520198235,85.26560726261901,102.93984568577112,0
2023-01-07 16:40:00,7.828073658516587,26.571985625406263,77.52751013092511,72.73793838836812,0
2023-01-07 16:50:00,8.597500911191847,27.345935398328532,73.34126257800912,105.74440690350559,0
2023-01-07 17:00:00,11.952277380133843,23.952481417946633,84.70533275725965,60.413604102946096,0
2023-01-07 17:10:00,6.847382006457509,28.919367963911768,79.88191010290772,113.8739591002629,0
2023-01-07 17:20:00,10.789514778215986,25.626483387387232,86.08082888391127,114.48856352470824,0
2023-01-07 17:30:00,10.725086182185922,22.914143476382524,82.18976131489877,127.1858284867302,0
2023-01-07 17:40:00,12.325296117372385,25.738104097179935,79.99242748525977,79.60062562464623,0
2023-01-07 17:50:00,10.360677381327775,24.234001571033083,79.23635027509921,103.21124236594838,0
2023-01-07 18:00:00,7.313581218832199,25.868136974366355,82.41356380278069,111.27633118773008,0
2023-01-07 18:10:00,8.081290078703754,24.914287504679322,77.93234370595334,108.8456327666062,0
2023-01-07 18:20:00,7.636008956204351,25.14854738038029,75.7371370562675,82.69401449730297,0
2023-01-07 18:30:00,8.92411206733372,23.17681324682771,83.04954561327322,52.160362208877196,0
2023-01-07 18:40:00,9.634196865152147,26.98012246143272,79.27756079277785,106.93920593768962,0
2023-01-07 18:50:00,7.669116947557886,22.687745265697934,80.16783824034503,96.9500064338016,0
2023-01-07 19:00:00,12.941323981304578,22.78247020919001,85.44689918077304,88.6665881407712,0
2023-01-07 19:10:00,7.349437256095118,25.734720698294975,79.43061696132129,115.27890727430932,0
2023-01-07 19:20:00,19.987248080989445,25.546292572099706,64.97673835746194,144.3917111342713,1
2023-01-07 19:30:00,12.37032606287868,24.294813805871186,77.00175244274534,73.61609894464401,0
2023-01-07 19:40:00,11.79660509937807,26.40194464540793,82.15369966990926,61.37095421807557,0
2023-01-07 19:50:00,8.612466785006498,27.146680353727092,81.74913956340043,77.42073469733668,0
2023-01-07 20:00:00,10.684901758353803,26.62936887458814,84.5038756589528,147.86024589533574,0
2023-01-07 20:10:00,7.445257732898764,24.377583421652638,77.10435581496561,114.45553547865546,0
2023-01-07 20:20:00,11.821814070067498,22.81790656561185,77.71091515204907,103.77224683950024,0
2023-01-07 20:30:00,16.491977721621033,17.809211696600936,70.29857551839274,154.27319729516063,1
2023-01-07 20:40:00,9.18135957082663,24.474319001075212,81.26106501681431,95.05214120105128,0
2023-01-07 20:50:00,7.552510306687461,27.35617473712435,75.46890936903652,123.3439196671819,0
2023-01-07 21:00:00,5.044987762741966,22.751668030476132,86.5327703386725,90.18808516193137,0
2023-01-07 21:10:00,7.922918285928488,26.40041969503753,71.50774715799875,111.53840821368586,0
2023-01-07 21:20:00,12.225596391225814,23.099694939896256,83.92142376631875,93.03144099416812,0
2023-01-07 21:30:00,9.194333143050391,25.212145152773676,73.67393982000901,138.80313263670126,0
2023-01-07 21:40:00,9.661342285769905,26.415583228310034,89.42894258242764,114.84577015156607,0
2023-01-07 21:50:00,11.311108716576905,23.681009126323143,72.27700136547189,124.91113629367251,0
2023-01-07 22:00:00,13.61133775623253,25.340969361393828,85.76125325936374,88.31180450623522,0
2023-01-07 22:10:00,12.650009309891278,24.169817326549342,79.59182819994378,121.16272225134844,0
2023-01-07 22:20:00,8.055329992367623,26.410297317876353,78.16698715080628,93.74845149210618,0
2023-01-07 22:30:00,6.114858857125187,25.470634336969276,80.92698328233881,102.20069647865698,0
