timestamp,temperature,rpm,oil_pressure,vibration,engine_failure
2023-01-01 00:00:00,94.96714153011233,3199.677718293001,46.624108625128095,0.011843848842452182,0
2023-01-01 00:10:00,88.61735698828815,2962.3168414563843,49.27740664642241,0.032792299784409965,0
2023-01-01 00:20:00,115.72630062473789,2990.6275084214008,32.89245244184842,0.12518366799470135,1
2023-01-01 00:30:00,105.23029856408026,2176.531611147213,48.4601923518048,0.08775375314680381,0
2023-01-01 00:40:00,87.65846625276664,2849.111656806795,40.53192666523107,0.06113106249067517,0
2023-01-01 00:50:00,87.6586304305082,2696.742692710875,51.06646853686469,0.023290368618002176,0
2023-01-01 01:00:00,105.79212815507391,2947.596610013866,50.00602737681112,0.059720725788352746,0
2023-01-01 01:10:00,97.67434729152909,2817.585900840985,45.914556844659046,0.01905392022123269,0
2023-01-01 01:20:00,85.30525614065049,3024.7763576596676,53.296228342162024,0.07165382107774147,0
2023-01-01 01:30:00,95.42560043585965,2232.382394219716,54.68785068813279,0.04057750696364243,0
2023-01-01 01:40:00,85.36582307187538,3158.697032817163,41.96220067815513,0.048127276225216585,0
2023-01-01 01:50:00,85.34270246429743,2598.7998023461996,46.186376107168925,0.0765159329508438,0
2023-01-01 02:00:00,92.41962271566034,3537.630436312633,46.154288251063505,0.024256728628315002,0
2023-01-01 02:10:00,70.86719755342202,2155.4060909552163,45.300484494455674,0.022057636297740178,0
2023-01-01 02:20:00,72.75082167486967,3367.9819015826247,54.14737420965874,0.0383280134730799,0
2023-01-01 02:30:00,84.37712470759027,2598.9553917313237,49.03086930613598,0.07076757702038633,0
2023-01-01 02:40:00,79.87168879665576,2174.290998192776,48.67742579344694,0.019613078490463155,0
2023-01-01 02:50:00,93.14247332595274,2258.0570829728395,39.98068817796623,0.006643111962211373,0
2023-01-01 03:00:00,80.91975924478788,2339.82634590284,53.17709015104613,0.040976822831820026,0
2023-01-01 03:10:00,75.87696298664709,2712.0829732009583,43.80370802573264,0.06103481599821841,0
2023-01-01 03:20:00,104.65648768921554,2761.41774401775,50.29966315133164,0.07400523499477658,0
2023-01-01 03:30:00,87.74223699513465,2213.1499980307103,51.38688468979096,0.040736772758292024,0
2023-01-01 03:40:00,90.67528204687923,2487.8227038695086,56.80329297919326,0.041771467857679954,0
2023-01-01 03:50:00,75.75251813786544,3571.135179305932,43.45589800440444,0.07307801468511495,0
2023-01-01 04:00:00,84.55617275474818,3363.7715850503555,34.90243922089587,0.012605166006091593,0
2023-01-01 04:10:00,91.10922589709867,2718.161834837016,50.91924772376847,0.04222958449633982,0
2023-01-01 04:20:00,78.49006422577698,2519.0017390841003,59.00255590755427,0.053808477798501154,0
2023-01-01 04:30:00,93.75698018345672,2560.0156633591305,56.19473176469719,0.05898437442570069,0
2023-01-01 04:40:00,83.99361310081196,2806.7589863652083,51.04829707637313,0.03980386613618235,0
2023-01-01 04:50:00,87.08306250206724,1988.6037174007972,47.54181907183976,0.05068882023411683,0
2023-01-01 05:00:00,83.98293387770603,2371.3117312883273,54.03561298318655,0.0002334529317402148,0
2023-01-01 05:10:00,108.52278184508938,1665.7079630612052,45.13226900147766,0.03683503175332303,0
2023-01-01 05:20:00,89.86502775262066,2699.6115613026395,52.3817888467811,0.05907017425108935,0
2023-01-01 05:30:00,79.422890710441,2823.5979698513706,52.52735079583314,0.030354119314906412,0
2023-01-01 05:40:00,98.22544912103189,2258.406768850313,55.3010495374944,0.05117968443179195,0
2023-01-01 05:50:00,77.79156350028978,3286.9933816450166,63.79830019455539,0.058937450016053966,0
2023-01-01 06:00:00,92.08863595004756,1887.1171684988294,51.96207983589383,0.0431490159828447,0
2023-01-01 06:10:00,84.08326792146543,2166.0361289873945,35.99185740820949,0.16022782625979426,1
2023-01-01 06:20:00,99.14906346882539,3009.4855541273846,42.07482840495314,0.09223604608292327,1
2023-01-01 06:30:00,91.96861235869123,3023.5491513060774,41.15462047555441,0.04586777440607907,0
2023-01-01 06:40:00,97.3846657999541,3341.9638457289343,46.52643434455471,0.06220432339178446,0
2023-01-01 06:50:00,91.7136828118997,2270.55786856553,47.95358780943448,0.05313945921936869,0
2023-01-01 07:00:00,88.8435171761176,3039.3404167156477,47.37955801032704,0.03826937460872129,0
2023-01-01 07:10:00,86.98896304410711,2480.7457652496464,50.76177436016861,0.05448432808581587,0
2023-01-01 07:20:00,75.21478009632573,2413.6863500295904,45.887900338089,0.06429219581273236,0
2023-01-01 07:30:00,82.80155791605291,2941.8299687433364,55.60515333662236,0.009001174428450442,0
2023-01-01 07:40:00,85.39361229040213,2826.16143920671,50.00103532459099,0.07318148129911796,0
2023-01-01 07:50:00,100.57122226218915,1711.8039215078752,49.953498394306926,0.043274905226378564,0
2023-01-01 08:00:00,93.43618289568461,3238.270174862948,48.36052641743541,0.05850979866480461,0
2023-01-01 08:10:00,82.62273966976055,3652.7188524795943,41.200542331308434,0.2218348154187137,1
2023-01-01 08:20:00,93.24083969394795,2187.218649245235,54.125491323338174,0.02256652605539068,0
2023-01-01 08:30:00,86.14917719583684,2697.9017667187045,45.664348921445495,0.03581117995144907,0
2023-01-01 08:40:00,92.9789927105194,3311.4669423058986,31.91445213170062,0.1326870782474577,1
2023-01-01 08:50:00,96.11676288840867,2630.3368829119536,48.48136985611668,0.03432492957751143,0
2023-01-01 09:00:00,100.30999522495951,2224.84742307729,43.27064538263392,0.08469873151673618,0
2023-01-01 09:10:00,99.31280119116198,2164.1883160309744,45.90371070139251,0.032864558123464144,0
2023-01-01 09:20:00,81.60782476777362,2487.2229645042776,47.618895632276704,0.03888906441026267,0
2023-01-01 09:30:00,86.90787624148786,3086.3645096296823,54.371945903563635,0.05408778063205954,0
2023-01-01 09:40:00,93.31263431403563,2771.8000772972164,51.31280664500962,0.025957009478478225,0
2023-01-01 09:50:00,99.75545127122359,2314.692833956947,50.96794955683772,0.04208638576487472,0
2023-01-01 10:00:00,85.2082576215471,2885.8493553241724,54.25448981083986,0.056349065225003506,0
2023-01-01 10:10:00,88.14341023336183,1075.7286896849623,49.31314105800302,0.04334279191234978,0
2023-01-01 10:20:00,102.63255273344755,3667.207419320484,39.75168080912685,0.14439678846600312,1
2023-01-01 10:30:00,78.0379337591933,1630.1431106109503,49.483891235337516,0.039413357751032586,0
2023-01-01 10:40:00,98.12525822394198,2318.7795292984338,51.32681174699814,0.019710593816384663,0
2023-01-01 10:50:00,103.56240028570824,1940.165052686928,47.08620671194209,0.05643186422678478,0
2023-01-01 11:00:00,89.27989878419666,1852.659262139547,37.80591420861786,0.08509866143294484,0
2023-01-01 11:10:00,122.57043033959701,3530.7602201410627,39.302253224374034,0.1511040978470063,1
2023-01-01 11:20:00,93.61636025047635,2266.1493993440545,57.1137406804997,0.054505282344950994,0
2023-01-01 11:30:00,83.54880245394875,2673.251940865358,54.631077011207964,0.0638544551023372,0
2023-01-01 11:40:00,93.61395605508415,2476.539710560408,54.82698742295585,0.02461339006906602,0
2023-01-01 11:50:00,105.38036566465969,2738.520413611561,56.18065360903109,0.0840502931625921,0
2023-01-01 12:00:00,89.64173960890048,2538.4109455301277,50.44328795480719,0.05404657592845604,0
2023-01-01 12:10:00,105.64643655814007,1858.5038879057151,50.98657853702798,0.08263713798178218,0
2023-01-01 12:20:00,63.80254895910255,2998.13340972357,46.91174052282825,0.035339340089520214,0
2023-01-01 12:30:00,98.21902504375224,2253.1217084193436,48.41963571986475,0.08636123845115651,0
2023-01-01 12:40:00,90.87047068238171,1721.7090506701245,53.07885574885571,0.06550310988069566,0
2023-01-01 12:50:00,87.00992649534132,2285.9424195170436,56.01942218584408,0.06106080171704717,0
2023-01-01 13:00:00,90.91760776535503,3250.3798953171554,49.302768621595,0.05468048908706296,0
2023-01-01 13:10:00,70.12431085399108,2925.1108710567464,47.74905367574294,0.04502942763851102,0
2023-01-01 13:20:00,107.5163042962547,2710.324690197592,40.71568974516594,0.22203189950843236,1
2023-01-01 13:30:00,93.57112571511746,2325.3711478407854,53.00603374464558,0.05280719739696094,0
2023-01-01 13:40:00,104.77894044741517,2339.1824743913085,42.78072591933229,0.010658605928256959,0
2023-01-01 13:50:00,84.81729781726352,3538.3739917804205,38.51909523431381,0.027656270765859955,0
2023-01-01 14:00:00,81.91506397106812,2690.9677261157767,47.24731575254208,0.046283084956145054,0
2023-01-01 14:10:00,84.98242956415463,2715.0208235955347,43.89643787042921,0.056199979663311105,0
2023-01-01 14:20:00,99.15402117702074,3015.141727015921,47.45929901176345,0.04886823022200209,0
2023-01-01 14:30:00,93.28751109659684,2619.3945795132568,49.26109840591264,0.07437941579587326,0
2023-01-01 14:40:00,84.70239796232961,2370.4789270896486,47.733757954884936,0.010977962719227505,0
2023-01-01 14:50:00,95.13267433113356,2401.825075457511,57.26233767235372,0.052871758730103205,0
2023-01-01 15:00:00,90.9707754934804,2464.199370292968,51.6337238230116,0.013640415492256905,0
2023-01-01 15:10:00,99.68644990532889,2481.3888817450793,51.50237179805414,0.06519424590968337,0
2023-01-01 15:20:00,82.97946906122648,2863.81477181849,53.11103572021701,0.048110825711159946,0
2023-01-01 15:30:00,99.74613601024696,3052.7573066902833,34.07600719974118,0.1751765983214471,1
2023-01-01 15:40:00,86.07891846867842,2866.3200386077897,55.195558937101346,0.032722340788204685,0
2023-01-01 15:50:00,75.36485051867882,2459.641709945709,49.6211785673227,0.07558929863315503,0
2023-01-01 16:00:00,92.96120277064576,2539.317595158045,53.35240308620606,0.07083449328117702,0
2023-01-01 16:10:00,92.6105527217989,1500.8996577339462,44.64071383479922,0.06167088606023775,0
2023-01-01 16:20:00,90.05113456642461,2958.1638373512405,42.23120616991968,0.04740965506273119,0
2023-01-01 16:30:00,87.65412866624852,2673.244237948996,54.08944829012514,0.06159714570590265,0
2023-01-01 16:40:00,75.84629257949585,2999.005054929826,51.882047630487584,0.03586214864025303,0
2023-01-01 16:50:00,85.79354677234642,1051.8723109031553,45.48974222821245,0.06711111318041424,0
2023-01-01 17:00:00,86.57285483473231,3544.1873523903637,45.65168459362653,0.08298961788647842,0
2023-01-01 17:10:00,81.9772273077838,2430.205185922413,55.62717392207385,0.07141221119958373,0
2023-01-01 17:20:00,88.3871428833399,3054.0914083687585,44.05294053566336,0.03540795060385181,0
2023-01-01 17:30:00,94.04050856814538,1980.0470364372345,58.21336476627982,0.05722834634546206,0
2023-01-01 17:40:00,108.8618590121053,2806.386952531285,45.496896326760655,0.024137169124827048,0
2023-01-01 17:50:00,108.206223424948,2390.938721350587,44.72725030186882,0.18434341867054055,1
2023-01-01 18:00:00,92.57550390722764,2188.1155196520976,48.356907621255075,0.05901206825725078,0
2023-01-01 18:10:00,89.25554084233833,3457.015676933393,53.01593715541171,0.012603673209356722,0
2023-01-01 18:20:00,70.81228784700959,2404.6587996183266,47.27942998942903,0.026764323121752726,0
2023-01-01 18:30:00,108.42112750707531,3056.891172703741,45.500283986795566,0.13301166619537397,1
2023-01-01 18:40:00,90.60230209941027,2935.033865344377,50.20459587697861,0.04398280505718348,0
2023-01-01 18:50:00,126.6529512819823,3380.368553030006,28.862528989488446,0.07743138387487168,1
2023-01-01 19:00:00,88.07639035218878,2575.209452571788,53.70412172710063,0.05777957458704368,0
2023-01-01 19:10:00,93.01547342333612,2682.4805012331126,47.43393216764208,0.05502947217881025,0
2023-01-01 19:20:00,105.9577390128314,4284.419335475714,38.391025425701706,0.13834385208128885,1
2023-01-01 19:30:00,78.31321962380468,2471.1906014832075,45.02825312695744,0.03488416999683275,0
2023-01-01 19:40:00,101.4282281451502,2600.549523357484,37.18833170602345,0.07097414252833127,0
2023-01-01 19:50:00,97.51933032686775,3025.327198003806,49.04486118699916,0.08310814226176591,0
2023-01-01 20:00:00,97.91031947043047,3052.762966478992,62.063077108064576,0.04032877032306926,0
2023-01-01 20:10:00,104.167777142936,3609.3125840053353,42.72857964412251,0.11326998497071075,1
2023-01-01 20:20:00,104.02794310936099,2819.3651110145925,49.903698101328025,0.059824153308239925,0
2023-01-01 20:30:00,75.98148937207719,1928.4975436347581,48.685545853958665,0.04283941240506028,0
2023-01-01 20:40:00,95.8685709380027,3316.715766150548,50.11232946406023,0.04721205598673532,0
2023-01-01 20:50:00,111.90455625809979,1926.827303490656,52.73559557587605,0.06479306303449343,0
2023-01-01 21:00:00,80.09463674869312,2651.3177326195164,44.09593592345578,0.011812878249854143,0
2023-01-01 21:10:00,84.33702270397228,2122.862074990321,55.57160847334436,0.07636604649705339,0
2023-01-01 21:20:00,90.99651365087641,2467.930826703504,53.57690657720622,0.05145361048658683,0
2023-01-01 21:30:00,112.10177028028409,3037.189305040468,43.7646518781704,0.1253104113262692,1
2023-01-01 21:40:00,74.49336568933867,2660.6786077251363,52.192378694048635,0.04821531691557102,0
2023-01-01 21:50:00,90.68562974806028,2710.9603771176426,50.09808328846995,0.04924858710041038,0
2023-01-01 22:00:00,97.27978909944619,3827.9952912763897,45.569656582007866,0.04612792179330449,1
2023-01-01 22:10:00,94.73592430635182,2726.76715075699,52.95907066870689,0.07989876454906472,0
2023-01-01 22:20:00,80.80575765766197,2377.921682354676,48.22979644529488,0.050826512645412374,0
2023-01-01 22:30:00,105.4993440501754,2982.0435841441786,47.13199113551549,0.058860042608947505,0
2023-01-01 22:40:00,82.16746707663764,3094.73524446232,50.50928147630994,0.06903099541148086,0
2023-01-01 22:50:00,86.77938483794324,1886.1960924315038,57.74510075747594,0.029576750848794,0
2023-01-01 23:00:00,121.9176139452772,3404.965764003682,34.36223806457681,0.1784083139421137,1
2023-01-01 23:10:00,77.69135683566044,2850.5863711554493,42.6623736712378,0.04464717818202413,0
2023-01-01 23:20:00,92.2745993460413,2351.218248320004,50.82380420618259,0.06693541550432988,0
2023-01-01 23:30:00,103.07142754282428,3187.8534066558095,50.25443850928009,0.0074554515929700915,0
2023-01-01 23:40:00,73.92516765438772,2424.9722064837365,50.866708321852045,0.048018113995174624,0
2023-01-01 23:50:00,91.84633858532304,2562.7882267357713,51.2197659895425,0.03794358688432077,0
2023-01-02 00:00:00,92.59882794248423,2413.4640878580653,48.883988726825976,0.05864525901268311,0
2023-01-02 00:10:00,97.81822871777311,2507.7895237907337,57.44931719301041,0.05940088374736405,0
2023-01-02 00:20:00,77.63049289121918,1951.8624565523992,41.995480107617425,0.03584748210355948,0
2023-01-02 00:30:00,76.79543386915724,1779.9745587028528,45.85751487609877,0.03575652271647913,0
2023-01-02 00:40:00,95.21941565616898,3297.252531612486,49.48372619925476,0.04778669262885341,0
2023-01-02 00:50:00,92.96984673233186,2076.5193258408362,41.784055944229166,0.03206715545369584,0
2023-01-02 01:00:00,92.50492850345877,2004.3038252718463,49.12072797783964,0.06683967390904254,0
2023-01-02 01:10:00,93.46448209496975,1423.3049431981426,58.30735082864009,0.04261585599105108,0
2023-01-02 01:20:00,83.1997527842151,2180.519126155249,50.10443244147981,0.008139764386432824,0
2023-01-02 01:30:00,92.32253697161003,1838.4551032962509,51.153504528593416,0.04250355886756388,0
2023-01-02 01:40:00,92.93072473298682,3321.0075800681843,43.6991761741371,0.029229123583120555,0
2023-01-02 01:50:00,82.85648581973632,3004.908544671317,46.91819295980261,0.017374483690781095,0
2023-01-02 02:00:00,108.65774511144757,2155.9248274111383,48.12401809838032,0.025251467235548553,0
2023-01-02 02:10:00,94.73832920911788,3626.217902672154,48.41142451621883,0.0521881694366594,0
2023-01-02 02:20:00,78.08696502797352,2990.882743495797,56.40821897501884,0.07657281656496462,0
2023-01-02 02:30:00,96.5655360863383,2337.5843082456886,52.788455303625625,0.0562636894772996,0
2023-01-02 02:40:00,80.25318329772679,1250.2971425632134,44.44271021531484,0.03786993223568521,0
2023-01-02 02:50:00,97.87084603742451,3645.471286295371,51.232523892160025,0.059118083903414054,0
2023-01-02 03:00:00,101.58595579007404,1805.213766618202,52.491108742483924,0.04081819379562017,0
2023-01-02 03:10:00,81.7931768164829,1677.300626521554,55.700745192606334,0.03610799261673711,0
2023-01-02 03:20:00,99.63376129244321,3011.28521600482,57.90270343284187,0.026912746635340313,0
2023-01-02 03:30:00,94.12780926936499,3719.8762031696365,44.924529040860655,0.014963423864965616,0
2023-01-02 03:40:00,98.2206015999449,3192.136409255259,45.94571244394831,0.042201525868811096,0
2023-01-02 03:50:00,108.96792982653947,2781.95456002618,43.712110705426916,0.05316106979840264,0
2023-01-02 04:00:00,97.97581848703396,3259.8138042560895,43.62808499104803,0.14420257979910664,1
2023-01-02 04:10:00,82.4626383564251,2926.707779390154,52.331791872231676,0.04168066144105283,0
2023-01-02 04:20:00,81.10485570374476,2879.4642948933824,54.93667258294551,0.03108507878606438,0
2023-01-02 04:30:00,105.13915335591368,3275.7071209833593,32.78898538762747,0.1864947715010981,1
2023-01-02 04:40:00,89.22898290585896,2552.100551975938,48.40076238372578,0.023657361601068305,0
2023-01-02 04:50:00,93.41151974816644,2468.703436050239,50.7587899612437,0.0655205582768695,0
2023-01-02 05:00:00,92.7669079933002,2123.017705566662,45.824285491849885,0.029955659621465507,0
2023-01-02 05:10:00,98.27183249036024,2359.662461566613,60.44769360847387,0.0349512952529393,0
2023-01-02 05:20:00,90.13001891877907,1653.5215929023072,41.96169486440971,0.020664296187686462,0
2023-01-02 05:30:00,104.53534077157317,2450.830186602625,50.92370289447862,0.03997195706228727,0
2023-01-02 05:40:00,87.35343166762044,2005.7044464245414,60.1180310961482,0.06950624916955958,0
2023-01-02 05:50:00,133.18194959225877,2577.479870343935,43.73753521806718,0.1809376853066374,1
2023-01-02 06:00:00,96.25667347765007,2589.9470755767393,49.04980482499253,0.0695684422405607,0
2023-01-02 06:10:00,81.42842443583717,3196.0011431722996,48.212772885947864,0.06044285091867872,0
2023-01-02 06:20:00,79.29107501938887,2959.1583030011566,49.09804159118796,0.027926603429392616,0
2023-01-02 06:30:00,94.82472415243186,1714.7496981884115,56.86424237338265,0.04338421551344886,0
2023-01-02 06:40:00,87.7653721467415,2005.1859317148312,38.940690443352466,0.03439601741765075,0
2023-01-02 06:50:00,97.14000494092092,2970.385593994108,57.66716850648163,0.07661149808078081,0
2023-01-02 07:00:00,94.73237624573545,2008.7563032308453,42.88021423774927,0.02606422707147377,0
2023-01-02 07:10:00,89.27171087343127,2387.6834250014876,48.666738353827924,0.06787395378778222,0
2023-01-02 07:20:00,81.53206281931595,2775.026049512276,47.85377789850669,0.0678590774021754,0
2023-01-02 07:30:00,74.85152775314135,2015.8277725681824,52.942766348853596,0.08659240403432175,0
2023-01-02 07:40:00,85.53485047932979,2552.68775307298,42.00937824058126,0.04180626814741006,0
2023-01-02 07:50:00,98.56398794323472,1832.9872525408978,52.31086333040972,0.06424644319160325,0
2023-01-02 08:00:00,113.6776655248419,2865.6894612387405,53.2174469679758,0.2868991101923306,1
2023-01-02 08:10:00,77.54261221288012,2659.8909670712683,43.18412997703595,0.03764716646132607,0
2023-01-02 08:20:00,91.73180925851182,1703.5031332341655,50.94853083805198,0.019299195049352808,0
2023-01-02 08:30:00,93.85317379728836,2720.2373689801993,46.69008911101695,0.012399799321844727,0
2023-01-02 08:40:00,81.16142563798867,2490.1811005366594,52.12943603096518,0.06425424057722663,0
2023-01-02 08:50:00,91.53725105945527,2776.244977208574,50.09573888707876,0.012336995838828323,0
2023-01-02 09:00:00,90.58208718446,2611.9570670323305,46.792565454778455,0.042553618941241544,0
2023-01-02 09:10:00,78.57029702169376,3182.070214986922,52.43936142435537,0.058746263740779216,0
2023-01-02 09:20:00,93.57787360348283,2562.612251323954,59.021740548933714,0.053703510736598285,0
2023-01-02 09:30:00,95.60784526368235,2285.2972294373735,49.04548104136351,0.05850889728368345,0
2023-01-02 09:40:00,100.83051243175277,2561.148751516142,53.59878971074091,0.05444579711601708,0
2023-01-02 09:50:00,100.53802052034902,2771.649014518194,43.53363521064418,0.07557731626626787,0
2023-01-02 10:00:00,76.22330632042909,2524.430035162852,45.21781811590996,0.030953672385224063,0
2023-01-02 10:10:00,80.62174960084877,2520.295845601941,52.362031389401885,0.03646009723082938,0
2023-01-02 10:20:00,113.91159058088806,2679.528468749758,48.741357755839026,0.10364043328375058,1
2023-01-02 10:30:00,95.1378595091221,2168.549541224526,51.7780667439283,0.0666038362372522,0
2023-01-02 10:40:00,121.75254691197965,2357.4365340807544,34.5704826728271,0.2040239153037038,1
2023-01-02 10:50:00,128.52731490654722,3374.7883715934695,49.99645702711677,0.05902450638637016,0
2023-01-02 11:00:00,95.70890510693167,1878.0683823043573,43.74796133015141,0.07366987333779856,0
2023-01-02 11:10:00,101.35565640180599,2153.5474011020465,53.022576631776836,0.026439182652472387,0
2023-01-02 11:20:00,99.54001763493203,2140.7963672154015,54.41166531161704,0.08334448223102275,0
2023-01-02 11:30:00,96.51391251305797,2947.4621884722205,47.7395483358346,0.08046477243424517,0
2023-01-02 11:40:00,102.47512931189696,2993.943889687095,37.60626226341453,0.1941373198347448,1
2023-01-02 11:50:00,97.58969220493267,3123.871036336867,51.32939114826024,0.0856359781754212,0
2023-01-02 12:00:00,82.27174785462428,2163.254687878066,47.81640131979702,0.01686753584644453,0
2023-01-02 12:10:00,87.63181393259991,2639.497081111901,49.66933692687089,0.03951103727474697,0
2023-01-02 12:20:00,85.14636452170896,2082.326473370121,60.49860894583258,0.03529393078636096,0
2023-01-02 12:30:00,90.81874139386322,3572.5745638866942,48.76487149627002,0.06442958647514686,0
2023-01-02 12:40:00,113.14658566673509,1906.2007904852435,48.20829923989389,0.02899718520795709,0
2023-01-02 12:50:00,71.32734807408252,2654.9103551135136,46.76229097182421,0.06514990298674972,0
2023-01-02 13:00:00,96.86260190374513,2816.8884404660494,53.720959857499686,0.07741072287993428,0
2023-01-02 13:10:00,73.87284128810349,2706.899548725749,49.09387913390948,0.06390405800167999,0
2023-01-02 13:20:00,85.28068134210567,2407.356170561146,46.75313480839287,0.05567502047323002,0
2023-01-02 13:30:00,100.88950596967366,2435.089650133287,56.60652016136506,0.03024253318198502,0
2023-01-02 13:40:00,90.64280019095463,2521.9057359895546,57.098015022568184,0.033062980677492707,0
2023-01-02 13:50:00,79.22255222070694,2426.4989991857556,46.99788217130647,0.07499237810593334,0
2023-01-02 14:00:00,82.84696290740033,2981.9395583974547,40.66730024319692,0.06558698007810665,0
2023-01-02 14:10:00,96.79597748934675,3605.2615007956756,55.03756844918461,0.049219609612449124,0
2023-01-02 14:20:00,82.69633368282864,2221.254107496083,46.57685087119998,0.041641809084682194,0
2023-01-02 14:30:00,92.16458589581976,1815.098510210461,53.953127995813844,0.009483842537772465,0
2023-01-02 14:40:00,90.45571839903813,2455.8589758243725,40.14948091144082,0.028582951626311227,0
2023-01-02 14:50:00,83.48399652394183,3789.854668827159,54.462986691496546,0.08822838174279447,0
2023-01-02 15:00:00,111.43944089325325,2098.1627160151347,43.9441403535961,0.024390888579950667,0
2023-01-02 15:10:00,96.33919022318011,3319.558402722034,53.653820595332625,0.05378959642442162,0
2023-01-02 15:20:00,69.74857413342393,3338.8504070382205,50.07136533918217,0.07014887946390397,0
2023-01-02 15:30:00,91.86454314769428,2223.2058791460026,45.23030290301678,0.024901546639954152,0
2023-01-02 15:40:00,83.38213535231613,2784.4915395926378,47.9648184353661,0.05369420949562167,0
2023-01-02 15:50:00,98.52433334796224,3314.198311564269,53.431592284783505,0.0687583107502131,0
2023-01-02 16:00:00,105.21282410348215,2855.1755232131536,44.23787965366756,0.15074995931443502,1
2023-01-02 16:10:00,107.45509826884835,2848.0864091697977,39.1590498200904,0.3221041833400061,1
2023-01-02 16:20:00,95.04987278980457,2209.159543025678,59.88220292257743,0.016628014822436095,0
2023-01-02 16:30:00,98.65755194170121,1992.6216346535666,42.17879194144474,0.07117457059767758,0
2023-01-02 16:40:00,77.99703592944223,2175.3612274669963,58.08606287484312,0.04654396525207072,0
2023-01-02 16:50:00,105.8634602515422,2343.1755829660856,38.32877780725963,0.19631520929020052,1
2023-01-02 17:00:00,85.25054688839043,2517.041734129613,45.50607975838436,0.05882614303398492,0
2023-01-02 17:10:00,83.46670767426288,2115.0133844706793,43.34843187130505,0.03533687605780007,0
2023-01-02 17:20:00,107.65454240281096,2616.8929558953737,49.054398046114834,0.054579927849186805,0
2023-01-02 17:30:00,94.04981710960955,1722.0521768981862,54.6082505596223,0.01284197097203426,0
2023-01-02 17:40:00,77.39116045664954,2665.4401161072287,49.36225439811233,0.06206495001142788,0
2023-01-02 17:50:00,118.25935000475171,3440.619976181836,45.94046977958738,0.16788950795943156,1
2023-01-02 18:00:00,111.22156197012633,1503.1321787142724,42.744121549742204,0.06277320337286205,0
2023-01-02 18:10:00,100.32465260551147,2687.028284923786,49.93955526076973,0.07116236650174301,0
2023-01-02 18:20:00,74.80630034045987,3113.8344962366464,43.73803277793441,0.05735239680419422,0
2023-01-02 18:30:00,85.15765927133748,1895.1794906543973,51.81815941312484,0.05296178839596553,0
2023-01-02 18:40:00,102.66911149186623,3336.286193418852,54.4344369504865,0.03237863326677416,0
2023-01-02 18:50:00,82.92330534381219,2709.5095046830224,47.89619103159473,0.03575558472701898,0
2023-01-02 19:00:00,94.43819428146229,2147.4940721207954,36.978930716864326,0.07373469240354663,0
2023-01-02 19:10:00,97.74634053429337,2472.115461171147,50.994740733982475,0.07872670811411958,0
2023-01-02 19:20:00,80.73069528421917,2779.163456260861,52.18369275866755,0.04523779127375892,0
2023-01-02 19:30:00,89.404746439382,2538.002695706206,52.02147377480849,0.050920054945065484,0
2023-01-02 19:40:00,73.35896107683871,3140.321854028563,44.03170823559825,0.09572313750037405,1
2023-01-02 19:50:00,99.68562875712374,2525.3373119238977,27.461645900007404,0.2203654107160467,1
2023-01-02 20:00:00,87.4743184860684,2584.680412018039,53.40108052725225,0.06330833647383557,0
2023-01-02 20:10:00,77.5221681803515,1793.1427515475098,55.962537562389876,0.08882434872927499,0
2023-01-02 20:20:00,126.01087192870725,3054.0416811486753,24.551777394859084,0.09730061536921567,1
2023-01-02 20:30:00,75.69858622039368,2048.046179267605,51.59825912959489,0.04243984201963566,0
2023-01-02 20:40:00,85.59955513303017,2132.2350287051167,47.47910084496164,0.054628918450511446,0
2023-01-02 20:50:00,112.51360701489456,3398.9212024886906,41.65253266350166,0.18878937226354625,1
2023-01-02 21:00:00,104.41273289066116,3045.6550602971347,51.73838241769168,0.045686647249047356,0
2023-01-02 21:10:00,75.6413784882056,2804.5690604535885,47.56385717943224,0.03254077819092599,0
2023-01-02 21:20:00,122.0541632500139,2607.291827843162,31.749804625758486,0.20288445173541425,1
2023-01-02 21:30:00,90.10233061019586,2341.795775152599,50.170762087440124,0.06442270725091163,0
2023-01-02 21:40:00,80.18491348952048,3106.548849989592,44.563770305685985,0.031674517988725504,0
2023-01-02 21:50:00,94.6210347426327,2570.858456819952,44.57087435557408,0.07710885602210991,0
2023-01-02 22:00:00,91.9905969557347,3659.664769990847,53.396866414782515,0.07340397418393207,0
2023-01-02 22:10:00,83.99783122841205,2696.658919697186,44.25602982420672,0.05268592994495586,0
2023-01-02 22:20:00,90.69802084990019,2596.0245582450157,53.331562504546056,0.051591957247520734,0
2023-01-02 22:30:00,110.13683677944357,2957.6791897690655,41.16345189499305,0.18324346626695442,1
2023-01-02 22:40:00,91.13517345251248,2566.770452391141,41.37096635604702,0.03276593859487484,0
2023-01-02 22:50:00,96.62130674521046,2423.765081809728,46.61217673832172,0.050600629583281646,0
2023-01-02 23:00:00,105.86016816145352,2854.054338344295,55.97054701523686,0.006952329107816395,0
2023-01-02 23:10:00,77.62184501173151,2978.3511583972922,45.09417234430159,0.06752911291005871,0
2023-01-02 23:20:00,111.33033374656267,2107.005269746025,47.67797868845306,0.018770135551162814,0
2023-01-02 23:30:00,95.09666508501182,2288.407061638063,40.813017017846235,0.24020518970573995,1
2023-01-02 23:40:00,88.48214904964416,1581.8973134483517,53.91695254641298,0.043397598120671,0
2023-01-02 23:50:00,95.88317206484577,2753.995663456272,48.74230556977752,0.045766660361376464,0
2023-01-03 00:00:00,92.80991867735032,1948.3166969130632,47.012449026541795,0.03744532187830989,0
2023-01-03 00:10:00,83.77300480179406,1423.5547035237585,57.11184930849254,0.04423922252155847,0
2023-01-03 00:20:00,87.91877749642725,2694.289302265482,58.6944983189879,0.07837062690296073,0
2023-01-03 00:30:00,85.06999065341168,3746.4997587163953,54.89429025390898,0.00024382686929841357,0
2023-01-03 00:40:00,84.10635243055789,2496.9645442300534,50.42659071282512,0.07553930772176376,0
2023-01-03 00:50:00,113.24290436107125,3473.584470013002,41.03548388672536,0.1702814088661025,1
2023-01-03 01:00:00,93.57015485965047,2540.9146792737824,45.847777967217176,0.02585956704285569,0
2023-01-03 01:10:00,83.07090404739346,2450.555173404429,52.61257052632879,0.028493752139015244,0
2023-01-03 01:20:00,98.9959987543325,2959.5382414938845,52.091991104443416,0.08352786054416406,0
2023-01-03 01:30:00,93.07299520876609,2354.8627279056745,57.007992964732146,0.03108986240114538,0
2023-01-03 01:40:00,98.1286211883896,2633.6961570359513,53.25225046268069,0.026932989788080813,0
2023-01-03 01:50:00,96.29628841923612,2660.8489030980068,42.48459849120091,0.07274629084729459,0
2023-01-03 02:00:00,81.71004989077927,2165.9547731784755,55.25973808861459,0.05677105752571829,0
2023-01-03 02:10:00,84.3981895980303,2996.0211747682615,45.00969686342793,0.031241488469272025,0
2023-01-03 02:20:00,97.47293605123262,2412.5201216522955,48.08014364023824,0.05433249950809238,0
2023-01-03 02:30:00,96.10370265433465,2122.127420253578,51.251001031258475,0.029484946327194457,0
2023-01-03 02:40:00,89.79098406035853,2768.254921785202,59.978337448919824,0.0720164279684521,0
2023-01-03 02:50:00,91.17327383308782,2050.7660091044813,65.5495927800268,0.07122741929746268,0
2023-01-03 03:00:00,102.77664895788425,2514.090578684564,53.03361529568092,0.060640123976438864,0
2023-01-03 03:10:00,84.0842861116417,2495.4405016778983,49.08401690639806,0.05723322122494033,0
2023-01-03 03:20:00,95.47097381170038,3042.947782915789,52.67252824240275,0.08522376249734748,0
2023-01-03 03:30:00,87.97807347566106,2737.3491164399766,54.43827712936918,0.04999372654776451,0
2023-01-03 03:40:00,87.82318796772779,2487.486520627428,48.39666187221404,0.02636251749158398,0
2023-01-03 03:50:00,100.9877685198719,2908.8831496001435,58.97605677956161,0.05898947825664614,0
2023-01-03 04:00:00,98.2541634898803,3195.103774508657,51.15035379595701,0.09172094099074228,0
2023-01-03 04:10:00,98.13509636000639,2778.905153175931,52.48871544545697,0.02970481013628296,0
2023-01-03 04:20:00,103.05478807154329,2505.1763099216905,53.329621260272305,0.04277074466612029,0
2023-01-03 04:30:00,114.55390091928145,2344.396656515553,42.61909034923687,0.17498676228608717,1
2023-01-03 04:40:00,96.81952971294965,1967.4431684623137,54.194702502348065,0.04892190301988522,0
2023-01-03 04:50:00,86.89733243406543,2347.387647822666,46.91373406726538,0.03035392839245371,0
2023-01-03 05:00:00,93.24166352488442,2195.2438989203583,47.20849123026985,0.07243715712460942,0
2023-01-03 05:10:00,88.69856945632316,2406.514348507277,44.49922883514152,0.09640081444034519,0
2023-01-03 05:20:00,90.96995964992718,2528.3249624485534,52.19750615310113,0.053922629180478146,0
2023-01-03 05:30:00,95.95157025436913,2764.8463771783654,53.89468251756057,0.031918634205279996,0
2023-01-03 05:40:00,81.81779316766527,2464.7506109704545,52.28886433075943,0.0190207894989305,0
2023-01-03 05:50:00,110.9238727568546,2743.250821913101,58.37246216673769,0.05515951962442362,0
2023-01-03 06:00:00,79.93982618500299,2532.23720740506,49.972019905854765,0.07207754686632516,0
2023-01-03 06:10:00,77.85811387212269,1512.2667168230644,53.34370827796256,0.05950335492990763,0
2023-01-03 06:20:00,101.58110873500068,2030.3323030906229,44.541495619303426,0.04995192318162293,0
2023-01-03 06:30:00,97.91662693962935,2427.956222139192,48.06450148762799,0.03821456696421388,0
2023-01-03 06:40:00,96.24119817052156,1895.1526285794462,53.47768878782889,0.02815672734563821,0
2023-01-03 06:50:00,110.35177295709353,3422.9634018419706,46.683981324725416,0.20008507957949292,1
2023-01-03 07:00:00,112.81681171221953,3863.643730448843,36.045988816999156,0.20482629728313517,1
2023-01-03 07:10:00,81.02745628514168,3109.380925848658,49.64200374070967,0.019085404266185338,0
2023-01-03 07:20:00,90.75804558193727,2393.278564534896,42.410631266595956,0.08179677956361368,0
2023-01-03 07:30:00,83.22838288487888,3245.363068424976,48.214853995966955,0.06148142441788003,0
2023-01-03 07:40:00,122.84989125769185,2934.326656282755,41.238674316390515,0.23397567870874764,1
2023-01-03 07:50:00,88.52942618497862,2331.4570144409804,52.876025080532834,0.0231574450302977,0
2023-01-03 08:00:00,81.74502803207488,2193.29866822953,52.503328606906045,0.022683516891691225,0
2023-01-03 08:10:00,86.78614158347007,2348.765156755936,50.248868435904804,0.04702061380465406,0
2023-01-03 08:20:00,94.12931454275625,2305.911590729386,50.03531579314088,0.060055688537903884,0
2023-01-03 08:30:00,84.36275447196026,2585.2081111877437,46.698394302632764,0.08592721645853928,0
2023-01-03 08:40:00,81.77779604433569,2580.286990524932,53.49414210101267,0.06412157827630263,0
2023-01-03 08:50:00,92.43687211491913,2501.523010076707,52.104864721946946,0.04514637446375934,0
2023-01-03 09:00:00,92.44966571108722,2718.469084873175,52.46009423996399,0.02947261584668216,0
2023-01-03 09:10:00,84.9305682462887,3095.323137393171,47.3698257866621,0.074600011454383,0
2023-01-03 09:20:00,85.28961694381677,2974.7770677206618,39.23328540064378,0.030705891484985707,0
2023-01-03 09:30:00,92.32049937357637,1757.5510157750482,55.485763558768475,0.08256937109544643,0
2023-01-03 09:40:00,75.51915658502676,1223.0394325490226,47.60581271995798,0.04431230700786982,0
2023-01-03 09:50:00,75.92536225623445,2967.159955619637,45.686121179784394,0.081811641452357,0
2023-01-03 10:00:00,82.81555778747564,1816.5606507922894,53.46739455956997,0.06357862580118556,0
2023-01-03 10:10:00,87.86552848288153,2387.6172990536584,48.039936800404355,0.04726009021115084,0
2023-01-03 10:20:00,103.55249119766754,2473.6697283167377,51.52314097328205,0.11883621769043241,1
2023-01-03 10:30:00,104.75356216949552,1599.0097812099903,53.08502974788349,0.043181842453078406,0
2023-01-03 10:40:00,98.5765962320202,2770.731364102394,53.417846616002386,0.05856633384750475,0
2023-01-03 10:50:00,88.40061470036574,2879.5775801513237,43.17022144399733,0.051543129924354336,0
2023-01-03 11:00:00,110.27473415362016,2691.1820142723154,46.12582451894482,0.1143713155158777,1
2023-01-03 11:10:00,79.97470635362191,1204.478853927545,51.30625265616928,0.04668737179364736,0
2023-01-03 11:20:00,89.8148686400761,2226.8777758737588,48.15361430376898,0.051571540594383,0
2023-01-03 11:30:00,87.11341361079862,2695.9020027012734,50.716942336711256,0.0074253181117037576,0
2023-01-03 11:40:00,93.22718560338089,1760.5442156129357,41.1188238355084,0.05916336229577398,0
2023-01-03 11:50:00,81.72769056447677,2591.6799598895777,52.043264057403356,0.030405575505663866,0
2023-01-03 12:00:00,95.19346514241172,2492.3450754135024,44.85314245908964,0.026933351935885103,0
2023-01-03 12:10:00,105.32738913002578,2789.6457498005443,43.23664857078233,0.016253113057785797,0
2023-01-03 12:20:00,88.91239851543142,2559.7901842070764,42.38820406891055,0.014122150042642195,0
2023-01-03 12:30:00,94.01711722098942,2013.4655295592222,55.563441874949625,0.022891049937754218,0
2023-01-03 12:40:00,96.90143991711112,3098.285750832246,46.85368303153606,0.03581958084739019,0
2023-01-03 12:50:00,85.98779528114164,2420.735213486515,57.6686385495825,0.08906518275053137,0
2023-01-03 13:00:00,92.24092481810416,2486.347730245034,47.32099268473851,0.03948240648209592,0
2023-01-03 13:10:00,90.12592400781794,2033.366020463402,41.463210212035264,0.05355500212536063,0
2023-01-03 13:20:00,90.97676098548831,2278.358874404245,44.4173778002567,0.05800962773012658,0
2023-01-03 13:30:00,82.26990216144533,2057.5986429865497,56.179058100034695,0.052621303724316976,0
2023-01-03 13:40:00,90.24510174258943,2413.5269700382887,49.22050911031666,0.04845113078548013,0
2023-01-03 13:50:00,112.63750234565292,3864.1374971229816,33.89297900316424,0.07828237418404532,1
2023-01-03 14:00:00,104.51143607795042,1814.0494285343218,50.80009112926394,0.07901855096558424,0
2023-01-03 14:10:00,99.59270826085206,1693.2193010616293,52.50891368083772,0.0861439328727577,0
2023-01-03 14:20:00,111.53182457511556,3235.585163746804,55.5869940795123,0.016346826117546287,0
2023-01-03 14:30:00,82.3265243711195,2395.338161424067,57.24249614946463,0.029519428182272413,0
2023-01-03 14:40:00,98.72320636720679,2165.4636306700418,48.20115677105457,0.04440379315245988,0
2023-01-03 14:50:00,91.83342005738352,3019.952343698038,43.36976156958981,0.030709244101796176,0
2023-01-03 15:00:00,111.89802933217672,2197.192230131568,47.93267419438362,0.060119311069117304,0
2023-01-03 15:10:00,81.91701714644849,3413.004856773468,51.30140253291443,0.035434555951867744,0
2023-01-03 15:20:00,81.60278157819224,2838.9629356696346,45.18120536894695,0.09330112135613206,0
2023-01-03 15:30:00,84.00607354555977,2256.0442959271486,45.21424542552479,0.07381097188687193,0
2023-01-03 15:40:00,68.76104275690193,3578.654106632752,51.718939407749424,0.0542514806126443,0
2023-01-03 15:50:00,84.74244978319238,2197.142538498331,49.75673824214775,0.07053972526639465,0
2023-01-03 16:00:00,82.40867338446301,2871.0476860046533,50.163984977057936,0.07211800848714618,0
2023-01-03 16:10:00,91.50393786476208,2649.646290203246,46.207523326499654,0.03872105023883514,0
2023-01-03 16:20:00,109.62373346809473,3578.053454602418,39.408033315911496,0.10102696532748212,1
2023-01-03 16:30:00,135.5159700456539,3955.56930527551,33.191643343651386,0.15468858377817885,1
2023-01-03 16:40:00,99.5042383818605,2516.0020745328834,54.450992055623935,0.06723272248995889,0
2023-01-03 16:50:00,84.23096344337597,2123.291064826908,55.17624667361876,0.05278120797306836,0
2023-01-03 17:00:00,81.01585328651642,2729.9860714695583,40.76906068880953,0.01846007035618006,0
2023-01-03 17:10:00,94.91919171506505,2161.142315123947,45.35244569903795,0.03394351112098316,0
2023-01-03 17:20:00,76.79766792979358,3506.6936237633117,42.51735372454961,0.048520542728112445,0
2023-01-03 17:30:00,108.31458765854353,2568.267665541369,46.749880327965506,0.0484866879134834,0
2023-01-03 17:40:00,101.79440120721287,2317.3392243439457,49.58281015104819,0.08945084353579616,0
2023-01-03 17:50:00,85.30824347895295,2592.340152932454,42.75177390150735,0.02228024115202004,0
2023-01-03 18:00:00,72.86865470909123,1826.4368552351516,45.390700934373434,0.060111784836717495,0
2023-01-03 18:10:00,103.53872374165412,2014.1929807446743,44.98021313959251,0.0797822621665658,0
2023-01-03 18:20:00,88.85460154747382,3100.2069539722124,51.03633664699472,0.09542899490845592,0
2023-01-03 18:30:00,102.37816311973462,2171.552860514302,50.34672168518125,0.04191205153632078,0
2023-01-03 18:40:00,74.05572341205632,1976.5445086590303,46.391312233313734,0.059828589054404,0
2023-01-03 18:50:00,84.00624977046228,2768.326376263643,50.88410436069699,0.06139520714397294,0
2023-01-03 19:00:00,90.05243699718183,3092.8520773314985,47.26659957706367,0.05390963463106582,0
2023-01-03 19:10:00,90.46980593764742,2859.4766553325335,48.641724448369736,0.048023095975213884,0
2023-01-03 19:20:00,85.49934528520757,2998.023842902908,58.36726045149268,0.05871950779000092,0
2023-01-03 19:30:00,96.22849932347499,2121.6024557152696,56.70230525895174,0.0006449217043937028,0
2023-01-03 19:40:00,79.32379570617405,1789.0946666290781,43.50209381536201,0.06364138980125263,0
2023-01-03 19:50:00,88.57620514978707,3250.6668259777434,54.14866208939587,0.05252355807323934,0
2023-01-03 20:00:00,91.20295631711899,2338.660080578932,54.05698277245796,0.04555050206443469,0
2023-01-03 20:10:00,95.14438834058748,2374.5834917724765,44.25868355623691,0.09093724391439116,0
2023-01-03 20:20:00,97.11614878088889,3164.097070924529,54.0938882187743,0.036501319624188955,0
2023-01-03 20:30:00,78.75357908162131,2778.11500470033,57.68965959206277,0.041938480218699385,0
2023-01-03 20:40:00,74.65885829264377,2727.9438860408036,44.38727596877793,0.08983106604409469,0
2023-01-03 20:50:00,119.508372515798,4186.5073544408,34.35898949204743,0.1000763217090086,1
2023-01-03 21:00:00,93.32314011979592,2178.2408848099285,55.08830733421751,0.03899769434126922,0
2023-01-03 21:10:00,82.51513463443446,2963.9200640406184,51.35747655412824,0.047059491531383,0
2023-01-03 21:20:00,105.51151975522524,2528.5065624485424,52.757381376197614,0.06681468964259099,0
2023-01-03 21:30:00,107.12486169733833,3060.3190230343316,40.677965386144606,0.16246815044119883,1
2023-01-03 21:40:00,101.79297184063826,3264.234213206266,51.95347960464072,0.02414749305695475,0
2023-01-03 21:50:00,90.67518481410109,2753.9178781448118,43.367639358444585,0.03935662873745621,0
2023-01-03 22:00:00,110.60747924881987,2769.1480395248163,55.23658853310724,0.03785291133575577,0
2023-01-03 22:10:00,107.55340842443204,3036.253668654901,55.84794996213887,0.04845557909553909,0
2023-01-03 22:20:00,87.51035851520926,2317.5236352285574,48.853046279659864,0.05851687317259659,0
2023-01-03 22:30:00,99.71570950954356,2080.395166330497,49.78261525093069,0.05836411511775945,0
2023-01-03 22:40:00,96.45375949585147,1977.5954029894833,42.34446248722139,0.01447976491903196,0
2023-01-03 22:50:00,103.68631557532349,1516.8217053119993,52.57127378008917,0.07127881975121712,0
2023-01-03 23:00:00,80.35076539419896,3528.103564970161,52.86028720857072,0.055051376919932477,0
2023-01-03 23:10:00,96.8605145999844,1948.3958171391585,49.68904491500344,0.07769064095187812,0
2023-01-03 23:20:00,100.58424486849587,2389.373188207114,55.621766799352514,0.05888396654581344,0
2023-01-03 23:30:00,72.41260513576886,2361.5933500555398,48.3296138451003,0.07202645915471524,0
2023-01-03 23:40:00,78.16741487334225,2653.7033489045502,52.823029629468,0.05933090622900254,0
2023-01-03 23:50:00,69.60767822239899,2907.8686062696484,44.901678306539424,0.07692451512405496,0
2023-01-04 00:00:00,87.30593165555442,2930.236744179873,49.88223924562881,0.06044501272035557,0
2023-01-04 00:10:00,97.17542255795962,2208.461280715531,49.12822871048582,0.04804169507114192,0
2023-01-04 00:20:00,105.02357052096028,2416.4391431067943,51.12653961020471,0.09544869440893763,0
2023-01-04 00:30:00,90.74094780419775,2641.28997524415,48.152365355833204,0.06778074244559784,0
2023-01-04 00:40:00,106.28615545571292,2375.6544369082267,49.342637021641664,0.06147488842008827,0
2023-01-04 00:50:00,76.19898541785109,3303.672788009996,54.13023585720753,0.024473911669233284,0
2023-01-04 01:00:00,72.96617560644845,2745.487475819126,47.81617881380891,0.024233847650729248,0
2023-01-04 01:10:00,109.82299771105927,3233.9778323338855,32.7810594305115,0.1675629289285112,1
2023-01-04 01:20:00,93.84065448939307,2831.4406343337064,58.7479195210271,0.05291042395536482,0
2023-01-04 01:30:00,89.67305251905907,3086.7369287426627,56.907270393452436,0.03771754869983368,0
2023-01-04 01:40:00,69.32557899960123,2590.5107793518537,43.538686524471906,0.0528196539922412,0
2023-01-04 01:50:00,89.10879960487212,1851.5840260220766,53.44853902622597,0.08177253856087191,0
2023-01-04 02:00:00,76.95530499495146,2699.8439758763207,47.485126147243285,0.06390804949100598,0
2023-01-04 02:10:00,96.69672548830039,2174.3215531040855,51.3174360766553,0.027179829804945238,0
2023-01-04 02:20:00,93.66598246096848,2235.6916591251215,51.471120645067465,0.047769823457141126,0
2023-01-04 02:30:00,80.60120213672644,2793.182009377547,48.82796099841839,0.033900670382948785,0
2023-01-04 02:40:00,84.86133082663306,3119.141535716818,46.08117167206802,0.04224600167182878,0
2023-01-04 02:50:00,79.40786478111049,2510.6357883680307,46.5472947384187,0.041727686687407145,0
2023-01-04 03:00:00,89.37320902726829,2654.416506299482,45.41904042259379,0.0404470883479199,0
2023-01-04 03:10:00,99.55142320501238,3351.107472317619,45.84088895884778,0.024897292560532105,0
2023-01-04 03:20:00,80.14273953664457,2620.376589744284,49.66410854975322,0.0474469063696362,0
2023-01-04 03:30:00,95.04046515517844,3800.8415570901975,46.42120005444624,0.0387878472630538,0
2023-01-04 03:40:00,84.69742381627559,2782.754822815772,53.4102603285631,0.008588973800045356,0
2023-01-04 03:50:00,82.07127167737656,1619.6186204220912,57.436230776679636,0.09105944049003326,0
2023-01-04 04:00:00,88.92969640045442,2876.670810552266,47.09973379314979,0.07177539308433345,0
2023-01-04 04:10:00,79.64757677580626,2690.579192441389,51.19702250267689,0.04247398550150008,0
2023-01-04 04:20:00,84.46350694652818,3144.876377041373,52.49842555151467,0.050376380994811974,0
2023-01-04 04:30:00,78.02122107411151,2836.590675634979,52.360011354596374,0.026566913053648767,0
2023-01-04 04:40:00,109.6472513291639,2430.772008008113,50.37977633958044,0.0839144575562173,0
2023-01-04 04:50:00,90.35263551971728,1887.850881855317,53.71341209179861,0.08794577389546224,0
2023-01-04 05:00:00,83.00274492007415,2395.4883713569875,52.41124476340329,0.053133874564930496,0
2023-01-04 05:10:00,92.13979910734221,2074.73977289535,43.81168788836351,0.0704706128837069,0
2023-01-04 05:20:00,88.8767195030917,2209.7382750976385,54.345780321946364,0.05350573557867848,0
2023-01-04 05:30:00,87.79030400466777,2794.2892022103047,54.43645418633371,0.02326549122248139,0
2023-01-04 05:40:00,96.14166700043425,3334.952252175703,46.18356947910709,0.04176353262072686,0
2023-01-04 05:50:00,97.57507710047305,2697.3357649114905,50.18968917723801,0.05263855933543914,0
2023-01-04 06:00:00,84.69498852389472,1902.0584689824077,53.416644964055344,0.04090904562513112,0
2023-01-04 06:10:00,84.2418175935532,2722.3013341100705,48.95343090210319,0.045626934451299284,0
2023-01-04 06:20:00,87.24948302848355,3098.3157433228257,55.36489023883006,0.04817200884981771,0
2023-01-04 06:30:00,66.98078835264415,2195.108547840309,61.8193624730968,0.04838243004269078,0
2023-01-04 06:40:00,74.84808937801448,2432.9914166635413,46.07006983682509,0.051045169809949664,0
2023-01-04 06:50:00,103.66874267444524,2507.3440973645984,43.094776984231125,0.028787898672067984,0
2023-01-04 07:00:00,106.44967713501283,2107.55084345888,51.51909297802438,0.03565967701744128,0
2023-01-04 07:10:00,87.50963960443622,2824.1402169219296,53.60781252563072,0.024308314686000615,0
2023-01-04 07:20:00,95.76556963055766,2439.5259256961094,48.845668130776154,0.069556310993724,0
2023-01-04 07:30:00,93.11250154543536,2709.766221953514,57.266303316605175,0.007887061163193508,0
2023-01-04 07:40:00,120.78880808455239,2056.25391109895,43.30697100138376,0.07307180686633852,0
2023-01-04 07:50:00,101.19574911434577,2281.270849838295,53.46459311515805,0.07772698794525687,0
2023-01-04 08:00:00,112.14877281668441,3322.623415816101,40.62043830861266,0.1318691647810427,1
2023-01-04 08:10:00,80.44459559399574,2313.5834239541164,58.59688953103648,0.0020627417565459716,0
2023-01-04 08:20:00,73.93553679742428,3363.4819256167025,59.962576765840595,0.04277378876065419,0
2023-01-04 08:30:00,92.03463635867223,2300.181907192699,46.16671706108326,0.04871631677422362,0
2023-01-04 08:40:00,82.43649254715697,2612.342362875943,47.2522143204571,0.029788035601421733,0
2023-01-04 08:50:00,75.77746290402325,2966.295415936545,54.29793943489901,0.039695632123835145,0
2023-01-04 09:00:00,83.53427115757474,1790.8171335334841,48.064346751052426,0.08060390397726702,0
2023-01-04 09:10:00,79.18451996385605,1619.5955940096121,49.77294391033881,0.06329854324603482,0
2023-01-04 09:20:00,106.87141635072564,1737.1718427149526,50.12694210271205,0.031508717712438,0
2023-01-04 09:30:00,118.10815463944388,3674.7423163227213,33.7662246612868,0.054144049824274086,1
2023-01-04 09:40:00,89.92027358683383,2224.070927053777,49.93081126952881,0.04345965364780458,0
2023-01-04 09:50:00,104.79944138890026,3779.099642834126,46.55136112967913,0.045730864412991235,0
2023-01-04 10:00:00,116.60553580482245,2741.8967850659283,35.406328344635185,0.179771951241799,1
2023-01-04 10:10:00,81.38715798671737,2592.2756515985184,57.21816001734407,0.039293665748646824,0
2023-01-04 10:20:00,105.23124077269657,3271.054976283938,43.71746552860372,0.060229991507237235,0
2023-01-04 10:30:00,95.38910043684659,3503.0464440795613,54.06602593373989,0.08870308080120459,0
2023-01-04 10:40:00,79.62753845673544,3530.751788318199,48.60518534834096,0.06631002044888526,0
2023-01-04 10:50:00,110.75149152898436,3729.496397773396,38.542824390964185,0.14711468956015367,1
2023-01-04 11:00:00,90.35276086749528,3591.0232351238164,44.36739621408023,0.13901097173680232,1
2023-01-04 11:10:00,76.17200269035663,2796.2634746005915,51.70025647284445,0.04286653731640258,0
2023-01-04 11:20:00,99.26177547531641,2889.180538083319,52.85306498609766,0.0736128182490429,0
2023-01-04 11:30:00,109.0941664047013,2224.4071418357335,54.84092330266431,0.03745373108097395,0
2023-01-04 11:40:00,76.01432426180858,2090.9005582888462,48.34345808408339,0.050904454179999656,0
2023-01-04 11:50:00,95.62969236690572,2498.312771294524,46.93881632746125,0.05102395803762171,0
2023-01-04 12:00:00,83.49357430878173,2414.907688737536,44.57424736721101,0.039964316143769364,0
2023-01-04 12:10:00,102.481411344818,2870.342877911653,37.14461747707228,0.06765206712695396,1
2023-01-04 12:20:00,101.26685026085282,3380.8792637894016,55.66103866298589,0.1693784702170601,1
2023-01-04 12:30:00,81.36009230320184,2977.652604285255,56.22339790368393,0.048779920562892334,0
2023-01-04 12:40:00,90.48521627944827,2544.2034431459238,43.24462816895989,0.0600048093887314,0
2023-01-04 12:50:00,81.69049883588963,3238.765040527631,43.38771021628215,0.03932799387121667,0
2023-01-04 13:00:00,92.70456825779839,1929.1554429332475,52.40933030859246,0.07441642597626096,0
2023-01-04 13:10:00,89.49761890550863,2403.170270360141,52.736323986889836,0.03246452437576311,0
2023-01-04 13:20:00,87.6105195313359,2141.5888396985974,52.744419176586824,0.08424080568035786,0
2023-01-04 13:30:00,80.92436337958402,1566.73169146347,48.72522103223151,0.015047269803434772,0
2023-01-04 13:40:00,84.23228669431667,2458.6596570786505,49.3727286999855,0.05869540129113783,0
2023-01-04 13:50:00,97.55391225825755,2439.1262458083584,51.639397620796785,0.05950861365053247,0
2023-01-04 14:00:00,117.40597664339091,3617.7949985999667,37.28872964800224,0.10226657592354707,1
2023-01-04 14:10:00,80.22444755201448,2815.4058422773887,38.90349813626233,0.05848787875722025,0
2023-01-04 14:20:00,90.99332305429226,1987.9065878353977,48.85100184712403,0.07559037339520318,0
2023-01-04 14:30:00,97.5138712337179,3427.046283167094,45.74296782869843,0.00566362321291871,0
2023-01-04 14:40:00,73.30594718878629,3110.5168477626767,50.87605709454256,0.060054896149816295,0
2023-01-04 14:50:00,102.30951664192878,3271.478998619618,55.93202725862113,0.00040375078019534716,1
2023-01-04 15:00:00,83.37376241054153,2386.757950575084,51.83740832737152,0.03068670392953584,0
2023-01-04 15:10:00,95.70598668593159,2020.2803816382602,48.432351569138014,0.0825833272980189,0
2023-01-04 15:20:00,82.36740843457483,2313.8966119644733,54.60900750988626,0.038364359332158926,0
2023-01-04 15:30:00,71.9511789933548,3044.374309852093,52.41343943604606,0.026522400711820552,0
2023-01-04 15:40:00,73.72457562116837,3442.2931529673046,52.100472452259204,0.04604124542030637,0
2023-01-04 15:50:00,90.48084946661382,3271.6217641360945,53.034252966078355,0.09135812676327104,0
2023-01-04 16:00:00,92.59722501721483,2255.575289106863,60.28271782414771,0.013366355055879478,0
2023-01-04 16:10:00,80.95683374895592,1940.1912833554943,44.34555782337042,0.028973801767213113,0
2023-01-04 16:20:00,96.38592458777374,2570.443123455602,52.36816038405727,0.07994863366359253,0
2023-01-04 16:30:00,73.3847993773104,1615.780317218574,45.368094350092306,0.08715404687075465,0
2023-01-04 16:40:00,89.33920201352683,2661.5838570923906,52.77756323171124,0.047931375514194324,0
2023-01-04 16:50:00,77.88983800237543,2426.1987068506655,45.406567442569525,0.025218945949467154,0
2023-01-04 17:00:00,83.4816389219784,2266.981749065879,47.913165931974575,0.09191687003618318,0
2023-01-04 17:10:00,90.47398671316414,1702.6484663666024,48.52455042881047,0.08188884783498393,0
2023-01-04 17:20:00,81.39586634716048,2756.800053284858,54.87908359672355,0.06357893975524466,0
2023-01-04 17:30:00,86.15444455770175,2233.6495801690444,54.59227221971207,0.0337519530212516,0
2023-01-04 17:40:00,100.0629280921444,1915.041582144856,43.77141311776808,0.04901941318323927,0
2023-01-04 17:50:00,84.23108130476851,1063.8688933591754,50.27467055499925,0.046792798379103384,0
2023-01-04 18:00:00,98.35692112065142,2486.242547474682,46.45210072625414,0.05661702609231156,0
2023-01-04 18:10:00,78.70293145342382,3386.125798334872,43.70747544662333,0.07902002876262673,0
2023-01-04 18:20:00,95.29804177915283,3330.629607273935,48.91491474787815,0.06758834082274806,0
2023-01-04 18:30:00,104.41568620657901,2271.451871706864,48.4575860577209,0.02845247846030484,0
2023-01-04 18:40:00,65.28355499872711,2198.8939698191098,62.13358243172761,0.07752992900039075,0
2023-01-04 18:50:00,82.03104744529523,2734.387128037512,52.16479912680348,0.05626264280026311,0
2023-01-04 19:00:00,95.7707212718054,2000.8072804058543,43.11191249622881,0.06374131591717833,0
2023-01-04 19:10:00,87.96954613957007,2650.895949909733,47.17612997914529,0.07933081718557206,0
2023-01-04 19:20:00,93.71145873371309,2883.040139192345,55.106916477146996,0.02776839500972898,0
2023-01-04 19:30:00,116.7051966764304,3719.4755859330203,54.46540800425433,0.14785046527761223,1
2023-01-04 19:40:00,90.865897874729,2449.9229617600236,42.07008343881021,0.0393709089728157,0
2023-01-04 19:50:00,88.44322764607921,2398.163124911517,40.60037807430477,0.018642811492690883,0
2023-01-04 20:00:00,101.67782061659807,2061.0087066217193,59.35482587685891,0.0569341995520984,0
2023-01-04 20:10:00,92.54420843301213,2086.55982298007,51.94807088685452,0.10023113103168847,0
2023-01-04 20:20:00,93.37602662075201,2386.760554049237,45.65853634061817,0.013198445109884945,0
2023-01-04 20:30:00,85.88123033877532,2683.682753408089,52.67314543061217,0.0493543877790106,0
2023-01-04 20:40:00,85.12393775927507,2956.792313116625,36.82126130491561,0.06281085870149547,0
2023-01-04 20:50:00,85.6744181218038,2098.4105246598274,50.0168775329858,0.052461564033123624,0
2023-01-04 21:00:00,93.94452142378297,3246.344284479761,51.63910586421542,0.04773743894968519,0
2023-01-04 21:10:00,85.79015519179737,2364.4381994787154,54.62135069768915,0.02401567273108352,0
2023-01-04 21:20:00,92.89774856896413,2489.316352825782,44.93052023853731,0.054655734858803276,0
2023-01-04 21:30:00,110.75400798645438,2126.394160426088,50.4284358070168,0.034864720459681475,0
2023-01-04 21:40:00,98.71124703431693,1287.8798698635292,45.37287686970206,0.006201565900428939,0
2023-01-04 21:50:00,86.73976467832159,2942.022698180525,51.27691877837159,0.07389184441027462,0
2023-01-04 22:00:00,102.01213922163944,2868.4219485462168,45.52326838818488,0.06916771639684086,0
2023-01-04 22:10:00,85.91924626978448,2359.3362214408935,47.959495804198895,0.0510332195370216,0
2023-01-04 22:20:00,69.61875464822145,2533.495358612436,45.020923026048855,0.05458149376411405,0
2023-01-04 22:30:00,79.91913689082595,2757.9696088520495,53.255681209118286,0.07148636025431124,0
2023-01-04 22:40:00,71.29208078974145,1718.7270715567288,54.29225558328333,0.05448679313556166,0
2023-01-04 22:50:00,86.48486515958692,2235.4736613268524,48.82689715021293,0.0680803510952263,0
2023-01-04 23:00:00,90.18418379189552,2897.1323398109134,50.19118997480014,0.044050355982523,0
2023-01-04 23:10:00,106.76437312275283,1872.8552884153753,42.75704292683228,0.07623967477147893,0
2023-01-04 23:20:00,93.26927373764163,2646.7789660833146,48.50161675996606,0.05641571451865368,0
2023-01-04 23:30:00,87.80899471191135,1821.7090976882973,49.74897691479128,0.05388103887211748,0
2023-01-04 23:40:00,98.2940558118349,2733.2149912167633,63.103965455149876,0.02459877822575936,0
2023-01-04 23:50:00,67.88864690992115,2482.179258851258,44.440164871129184,0.05573911708603418,0
2023-01-05 00:00:00,92.35614558108566,1692.4340920472453,57.320886193762185,0.03336090165011098,0
2023-01-05 00:10:00,97.70865193886966,3082.3696772285857,54.98429386732904,0.03723434546943012,0
2023-01-05 00:20:00,75.21413754220158,2132.704211600975,51.40318202245068,0.03369248743367758,0
2023-01-05 00:30:00,101.43754043206928,2094.8737814928095,58.79310242097567,0.0286753013620155,0
2023-01-05 00:40:00,93.38496407494414,2600.2845986154716,51.860527363034315,0.09249542806033922,0
2023-01-05 00:50:00,85.84712086099199,3074.3186747143577,51.945795978339646,0.07662678123976807,0
2023-01-05 01:00:00,96.32781866106285,1992.0890905108015,49.73439673491227,0.08840735004288522,0
2023-01-05 01:10:00,112.70692857804396,2530.839924923986,56.117844412093135,0.025542099608888723,0
2023-01-05 01:20:00,91.81866255058495,2714.4082501652865,55.482346169054416,0.05142507499821785,0
2023-01-05 01:30:00,92.48220586300336,2846.552803631572,46.87161356251894,0.024129847495918087,0
2023-01-05 01:40:00,108.06152147906862,3083.068484786148,31.17280870038564,0.10825830736817615,1
2023-01-05 01:50:00,81.50155630535208,2316.4860804583386,48.98509681302171,0.031637460331668504,0
2023-01-05 02:00:00,98.30335816544246,2086.20488967564,45.999807178011764,0.07479168012883124,0
2023-01-05 02:10:00,81.43916174091133,2543.0719415231874,49.68237712692322,0.042075406437964806,0
2023-01-05 02:20:00,90.71566237219392,1963.9304940071966,56.187190673420695,0.07136758667388032,0
2023-01-05 02:30:00,85.22342553234883,1039.3247582526963,47.71349172456605,0.06208241779177036,0
2023-01-05 02:40:00,94.78979825746391,2718.279902078834,49.78588309344212,0.09607277504209578,0
2023-01-05 02:50:00,93.33662105286949,2951.9674205430974,50.290113674041976,0.020411115537205524,0
2023-01-05 03:00:00,100.375399442579,1318.5337822290808,54.24215441102642,0.07518466479573599,0
2023-01-05 03:10:00,84.89983601145254,1995.1346476450312,38.765553330076976,0.07292881740801456,0
2023-01-05 03:20:00,87.30125064706628,2809.5771305025987,46.96649852617352,0.03053242323945931,0
2023-01-05 03:30:00,80.21236284217693,3528.7477348558496,51.056418461397364,0.07014266672946319,0
2023-01-05 03:40:00,85.55706739923889,2510.396853837704,56.00039478213431,0.05672289926052458,0
2023-01-05 03:50:00,93.77300493044852,2135.998529385433,47.54048776246898,0.045450474800931846,0
2023-01-05 04:00:00,97.56988616645351,2408.55177944758,40.617236469790626,0.03352129026056001,0
2023-01-05 04:10:00,80.77834675822375,3187.4382095740925,53.09855722983068,0.03561781097101628,0
2023-01-05 04:20:00,119.44044322064505,2727.326947300107,37.437818047466,0.2729887257471556,1
2023-01-05 04:30:00,103.55637858804951,2100.4039966748733,44.0516667045482,0.05001365637914965,0
2023-01-05 04:40:00,94.13434903223701,2258.628238908984,46.87827305143388,0.06564260003062919,0
2023-01-05 04:50:00,108.76795812558066,2023.3356958706438,49.077373211720754,0.03418201236664894,0
2023-01-05 05:00:00,82.26210800896428,2561.335157997398,46.97627667730894,0.034402941075567225,0
2023-01-05 05:10:00,77.55345296688583,3312.3392292347803,38.97216971450465,0.07163969618499885,0
2023-01-05 05:20:00,72.21279751095722,2661.5396365580145,54.48533098443566,0.023008475768969357,0
2023-01-05 05:30:00,104.96044311489183,2373.823248936856,56.37437520639361,0.04169572464189457,0
2023-01-05 05:40:00,122.45149514563631,2822.2195340176145,43.1634223600992,0.15204164466433395,1
2023-01-05 05:50:00,89.44415329089544,1718.4045956516716,44.311571647875915,0.05222745203680105,0
2023-01-05 06:00:00,92.7996862631982,2941.5548885735793,48.99254233026241,0.04641813429967688,0
2023-01-05 06:10:00,78.74510952701624,2461.081401493599,49.96739342385271,0.057916395621918464,0
2023-01-05 06:20:00,114.45751979616827,2409.760043204687,52.99397194780955,0.06385711511635624,0
2023-01-05 06:30:00,123.0104820838154,4493.572599068246,38.518967524391876,0.19407825272755982,1
2023-01-05 06:40:00,91.09394794604893,2649.376454182843,46.329131006107524,0.03028392382664347,0
2023-01-05 06:50:00,97.25766623898691,2124.104474952408,50.4099777820678,0.04431689804142406,0
2023-01-05 07:00:00,94.81009231736714,2286.8212018972285,52.28640202307621,0.07389525723753876,0
2023-01-05 07:10:00,92.23884024279131,3074.222854598377,57.279111610733835,0.06789294375147745,0
2023-01-05 07:20:00,82.09525544554688,2556.635205268882,53.522532699123616,0.022542810970378725,0
2023-01-05 07:30:00,94.71468357135996,1780.8610108413168,53.945283436877595,0.05702959800704403,0
2023-01-05 07:40:00,108.82024496475034,2959.6144672876017,50.4191331396468,0.0104354950125038,0
2023-01-05 07:50:00,103.45420046154977,2165.927957230503,57.05229572601752,0.050938698041207396,0
2023-01-05 08:00:00,105.93186626639397,3436.6488881087726,52.04881397979749,0.08795534033491954,0
2023-01-05 08:10:00,84.88784323568815,3040.0240328573245,45.69456044913215,0.03104214565462028,0
2023-01-05 08:20:00,104.45768502035621,2764.0046457660133,47.07853152267747,0.09994061727050509,1
2023-01-05 08:30:00,88.74213079900352,3140.5081808675563,53.48951636269514,0.06528059563145719,0
2023-01-05 08:40:00,90.55724912288694,2533.927755263702,47.78477989435759,0.019143969695807082,0
2023-01-05 08:50:00,100.94191518470949,2926.3868375611096,47.602535163003786,0.03734489940229922,0
2023-01-05 09:00:00,73.0753537028518,2742.366408647237,51.48287772570381,0.061928822751635054,0
2023-01-05 09:10:00,105.29550319460614,2076.821672504563,52.31592397633792,0.03731428304621194,0
2023-01-05 09:20:00,113.1639864965682,2709.1298281445347,40.118910308799855,0.1358418007673417,1
2023-01-05 09:30:00,85.7311893005258,3014.9804087905804,51.556543367214424,0.0648837142063007,0
2023-01-05 09:40:00,79.87895624739832,2332.6123339467294,58.4997868728819,0.05843092167073123,0
2023-01-05 09:50:00,73.4514332813423,2298.1757683790015,55.35771576117443,0.05533636792590804,0
2023-01-05 10:00:00,98.23170583961914,2022.4387103253234,50.95317795632512,0.04321755441459923,0
2023-01-05 10:10:00,111.38662979420596,3146.230760850586,48.243323377732395,0.17220366691613734,1
2023-01-05 10:20:00,77.10039100258946,3531.262459621573,44.837380482362306,0.04752534639800487,0
2023-01-05 10:30:00,96.3415835125291,2442.662418387197,42.64864360678692,0.17746833659554712,1
2023-01-05 10:40:00,86.64215300709871,2512.1097283363792,59.04653174866555,0.040061359497640434,0
2023-01-05 10:50:00,124.31123803286941,3612.1639535091167,37.08119238741233,0.13904586153722753,1
2023-01-05 11:00:00,87.40408648636395,2460.179304377142,45.761830356904575,0.030200844148959724,0
2023-01-05 11:10:00,74.96857046881894,2726.185898124867,46.7395555570347,0.049299847799875285,0
2023-01-05 11:20:00,87.54256935914056,1968.80323592656,44.55183481328806,0.03377998272742311,0
2023-01-05 11:30:00,87.2727643025233,2714.153548603824,46.076190459361484,0.027719070996760135,0
2023-01-05 11:40:00,63.03113357058429,2406.4278674977254,48.14745950704985,0.05517322295710776,0
2023-01-05 11:50:00,89.45705133482188,2992.8649978399317,42.97216490410679,0.05425479551715321,0
2023-01-05 12:00:00,87.69065469791322,3093.6930257823756,50.07809166974801,0.06565747469897146,0
2023-01-05 12:10:00,96.96206364813418,3794.781821009307,54.51138586893324,0.04137748860849802,0
2023-01-05 12:20:00,108.48956094945345,2789.816586606788,45.4612190992654,0.058161056936735116,0
2023-01-05 12:30:00,101.26565029547757,2662.8981582910833,57.59641961820884,0.06101595144547327,0
2023-01-05 12:40:00,87.3111130944517,2597.192150788668,52.55396044263797,0.0588954761566319,0
2023-01-05 12:50:00,78.9347409125833,2323.416853594656,55.152902928120284,0.03348692634395716,0
2023-01-05 13:00:00,115.7335980324986,2669.2419217308457,46.71082723073931,0.05298726964542378,0
2023-01-05 13:10:00,90.59218434014488,2352.2992949304853,54.27262613533308,0.05728280592109323,0
2023-01-05 13:20:00,90.13929291912946,2584.2304881348073,44.54033049802344,0.05014356933815884,0
2023-01-05 13:30:00,105.62818917032726,3770.7232595603896,49.11735870570627,0.024811340497734917,1
2023-01-05 13:40:00,91.98084760767856,1996.7287173601794,50.85919669896766,0.0532097924794696,0
2023-01-05 13:50:00,88.55639588076058,3069.939280564523,52.76625609992392,0.09425062078794486,0
2023-01-05 14:00:00,84.26337993119763,3158.5575336699326,44.12202697187574,0.042799214624860346,0
2023-01-05 14:10:00,84.53141058759608,2440.9657365044604,45.524650788616974,0.035438458042893584,0
2023-01-05 14:20:00,89.67246729784002,1439.0725504957027,52.98614109126692,0.057466971194227966,0
2023-01-05 14:30:00,84.56575228866235,2196.089006452784,45.258259978878996,0.05624756420933144,0
2023-01-05 14:40:00,82.87154217322836,3148.4972732805545,52.316031460495616,0.07385470330832829,0
2023-01-05 14:50:00,91.06430227691897,2488.565968850559,43.16431096769877,0.024842636881822245,0
2023-01-05 15:00:00,87.45022782579144,2000.3488838525445,54.240871063333344,0.06462760505149985,0
2023-01-05 15:10:00,105.0399298858269,2247.612539385891,43.83738342615746,0.06180844122502927,0
2023-01-05 15:20:00,63.49030191606988,2920.3100132522763,52.76149968839761,0.04715706926118908,0
2023-01-05 15:30:00,100.91506851922462,2773.3667841006895,53.12815466823,0.0567737463584338,0
2023-01-05 15:40:00,102.4608519249763,2380.533950415153,46.516140907852126,0.07058914963196715,0
2023-01-05 15:50:00,85.83102717742102,2787.1422183338527,42.3075975560765,0.202338922801707,1
2023-01-05 16:00:00,86.57312405919652,2304.1209254780892,51.30221131666778,0.02713961375852543,0
2023-01-05 16:10:00,86.28559134004209,2038.7949077507487,47.30579071903631,0.0664031637351097,0
2023-01-05 16:20:00,75.92488305282178,3307.687844734721,44.95722657961896,0.048706227899349634,0
2023-01-05 16:30:00,95.46905330237632,2984.1153199069486,29.884498323702687,0.15437244588093094,1
2023-01-05 16:40:00,98.5148842919166,3761.454045466839,41.624387869736154,0.1543918194601017,1
2023-01-05 16:50:00,107.52270443423623,3260.6580259612256,42.175986143189725,0.0469951402240348,0
2023-01-05 17:00:00,99.35678393147461,2999.15544907398,50.47672099720654,0.0738341499421413,0
2023-01-05 17:10:00,102.71555094994159,2284.1898436409756,48.68275891958876,0.04832564080301576,0
2023-01-05 17:20:00,97.21672064043236,2701.8650451683047,53.39571387719098,0.027609077432336628,0
2023-01-05 17:30:00,78.70948228782771,2487.9021968045417,48.48977250255068,0.042129402880605425,0
2023-01-05 17:40:00,96.33145945107033,2540.0444731627617,35.24128437228981,0.16072168300862855,1
2023-01-05 17:50:00,94.89374561227918,2662.1796408608016,53.659353521441474,0.07458429568594101,0
2023-01-05 18:00:00,77.77872191108054,1910.4801044200988,51.67529014542059,0.062061893698976675,0
2023-01-05 18:10:00,97.12998430172388,3093.839694230782,51.58077978591389,0.03298929442505912,0
2023-01-05 18:20:00,87.59674601841866,2267.6913513508034,52.346337949042635,0.09970379833357784,0
2023-01-05 18:30:00,86.25179192450402,2600.57982793642,42.32213938396447,0.055295506219559594,0
2023-01-05 18:40:00,97.10959968203491,2641.643935773071,53.78394339993491,0.07550781475998031,0
2023-01-05 18:50:00,115.39721573557895,2769.702639893226,42.05902842552245,0.14089713398536627,1
2023-01-05 19:00:00,106.20868530159748,3084.757112964304,30.48236866204818,0.18200155468232698,1
2023-01-05 19:10:00,101.59329803364248,2262.548171688738,48.779597631628995,0.0667893700903681,0
2023-01-05 19:20:00,79.18936672400102,2935.648648728622,49.80346356186185,0.07436389423508512,0
2023-01-05 19:30:00,96.15935606944264,1827.0101598766257,49.32751607799133,0.0711473661075645,0
2023-01-05 19:40:00,95.93101257968384,2563.189789773206,51.669299832842675,0.06744394000145956,0
2023-01-05 19:50:00,86.9045356068601,3469.4644995291424,57.15683390915592,0.04369826537611783,0
2023-01-05 20:00:00,93.26133022242118,1999.8343376972125,55.40883363836414,0.03856507916087877,0
2023-01-05 20:10:00,98.22354072808041,2513.923807434895,36.41967257962508,0.16995645061945186,1
2023-01-05 20:20:00,99.240270192069,2756.9539248294577,53.110349951530246,0.0686625614468214,0
2023-01-05 20:30:00,88.15097863557011,2589.790890969799,56.644666597677045,0.04554558598446786,0
2023-01-05 20:40:00,84.7727697948096,2675.31504963678,51.93404260344602,0.07130343931428773,0
2023-01-05 20:50:00,100.49009225836889,2744.593565073832,55.454902125929834,0.07905233490972359,0
2023-01-05 21:00:00,82.9565630945724,2817.360734280885,60.06135222850382,0.03167358161853161,0
2023-01-05 21:10:00,75.91538703636441,3054.8499209781116,55.11854773053491,0.033261585924074404,0
2023-01-05 21:20:00,74.43370826476097,2704.9093284642563,51.246542978208645,0.047192498821893275,0
2023-01-05 21:30:00,96.0600995134564,2379.3711726907286,55.225442370423764,0.05615225336378393,0
2023-01-05 21:40:00,77.19570647503717,2836.2868506013656,50.724439165484455,0.03950865972465899,0
2023-01-05 21:50:00,107.54794181984364,3449.940967447608,50.11951521642478,0.0770440535773429,0
2023-01-05 22:00:00,69.18070592116278,2433.683126808713,48.242928821431335,0.058481337230369024,0
2023-01-05 22:10:00,106.96456368290038,2012.7353476646792,57.81706679416054,0.050788940964814795,0
2023-01-05 22:20:00,92.11017467202619,3053.5403346434864,45.907856670289995,0.021281809522629452,0
2023-01-05 22:30:00,89.03286888129608,2439.809418023201,57.66183862339058,0.02368368367144986,0
2023-01-05 22:40:00,84.5508091319105,1413.6652269929818,52.49932061870186,0.055620185005636126,0
2023-01-05 22:50:00,111.38070329342074,3286.327356085345,32.59569542433525,0.02204426243070983,1
2023-01-05 23:00:00,89.62365297575151,2232.3359070230385,51.83824646495711,0.07025274819288144,0
2023-01-05 23:10:00,101.03301882016521,2454.7333588479196,39.49986746174188,0.046836923112553594,0
2023-01-05 23:20:00,126.52657833752292,3303.837128030658,42.87413972498534,0.344585578175684,1
2023-01-05 23:30:00,91.50301761461877,2595.249839889533,54.42615741494495,0.09615832501232222,0
2023-01-05 23:40:00,86.36387787786144,2854.7259085695196,47.038220221739735,0.04637101861504967,0
2023-01-05 23:50:00,89.43054376278933,2282.2568147150782,50.61773847977791,0.047873259949373706,0
2023-01-06 00:00:00,119.87859718982216,3268.1353578107355,52.97855065001667,0.2097348908401218,1
2023-01-06 00:10:00,86.67560357301014,2909.1871136172404,34.60238147241628,0.25219035659508227,1
2023-01-06 00:20:00,76.51814577894287,2869.4052404437516,44.705462064717,0.017239418851279664,0
2023-01-06 00:30:00,97.43264094022715,2807.6837420065267,57.40831701231299,0.014272490692906273,0
2023-01-06 00:40:00,91.70865438127942,2032.2806489777024,59.81293595265397,0.037559303888912376,0
2023-01-06 00:50:00,109.32450707360769,3320.9489571940035,33.04445844168079,0.1849642549904319,1
2023-01-06 01:00:00,107.1443086159673,2612.2216345212496,45.10833340049327,0.17981241543045584,1
2023-01-06 01:10:00,93.47581705361671,2904.0288991405723,56.70737957765441,0.071395429099677,0
2023-01-06 01:20:00,84.60240319690638,2683.6436567006704,46.28757883730808,0.02600604943269384,0
2023-01-06 01:30:00,82.21695274597687,3419.0918383975613,47.57347082316066,0.003677122740622471,0
2023-01-06 01:40:00,91.95845255097682,2388.267008814074,56.15437256577368,0.06716028390604291,0
2023-01-06 01:50:00,80.21627222384969,2325.3416019409015,58.425071393542545,0.03343607454069531,0
2023-01-06 02:00:00,94.08252755714472,2490.290197056134,52.81440430087177,0.009630242712227247,0
2023-01-06 02:10:00,72.9741639576216,2348.4101085828624,45.60092823248973,0.052901274919187634,0
2023-01-06 02:20:00,100.29155637325644,2899.970950971025,59.935305558497205,0.06586351376437355,0
2023-01-06 02:30:00,109.65357619059336,2280.552673426335,35.83008224611888,0.14267657207272338,1
2023-01-06 02:40:00,92.56029734313876,1973.158790426823,48.32431109414274,0.04084303227635022,0
2023-01-06 02:50:00,99.82690983945514,1966.0985392104035,51.71168917244811,0.04681275535708187,0
2023-01-06 03:00:00,106.65474444462576,2975.153795986788,57.77080210357387,0.04258834475198434,0
2023-01-06 03:10:00,113.44334029456162,3883.9840975292213,44.016324455315136,0.06911717328358997,1
2023-01-06 03:20:00,71.59125768668355,2447.7753907312645,52.07432750180955,0.035706386460191364,0
2023-01-06 03:30:00,77.20423033264298,2415.5891384049946,52.31644265059053,0.06042559810027629,0
2023-01-06 03:40:00,83.75181422304321,2535.0260815565907,50.21757334321733,0.056433570827530005,0
2023-01-06 03:50:00,90.26091050210833,3080.9391513040955,52.790697572592535,0.05336119611933641,0
2023-01-06 04:00:00,95.17659020469122,2036.323432904713,37.352199611528484,0.030097030362932414,0
2023-01-06 04:10:00,82.74256186846534,2619.1844913673926,48.51696270465101,0.04636993675728666,0
2023-01-06 04:20:00,114.02875109856704,3472.878287022655,43.34736368430543,0.019376097213428728,1
2023-01-06 04:30:00,82.44617067646678,2750.5470849699227,44.24492958190247,0.0535695332777078,0
2023-01-06 04:40:00,83.88482197008052,2594.7908082993717,51.931616589057796,0.07857715415627135,0
2023-01-06 04:50:00,75.93338903151778,3000.5230462835707,48.97764389506939,0.020517357359157887,0
2023-01-06 05:00:00,80.76766753889096,1148.3838535003815,58.77737849157745,0.038281446533644896,0
2023-01-06 05:10:00,76.48315394383667,2838.9376597654536,57.865098626074285,0.056582135574202594,0
2023-01-06 05:20:00,80.24126747022667,2172.962158436288,47.670972154409185,0.07505685268854967,0
2023-01-06 05:30:00,100.5364179660784,1584.6835515717717,49.24581144216652,0.04103550767399701,0
2023-01-06 05:40:00,80.50601111168056,2755.6012997624903,49.63026217195804,0.03615499341468208,0
2023-01-06 05:50:00,116.32382064837391,3186.829272581479,47.74170261920189,0.010621537151678337,0
2023-01-06 06:00:00,94.93317900880889,2431.275742686154,50.97512492014064,0.05206876258616213,0
2023-01-06 06:10:00,91.84836123694873,2976.4372736014693,46.20858965556205,0.09084152080287489,0
2023-01-06 06:20:00,98.00952102283999,3862.623364854335,39.809204158718416,0.16664150771788055,1
2023-01-06 06:30:00,97.00309879408991,3157.457226792024,53.11355611950134,0.04955442041632574,0
2023-01-06 06:40:00,84.24362173762226,3319.9822646856965,53.147647921109055,0.05644164621533971,0
2023-01-06 06:50:00,91.22009814645361,2871.063745535946,45.97842120170004,0.049778159921027965,0
2023-01-06 07:00:00,115.60084538268795,2537.7168194507963,54.476777153812996,0.03373971255479741,0
2023-01-06 07:10:00,89.03940100275351,1699.0170940514158,46.84211135417334,0.06646559831355411,0
2023-01-06 07:20:00,101.49273326285676,2376.968755935026,51.265826190189905,0.05451523046223509,0
2023-01-06 07:30:00,82.96823574874112,2078.376702341904,54.10172006306228,0.05035226503867315,0
2023-01-06 07:40:00,89.65011509503039,3585.471358748907,49.83193717648143,0.030492679454435002,0
2023-01-06 07:50:00,107.7080063563551,2412.0570937838315,52.273704560705674,0.07607015863869518,0
2023-01-06 08:00:00,83.73032942212232,2561.6024033922426,47.41785178056214,0.0632940549066622,0
2023-01-06 08:10:00,108.12448557996929,2775.742688020234,49.01766708285951,0.03894158325265396,0
2023-01-06 08:20:00,97.07751935455475,2521.8012231862267,48.9707028455983,0.07003649707363875,0
2023-01-06 08:30:00,84.37533224105732,3347.5255202153767,46.26710826729881,0.04004858323229586,0
2023-01-06 08:40:00,96.3240773905552,2188.675319132774,49.11612918442109,0.03435993014977926,0
2023-01-06 08:50:00,99.7255444962673,2597.3037276186215,42.25690850568127,0.03480593765039426,0
2023-01-06 09:00:00,96.21809962217196,2128.764707150976,47.54423126428948,0.014578628938238178,0
2023-01-06 09:10:00,74.29775280109544,1839.988744389647,48.575622533151645,0.05943084760836412,0
2023-01-06 09:20:00,82.72862824175131,2194.1154545473573,48.7191012375231,0.013377102433233,0
2023-01-06 09:30:00,87.52481364448495,2481.481601475794,48.792512770646105,0.02543112337468475,0
2023-01-06 09:40:00,89.25566570899954,2285.34888774137,49.69117900069936,0.00848823981842934,0
2023-01-06 09:50:00,121.0458510956328,2817.3692906766537,44.51452803971642,0.14483581843254642,1
2023-01-06 10:00:00,91.77701000933254,1796.841268164083,54.37258537066261,0.04699359079456256,0
2023-01-06 10:10:00,76.64655641289899,2458.4472136856525,46.751173865758666,0.04346607573627272,0
2023-01-06 10:20:00,93.80197851005963,1747.6398129844988,43.98399572305428,0.029148446106588476,0
2023-01-06 10:30:00,96.10585745283824,2880.027981844801,44.78977793878448,0.0265553249312672,0
2023-01-06 10:40:00,95.5979044793104,2541.2198764672517,47.563985394025366,0.059287397270931484,0
2023-01-06 10:50:00,100.80780725554622,1771.2242502675347,48.240393410917456,0.03898896136583025,0
2023-01-06 11:00:00,98.33922154548904,2345.3954614750683,46.150019669012714,0.0563271664307229,0
2023-01-06 11:10:00,94.59180079228437,2123.9217972047086,43.51941667875053,0.03229502627751556,0
2023-01-06 11:20:00,89.29834288541353,2659.5872552095902,47.71939586262906,0.05362125485542165,0
2023-01-06 11:30:00,73.39039066484008,3170.2252230115723,50.90713310056986,0.07606556074632127,0
2023-01-06 11:40:00,94.29618219132585,1562.4137651771277,52.97514732917782,0.06172331600785567,0
2023-01-06 11:50:00,92.07687687163111,2557.5130395737087,47.21288473445839,0.041751723635670396,0
2023-01-06 12:00:00,92.71578837195374,2419.93360221668,47.93501088928283,0.05514397940711855,0
2023-01-06 12:10:00,77.2325142417969,2835.670038225233,45.366508455763444,0.04518669650939574,0
2023-01-06 12:20:00,79.18943459591738,2606.5983141188444,49.84280414812612,0.05015760369389457,0
2023-01-06 12:30:00,100.53152853332904,2124.0153341305904,45.75785682904593,0.04348777895702993,0
2023-01-06 12:40:00,89.60444846143345,2340.473032166691,52.865639066206,0.04671329588229218,0
2023-01-06 12:50:00,96.81500697372624,2101.9870715982556,41.070667540329445,0.054241867061483505,0
2023-01-06 13:00:00,90.28318376130461,3038.003569299299,48.20185163773769,0.03013282600836099,0
2023-01-06 13:10:00,90.29756139495746,2510.655824335971,51.50553669595871,0.029682423460200436,0
2023-01-06 13:20:00,99.38283805975998,3450.5953428765038,50.91917258161252,0.022229148923375783,0
2023-01-06 13:30:00,84.83955271782627,2469.6695930926894,63.46516831990248,0.017994577909925806,0
2023-01-06 13:40:00,90.96120776940984,2145.7966165447688,51.74900012283954,0.025654346155590414,0
2023-01-06 13:50:00,85.37724711294958,1743.1428036935863,44.97972701578995,0.05318925013608258,0
2023-01-06 14:00:00,85.65503772567685,1598.4301618720274,49.522678764554634,0.032144249690162316,0
2023-01-06 14:10:00,86.90827876531361,1707.932028497255,41.11876833266774,0.06027228928462193,0
2023-01-06 14:20:00,92.22133771633713,2633.563325505742,49.5970012535162,0.05069427497505124,0
2023-01-06 14:30:00,85.21251378336522,2754.362511614967,45.834719714996204,0.010629915731238927,0
2023-01-06 14:40:00,102.55756125573521,1709.4046489839334,54.57695137780081,0.0630995116844338,0
2023-01-06 14:50:00,81.05392697780496,2947.5191570380575,47.25229862702233,0.0662159729118342,0
2023-01-06 15:00:00,88.13128355838641,2258.4694741582803,49.416170421023764,0.030122746503302936,0
2023-01-06 15:10:00,110.57160048991044,3051.2922596390695,40.998085935833174,0.1752114925736995,1
2023-01-06 15:20:00,104.46977884353733,3306.110314127712,58.69425675926666,0.03287003525181602,0
2023-01-06 15:30:00,91.96554776511574,2948.419657932766,48.39378616941044,0.05195340753496671,0
2023-01-06 15:40:00,100.31844539468635,2365.7346760470837,59.16278521739601,0.02471003186090069,0
2023-01-06 15:50:00,102.01396819568753,2561.340867558163,38.958452576413976,0.04241361284792541,1
2023-01-06 16:00:00,92.67050265869258,1424.0922993353474,52.41033363667693,0.04234365620774063,0
2023-01-06 16:10:00,98.89630795623437,2140.42334037879,51.843665736587596,0.04752542107450328,0
2023-01-06 16:20:00,90.82283989275425,2394.4348805861528,51.96898649108126,0.04204640612770792,0
2023-01-06 16:30:00,100.65480375065351,2006.4102364244081,40.361637103271946,0.026319388835548813,0
2023-01-06 16:40:00,84.82711549899628,2434.3715164538476,48.60558302924622,0.04200201875737726,0
2023-01-06 16:50:00,104.0934744018558,2538.425941479384,54.225789855921604,0.05538589505161468,0
2023-01-06 17:00:00,112.9889812361925,2387.5720090959608,49.755514082629475,0.04910213939754926,0
2023-01-06 17:10:00,86.37161439560342,2174.9987095882702,42.97405076598213,0.05365002061198427,0
2023-01-06 17:20:00,101.28304095562176,3103.5870278564944,40.08330682888237,0.10979308797274603,1
2023-01-06 17:30:00,104.533844771177,2720.9703247847046,58.520527581277456,0.0734343582943232,0
2023-01-06 17:40:00,128.17254951076717,2694.0114248059763,47.27221656481511,0.07942959980671316,1
2023-01-06 17:50:00,84.77139972846732,3205.466189873135,49.68997995316984,0.05975120594173437,0
2023-01-06 18:00:00,85.79813182904142,2450.7059338578692,54.75724638529043,0.07363782185919923,0
2023-01-06 18:10:00,87.18215391139493,2509.4248114724237,48.16746489815974,0.05961816185497791,0
2023-01-06 18:20:00,76.55549488965723,2854.1072116282785,41.480642065866405,0.045949515458703405,0
2023-01-06 18:30:00,80.81348053515802,2616.608065631751,45.377670059352226,0.03943405906674042,0
2023-01-06 18:40:00,79.95859233247933,2976.5683169566228,57.81444384254099,0.07072175302092512,0
2023-01-06 18:50:00,82.32202434895872,2643.562082600912,48.63003459085348,0.02154050149476654,0
2023-01-06 19:00:00,89.65315112613219,2193.781312679781,48.78308010312491,0.03059751479240713,0
2023-01-06 19:10:00,92.3421473253652,2680.751762603051,48.500809018625596,0.04204884469016557,0
2023-01-06 19:20:00,105.50500492814076,1928.136896339669,59.52068294786503,0.07475307515023996,0
2023-01-06 19:30:00,80.0164595926121,2554.2798528882618,58.12979457681031,0.05759535272081792,0
2023-01-06 19:40:00,99.84322398476584,2483.3850046777698,61.09390116724067,0.030639084829795094,0
2023-01-06 19:50:00,111.02238264095642,2686.0059449218274,36.53731247363632,0.1313815376769058,1
2023-01-06 20:00:00,89.50536290347567,2435.7312442805346,51.47812244373547,0.03771353711807411,0
2023-01-06 20:10:00,96.74819492166604,1559.0754772511805,42.41678725289604,0.0358042201553293,0
2023-01-06 20:20:00,78.77277978437701,2225.6375461295193,57.38467213059137,0.06957779117113559,0
2023-01-06 20:30:00,93.82409746184051,2546.4224505705574,44.16110224366032,0.02256513741472989,0
2023-01-06 20:40:00,109.29363120661074,3148.250497477581,44.44913112738081,0.24652685134406244,1
2023-01-06 20:50:00,94.92451264008149,1986.162429537021,44.51348736183578,0.06656459380369245,0
2023-01-06 21:00:00,92.89168643907819,3132.8539204323506,47.05566586630652,0.07181723341207397,0
2023-01-06 21:10:00,114.55300139910895,2066.9125758927494,45.8136878447515,0.040741209759494836,0
2023-01-06 21:20:00,83.62260015748684,2984.728600263368,46.960623696620914,0.04700118561841782,0
2023-01-06 21:30:00,100.83117066301745,3202.116956059936,39.60497859826876,0.0640108911285173,1
2023-01-06 21:40:00,83.76859473575236,2176.8863450780987,47.25865602537461,0.03950675185866394,0
2023-01-06 21:50:00,84.44522880839746,3387.655446304756,54.16666955890153,0.05987309695286302,0
2023-01-06 22:00:00,83.62612872693482,1903.18158412176,44.4756860346874,0.07592126123562792,0
2023-01-06 22:10:00,101.89016531107552,2959.577086805001,51.10270713506934,0.02785686366395097,0
2023-01-06 22:20:00,104.20504247989855,3000.291159021489,56.089795761527796,0.04268988126029469,0
2023-01-06 22:30:00,84.29253706250523,2164.6898954616777,47.43401817743302,0.046974015595349555,0
2023-01-06 22:40:00,81.67644426895771,3196.232650032164,46.41040554626199,0.0220842159561503,0
2023-01-06 22:50:00,94.71415556386404,2374.9767427005236,48.84737687409874,0.061826984835168006,0
2023-01-06 23:00:00,84.47776955719029,2644.3468146399287,55.89862604180355,0.03552019336514782,0
2023-01-06 23:10:00,96.32931817755511,2630.16091938561,50.970538154766786,0.04609219297645952,0
2023-01-06 23:20:00,92.029230208513,2432.845629264726,47.34392852696201,0.04096101256176245,0
2023-01-06 23:30:00,102.89016217890756,3462.081309198309,42.21516644819433,0.10263968965681955,1
2023-01-06 23:40:00,105.47505201330061,2896.7443602761064,44.48853925081788,0.04985910029038891,0
2023-01-06 23:50:00,107.95877673095522,1625.7340133809096,53.40679755221474,0.04568780842863956,0
2023-01-07 00:00:00,83.87211309515614,3152.1701214390764,52.04303653850884,0.04256284235442669,0
2023-01-07 00:10:00,86.12298440064016,1668.7540059821629,48.46095764430558,0.03543076756639314,0
2023-01-07 00:20:00,92.85865390724905,3016.2731021708287,45.807071007763845,0.05639049341565911,0
2023-01-07 00:30:00,93.34456789987026,3063.3525684137917,45.56659538858271,0.0830723453698457,0
2023-01-07 00:40:00,96.5854427267283,1954.516784892401,52.67408668172955,0.05279774465678255,0
2023-01-07 00:50:00,110.1020453876635,2294.5928560227076,56.14490251244531,0.06992236429822259,0
2023-01-07 01:00:00,88.2305277250595,1947.147665757032,46.81346126485602,0.02219556149693075,0
2023-01-07 01:10:00,82.01702755461547,2392.5394848556325,52.29193351775742,0.05315522878587539,0
2023-01-07 01:20:00,97.344287098515,2780.245602507657,26.478557932719212,0.08415790086173602,1
2023-01-07 01:30:00,82.69069960058081,2889.8302661346697,47.076911346714,0.020461501449361975,0
2023-01-07 01:40:00,89.66873027126204,3155.154373059804,49.84470533564549,0.035212571850819274,0
2023-01-07 01:50:00,107.94557863517788,3197.8419053949783,45.45158291509083,0.07383798668827146,0
2023-01-07 02:00:00,84.82388700963828,2218.9159867108488,45.31746812605202,0.06900031657339292,0
2023-01-07 02:10:00,92.23787951638899,2395.3890631277363,46.66110221765557,0.054860094441088,0
2023-01-07 02:20:00,89.83577103927247,1658.2809038895248,51.460963641631864,0.019345988802201387,0
2023-01-07 02:30:00,101.88393273448084,2097.0649667519056,49.063354907968126,0.04607438697224127,0
2023-01-07 02:40:00,115.26932425873622,2982.425816548729,38.808843833375136,0.05603400017803471,0
2023-01-07 02:50:00,84.6913122707968,3307.7914117741157,39.39649923682467,0.05351072459157196,0
2023-01-07 03:00:00,85.10560557481777,1882.8255640600391,46.965674110714126,0.013124128330385086,0
2023-01-07 03:10:00,100.44160877069072,2203.7678704235527,52.28843293026776,0.032193643039602565,0
2023-01-07 03:20:00,96.81891489626311,2486.7971215205366,36.26247578637383,0.04871844471702567,0
2023-01-07 03:30:00,108.46707325736034,2640.0805794098032,47.501349119241844,0.060725818190343804,0
2023-01-07 03:40:00,95.83928185325964,2095.198240039177,47.3687607174129,0.006077443578001072,0
2023-01-07 03:50:00,86.40707909212941,2712.030522232045,56.94168889104224,0.04675752049040283,0
2023-01-07 04:00:00,95.9065483069231,2263.080326464542,48.07489094143568,0.05286097539757905,0
2023-01-07 04:10:00,124.26687455938776,2987.8773614750157,40.409889788198285,0.20097671931097277,1
2023-01-07 04:20:00,98.20482181197364,2773.14212400185,50.70628570043731,0.06385715168474873,0
2023-01-07 04:30:00,95.07274031107298,2503.211134905469,39.347167600964,0.061651426376176106,0
2023-01-07 04:40:00,100.66674689589154,2281.8070547367156,53.841036083158684,0.03400118986596132,0
2023-01-07 04:50:00,101.69295590445672,2445.195098037085,51.07698252728144,0.011839957257533854,0
2023-01-07 05:00:00,119.71120985123562,3026.9595783438817,41.7963677708253,0.12641683457631595,1
2023-01-07 05:10:00,96.48709887589642,2314.9944850589363,69.63118853218162,0.0700326365041712,0
2023-01-07 05:20:00,102.23239686422049,3181.892988770833,29.34508209679901,0.2336072716514659,1
2023-01-07 05:30:00,91.46713686433323,3299.3235852523585,58.62348324880554,0.06421098204595571,0
2023-01-07 05:40:00,102.06508966508358,2780.4597239706195,48.562762402998224,0.05858681645603469,0
2023-01-07 05:50:00,81.83064329012764,2352.25984098542,51.436644522015044,0.05759279296771931,0
2023-01-07 06:00:00,93.68673308872901,2848.477202255368,49.77243877349379,0.03887762506478439,0
2023-01-07 06:10:00,86.0666118767264,2333.090255121995,47.87881833300978,0.0473987941289276,0
2023-01-07 06:20:00,90.28744822934817,3086.5623187933206,47.150835358806205,0.08338139051652663,0
2023-01-07 06:30:00,119.93726975361243,3265.6247150392537,40.44683611128472,0.09344651965248743,1
2023-01-07 06:40:00,91.91099068019903,2446.3489279978858,42.4141315166416,0.08229557581419703,0
2023-01-07 06:50:00,90.46436548156149,2723.858462905139,53.752895837608826,0.04355943691015884,0
2023-01-07 07:00:00,76.40143859020081,1714.5619239657503,47.91902797557373,0.07650864218190156,0
2023-01-07 07:10:00,97.46253566027221,1936.6162655450973,44.34965330479821,0.021863699810049236,0
2023-01-07 07:20:00,96.45484181141076,1903.0374968004721,47.749935710020935,0.061718084023292985,0
2023-01-07 07:30:00,111.6325472330546,2571.4715473818533,56.28574608431286,0.03526459728104756,0
2023-01-07 07:40:00,106.30211071352001,3781.450939939495,36.718365849531125,0.06508396848454875,1
2023-01-07 07:50:00,92.1915032766394,3615.650073096316,51.7922680910481,0.054370680848218916,0
2023-01-07 08:00:00,92.49383683710755,2819.0255507203788,46.34521862142263,0.07018943577191938,0
2023-01-07 08:10:00,105.77453279763475,2750.4222374722285,53.789609249618096,0.033101171228130076,0
2023-01-07 08:20:00,89.04704467613048,1599.4711329236306,53.42753869395102,0.020019680790831978,0
2023-01-07 08:30:00,107.46911522361665,2686.2871319307187,52.332960990812865,0.1444893141399027,1
2023-01-07 08:40:00,96.0789650971654,2106.1081240458807,49.122180272503925,0.04825129342445638,0
2023-01-07 08:50:00,91.86609123156359,2189.576200874442,53.34327402378953,0.06096639255108997,0
2023-01-07 09:00:00,85.53566385449471,2415.9280907076054,50.49033769769472,0.06899189142728977,0
2023-01-07 09:10:00,91.94089992898307,2263.954711151436,56.479358909315074,0.04881169637455012,0
2023-01-07 09:20:00,100.73631749859771,1510.3500948121061,46.405838061956345,0.08711006629588526,0
2023-01-07 09:30:00,79.73484700588939,2873.955128058767,53.725026564386404,0.054484694890705836,0
2023-01-07 09:40:00,91.32969674146877,1963.6284871300968,49.02651351941659,0.04307146987986201,0
2023-01-07 09:50:00,82.99879185060827,2619.623432055575,49.67905911445751,0.017768652817943445,0
2023-01-07 10:00:00,101.95046628924842,3537.0413348749867,50.45876242224186,0.04474680959367665,0
2023-01-07 10:10:00,74.76813095216225,2040.3077042067882,51.261201982133386,0.04327226109177728,0
2023-01-07 10:20:00,84.41078152728412,1234.8562386268352,49.418854784390206,0.06920609592562942,0
2023-01-07 10:30:00,93.7721187506452,2356.9978890599446,51.07356591585263,0.059249672481337085,0
2023-01-07 10:40:00,105.65524029234341,3050.4798174992857,57.89059028781092,0.026412617567347658,0
2023-01-07 10:50:00,89.34249738927012,3479.173727110297,54.92724842807609,0.05344508772822075,0
2023-01-07 11:00:00,84.44800473306802,1885.2252027737916,54.34577296248448,0.06343062343458107,0
2023-01-07 11:10:00,108.8115706944059,2748.349611618261,47.722302369880644,0.08056062718775665,0
2023-01-07 11:20:00,75.51986099583756,2267.344771609973,45.55379585885838,0.06775007934828119,0
2023-01-07 11:30:00,87.96271639054727,2901.6844120095466,44.638265126289305,0.19565079925868867,1
2023-01-07 11:40:00,94.40014450053333,3822.1716735085174,54.38023396264897,0.05120171989230327,0
2023-01-07 11:50:00,84.97945775647389,1748.5148358024235,57.36335337875491,0.057766240108468994,0
2023-01-07 12:00:00,79.78767182869287,2626.869830747287,46.98009687015385,0.07499009801412318,0
2023-01-07 12:10:00,97.08356447299353,2733.8465858827167,48.852256723198266,0.023344452050407007,0
2023-01-07 12:20:00,92.43800713771199,3042.8931624696734,41.80257918737283,0.043011213455660884,0
2023-01-07 12:30:00,84.35921369263272,2548.991576735448,48.037644469695636,0.034548625024875185,0
2023-01-07 12:40:00,88.75443007294855,2974.4609524890498,48.203918529650494,0.17274918712356746,1
2023-01-07 12:50:00,98.72457328280144,2304.1757162891045,47.66752310385901,0.07460444351301576,0
2023-01-07 13:00:00,96.50201177958661,2634.5634706225537,53.20239897600412,0.03806051426557852,0
2023-01-07 13:10:00,89.00824136220618,2328.403862251295,49.04748447001094,0.0021939126506112447,0
2023-01-07 13:20:00,108.46636996047665,2810.7859449280254,51.6202851411078,0.0417555850995106,0
2023-01-07 13:30:00,79.29915233673847,2315.194831978183,44.26154305092166,0.06826947464034813,0
2023-01-07 13:40:00,74.74474829075261,2688.5501969510933,50.4260472481695,0.060752598058997596,0
2023-01-07 13:50:00,83.08091930118755,2485.368593157511,35.044320145496386,0.058563724956211524,0
2023-01-07 14:00:00,89.54413983644503,3063.0251253860843,49.06551920919008,0.044400133962510406,0
2023-01-07 14:10:00,92.43339449322691,2474.303138205757,41.8476337814243,0.024419385275604274,0
2023-01-07 14:20:00,87.5876394214367,1613.4837658965594,56.02997258273408,0.06030588643248935,0
2023-01-07 14:30:00,93.52055396514297,3130.960750356996,53.88703676382256,0.03331436379930751,0
2023-01-07 14:40:00,77.48460575809555,2047.1338495686905,52.333354909830405,0.09368193466760913,0
2023-01-07 14:50:00,104.4376460407326,2173.11683067559,57.6050311357969,0.06141014416709032,0
2023-01-07 15:00:00,89.17848821607431,2202.1693529782538,45.25541739587581,0.038387033948920984,0
2023-01-07 15:10:00,101.17295831588127,3187.2190465854087,58.73681598957779,0.03777229505222744,0
2023-01-07 15:20:00,93.42725346377703,1432.1628930106522,54.66095782130192,0.048141115867728235,0
2023-01-07 15:30:00,94.56753219153784,4068.874266829997,48.81722356390527,0.045209961559565005,0
2023-01-07 15:40:00,95.69767280232205,3028.028404533026,55.67810073591472,0.07233667551059908,0
2023-01-07 15:50:00,94.47708560017315,2611.61945706458,44.46853243794183,0.05372832339488093,0
2023-01-07 16:00:00,96.42722759867544,2472.5529996918567,45.87742919236163,0.03536736522182944,0
2023-01-07 16:10:00,103.29152530132431,2642.7770374288284,46.9570513838015,0.08780881370311566,0
2023-01-07 16:20:00,91.9652116970147,2760.561214189669,47.355111459679925,0.05098616663040446,0
2023-01-07 16:30:00,97.09003757588512,2822.6077929750286,44.71721178619874,0.06537679351937795,0
2023-01-07 16:40:00,89.10264305712774,2777.8022330017243,56.11541533547663,0.037835469851104815,0
2023-01-07 16:50:00,104.40117215449473,2544.7903406276246,48.70572799815084,0.05726231255489047,0
2023-01-07 17:00:00,83.2360769794073,2401.3307898463368,51.7625248417844,0.05622219982286391,0
2023-01-07 17:10:00,108.00940432910815,2424.3633581732443,47.1482431679316,0.012207014158076943,0
2023-01-07 17:20:00,89.59842049355656,2402.5458598236596,40.896983497257416,0.0903055022092128,0
2023-01-07 17:30:00,75.69224897881952,3066.885048433532,51.35028679195711,0.07581288921845095,0
2023-01-07 17:40:00,91.2810441491079,2796.778361140431,40.43872512290112,0.04205609367708025,0
2023-01-07 17:50:00,83.1894834252512,1029.8056826678599,49.65682976957266,0.027954605190882893,0
2023-01-07 18:00:00,98.40643548988724,2827.9503882648805,43.15842480583595,0.056951232276071045,0
2023-01-07 18:10:00,83.4737602069761,2597.3680973593873,59.93637999615404,0.05173395398828794,0
2023-01-07 18:20:00,85.5381656678522,2490.6456217770515,54.55681361087361,0.05711337897126459,0
2023-01-07 18:30:00,71.10459269054469,2305.7407734555572,50.5287689563574,0.0538315479238818,0
2023-01-07 18:40:00,85.47693680750923,3062.0563599930065,56.318533388273345,0.06012481978611853,0
2023-01-07 18:50:00,80.16096962136108,3440.754211891285,35.52517248396885,0.2368383419635084,1
2023-01-07 19:00:00,74.16097176514276,2113.5611660881955,52.71739689335047,0.06136206410257292,0
2023-01-07 19:10:00,120.95870280282735,3276.809051744442,42.44099599305829,0.08702067006540354,1
2023-01-07 19:20:00,97.85800158650832,2014.171632729357,51.32010040666835,0.07725125705424904,0
2023-01-07 19:30:00,94.25457561784965,1810.1909176055347,56.36176750053384,0.08281229126976575,0
2023-01-07 19:40:00,80.33023856870787,2186.641387705017,53.66246051389901,0.1130411346902417,0
2023-01-07 19:50:00,89.5228864385802,2931.1967361913794,51.44361831412512,0.027530119335208044,0
2023-01-07 20:00:00,89.96397460909432,2976.5625226880434,41.72556281885852,0.054857640263005505,0
2023-01-07 20:10:00,78.41635310807457,2756.5427100486463,45.199768523602685,0.00835802593622026,0
2023-01-07 20:20:00,105.0339830176715,2862.5478934239986,49.38645533202138,0.06106298312758419,0
2023-01-07 20:30:00,98.77362290575671,2758.089143557479,50.46686187138326,0.03903599403666455,0
2023-01-07 20:40:00,87.79035826170336,2179.259202388524,44.34898137663038,0.08846891589649908,0
2023-01-07 20:50:00,90.26885838994531,2715.9612723369705,62.058383377892106,0.03450770059962836,0
2023-01-07 21:00:00,92.08382807947552,2900.204762613841,57.58197027626787,0.01621633924065477,0
2023-01-07 21:10:00,69.58265131575709,2877.1456649067873,53.01059160196242,0.04057472518594961,0
2023-01-07 21:20:00,87.52822617479403,3094.4566857373215,50.360184306418724,0.010490244575657254,0
2023-01-07 21:30:00,83.18015752002202,2854.151923600532,48.938955150494245,0.0650219890901462,0
2023-01-07 21:40:00,79.98379990105084,2675.7241037707913,45.24040769988882,0.008698339074873593,0
2023-01-07 21:50:00,87.18899707114045,3035.075119158214,50.38740259259431,0.05056915162366318,0
2023-01-07 22:00:00,107.97686526849523,2486.73937037547,51.288762700713754,0.008443763602876068,0
2023-01-07 22:10:00,96.4084286126701,2059.062674386141,43.79119712259188,0.04359404390926716,0
2023-01-07 22:20:00,107.3071627035615,2791.0433061204385,34.0527372178759,0.24860268934827207,1
2023-01-07 22:30:00,95.72582781356158,2127.5486775967756,49.223704755876255,0.0572129578287159,0
