timestamp,gear_shifts,transmission_temp,fluid_level,gear_ratio_variance,transmission_failure
2023-01-01 00:00:00,60.59184497694136,122.52816693191443,5.877488585067729,0.012156565029924904,1
2023-01-01 00:10:00,35.95760433738411,76.27011033110648,6.525625652366,0.007310174227455016,0
2023-01-01 00:20:00,48.658197893230756,82.93015410901631,7.530628129256059,0.011111403019643253,0
2023-01-01 00:30:00,55.19358745637888,74.68974724852693,6.783305216656923,0.018402515020084134,0
2023-01-01 00:40:00,66.73363946152523,93.22350470895753,7.876597401032793,0.009858357818730316,0
2023-01-01 00:50:00,44.10547600061282,76.63019645560414,6.817423693400893,0.023389758936682617,0
2023-01-01 01:00:00,34.1757202597636,90.51964259331828,6.579753507246655,0.017677264972005273,0
2023-01-01 01:10:00,58.16837011430981,81.55901971737667,7.343619225197644,0.020105457117410255,0
2023-01-01 01:20:00,36.19401294100349,83.85527628201137,6.782105135188182,0.031402505526712046,0
2023-01-01 01:30:00,45.63844558492515,86.47755907400129,6.579275242935496,0.0081976826579963,0
2023-01-01 01:40:00,47.42379514489006,77.38175328341151,6.761080074648104,0.024187045782923685,0
2023-01-01 01:50:00,49.30366546699892,87.10367113540887,6.977696733908499,0.019860267715239268,0
2023-01-01 02:00:00,56.89164457074335,100.3033456435441,7.671090065622427,0.016665137190303048,0
2023-01-01 02:10:00,43.16365717713612,77.21905214167286,6.032956127270212,0.0288525632086596,0
2023-01-01 02:20:00,47.262707478332395,96.71810143273845,7.011540329475211,0.028790141545570073,0
2023-01-01 02:30:00,49.857296470506114,99.98097633487784,7.3124517973270216,0.01053509204011572,0
2023-01-01 02:40:00,51.49597957518788,76.83845010971956,7.096724287495898,0.01817839416142076,0
2023-01-01 02:50:00,60.8514161133943,94.97698214491999,6.21315801230879,0.11406058412920327,1
2023-01-01 03:00:00,54.3600577522258,88.01960900171764,6.962827335120738,0.017269932519774156,0
2023-01-01 03:10:00,60.83880627492487,108.82454684457912,4.4137934877037726,0.12925106661438993,1
2023-01-01 03:20:00,53.92634115650968,103.68603219163002,7.296164773506671,0.022811920179102753,0
2023-01-01 03:30:00,54.535855235092185,85.34807540499833,7.049656907475675,0.038325612403560125,0
2023-01-01 03:40:00,34.17776833253522,76.97800591964821,6.804795630859765,0.004697208640702125,0
2023-01-01 03:50:00,50.50227699165681,73.52840488988289,7.25807201979319,0.018775640102526026,0
2023-01-01 04:00:00,54.79507548001609,95.8990495909083,6.673735853391677,0.01091497488487809,0
2023-01-01 04:10:00,57.2894119457045,79.28816025915813,6.694411423990337,0.02604107455439044,0
2023-01-01 04:20:00,43.07649225766206,85.43828799460428,6.7360029891171935,0.003828281099544556,0
2023-01-01 04:30:00,43.40960725111355,94.55802745112481,7.676534580083204,0.023463127102248866,0
2023-01-01 04:40:00,44.258993247164014,80.1574164806917,5.389491822007143,0.013699515686516589,0
2023-01-01 04:50:00,55.36413899891343,84.5407117125984,7.197799417381471,0.01265838133878986,0
2023-01-01 05:00:00,60.33881054924208,84.8343159017748,7.017135907100111,0.005535017964593127,0
2023-01-01 05:10:00,45.92539892708398,91.83324511516092,6.15956477038094,0.015349240537989941,0
2023-01-01 05:20:00,59.07962313627049,90.90744335510325,7.154863389568001,0.030845005302909255,0
2023-01-01 05:30:00,51.23479809164594,82.79886268745172,7.237875995915766,0.019748113164705206,0
2023-01-01 05:40:00,48.757142228375635,85.63649061496518,7.2948196156787,0.026276804178744746,0
2023-01-01 05:50:00,47.88615770182031,81.28220988476511,5.6740859684775256,0.036646418219662746,0
2023-01-01 06:00:00,57.46611364602157,70.22387593080555,7.683194705927219,0.022637555848225757,0
2023-01-01 06:10:00,53.2557781678707,87.5760085739813,6.63113164765758,0.014412004279376594,0
2023-01-01 06:20:00,72.75825427647638,103.92191760833067,7.343283873376588,0.0246725221518279,0
2023-01-01 06:30:00,41.477753570026756,76.16280859308937,7.370536890341143,0.014557038536857081,0
2023-01-01 06:40:00,55.181017020299755,77.26970290397297,6.5616514571903535,0.014955773167028306,0
2023-01-01 06:50:00,44.70798990188487,76.29272228356258,7.330229976175775,0.004801072003810152,0
2023-01-01 07:00:00,41.30713013011356,92.24591778723122,6.807253379543821,0.02926257491084392,0
2023-01-01 07:10:00,49.89132862965028,89.4848545419644,5.964311410330922,0.016139974243505606,0
2023-01-01 07:20:00,51.37352479407036,83.41462307583544,7.583870962763889,0.02182098245815862,0
2023-01-01 07:30:00,79.18173555060093,75.81980938361035,6.61247751849188,0.009640380713933605,0
2023-01-01 07:40:00,48.15854184316798,85.92376791639924,6.572753268630973,0.024359476297154722,0
2023-01-01 07:50:00,38.69821270515317,69.35377872664196,6.798467065981639,0.012380587618649162,0
2023-01-01 08:00:00,52.73010717494385,86.43426566857494,7.136118362663694,0.01858291278298176,0
2023-01-01 08:10:00,29.253599624536317,93.71524386087934,6.971364794588949,0.02877826031239126,0
2023-01-01 08:20:00,49.08043217395734,72.48800863366321,7.274033462353585,0.027907593122325294,0
2023-01-01 08:30:00,50.160252822951605,69.67481723170336,6.330255316735671,0.019779699274830597,0
2023-01-01 08:40:00,57.94600382945212,100.7943789169486,6.628806814784633,0.002318689672932816,0
2023-01-01 08:50:00,59.736222494278465,78.88240360495415,6.942001463839233,0.049928105700606414,0
2023-01-01 09:00:00,44.96430381092283,96.35947845943822,7.948943646329353,0.03745858970273136,0
2023-01-01 09:10:00,48.49385985370067,83.46002334802168,6.943093730793121,0.027226748248882986,0
2023-01-01 09:20:00,42.33879169389329,83.38045183058672,7.5426111318308156,0.012467962184090292,0
2023-01-01 09:30:00,38.71937445192306,89.38412699496645,7.019277584392158,0.018864078382980355,0
2023-01-01 09:40:00,53.098947793806346,76.1600114325356,6.758170681281216,0.01456579570223483,0
2023-01-01 09:50:00,37.26414451403401,86.32497143495645,6.87663778794278,0.032638559390963884,0
2023-01-01 10:00:00,45.85373099428137,81.18510585175908,6.91579014398556,0.02262502890851834,0
2023-01-01 10:10:00,40.048260401007624,71.79506556594968,7.301822869480369,0.012158361416401671,0
2023-01-01 10:20:00,55.496831862902596,88.374820747264,7.687305633788277,0.015292449008752181,0
2023-01-01 10:30:00,68.01430099266489,82.36692193122084,7.17984042384316,0.03121188142569905,0
2023-01-01 10:40:00,36.98412017196669,83.42975171555292,7.593538839370877,0.03600097846820478,0
2023-01-01 10:50:00,31.469815171024308,72.89839056585842,6.5176051311851575,0.03528331563486246,0
2023-01-01 11:00:00,48.751131146499326,100.91400367762805,6.792684745592985,0.027570320650539777,0
2023-01-01 11:10:00,50.15697795957758,93.76714186386116,6.637848732896167,0.017473751311973634,0
2023-01-01 11:20:00,52.18659306757298,94.64155884171979,7.1572222954374265,0.012415138253291203,0
2023-01-01 11:30:00,45.53679484765655,81.94555297558318,6.820520807410293,0.022971600238082215,0
2023-01-01 11:40:00,47.99360701174568,67.7081711049658,7.364886468517097,0.019981712411558997,0
2023-01-01 11:50:00,53.67510410540602,104.52917382489511,6.534499144183779,0.021399820963213537,0
2023-01-01 12:00:00,75.94635578818021,112.71144575977598,4.791913395860876,0.10269486735166032,1
2023-01-01 12:10:00,30.449512296817172,77.51200203979946,7.343428955506128,0.006737378380508429,0
2023-01-01 12:20:00,46.310605609685375,89.16801574483114,5.967348612479695,0.025574085568511856,0
2023-01-01 12:30:00,52.13808793941063,96.67120788003297,8.060815653665102,0.026322163140318502,0
2023-01-01 12:40:00,40.82023895389264,84.76949443914533,6.858424057560062,0.02682338782059659,0
2023-01-01 12:50:00,67.311696317673,97.78575167939374,5.987480043161914,0.029465770035733866,0
2023-01-01 13:00:00,43.64590119771263,95.82999938516869,7.079046949288393,0.026040516449216233,0
2023-01-01 13:10:00,49.58707312992717,74.23618812597942,7.016721733986575,0.01589970588461089,0
2023-01-01 13:20:00,55.56022096842291,78.26209894340523,6.959052810213754,0.019291631520839098,0
2023-01-01 13:30:00,44.087152111981055,94.57537163279767,7.495595556463333,0.02091124867253377,0
2023-01-01 13:40:00,31.534269521955828,57.873874361895616,7.373722485713528,0.021076994491066186,0
2023-01-01 13:50:00,60.676231362540136,114.78532880044398,4.6900539966143535,0.1499108827985865,1
2023-01-01 14:00:00,60.2944055592704,70.69168798375328,7.225077816973323,0.02643668753022491,0
2023-01-01 14:10:00,46.631048732148614,80.23446198566475,6.947820775280957,0.04077343439569953,0
2023-01-01 14:20:00,41.53565698541021,82.01179910970797,7.887745424620024,0.04206468979884673,0
2023-01-01 14:30:00,59.256722095027214,81.41755622092492,6.260401990821117,0.02079649582613925,0
2023-01-01 14:40:00,46.692251039769474,79.47738747887391,7.069825837107948,0.018366555484593695,0
2023-01-01 14:50:00,44.89839186349783,74.02856350371187,7.03251231559439,0.032368324661272665,0
2023-01-01 15:00:00,51.4945608966331,107.91911266818687,7.406640203032296,0.014596236610129456,0
2023-01-01 15:10:00,57.70750209618787,103.67462004161351,6.57807306128755,0.011985160781689931,0
2023-01-01 15:20:00,73.81713531732547,73.37934179743718,6.128163698801732,0.016015547250106333,0
2023-01-01 15:30:00,58.27236107657423,100.82116751303568,7.078411508049097,0.015533569531853936,0
2023-01-01 15:40:00,61.59839966388344,81.00534509527147,7.140615246109302,0.026122698101053925,0
2023-01-01 15:50:00,44.940338010121444,86.2918747333171,7.744799704723825,0.004405642208737745,0
2023-01-01 16:00:00,39.741318940305234,84.36726040103085,6.364818976837457,0.009222792542083984,0
2023-01-01 16:10:00,50.62331349619123,78.40251358746035,7.57734688335836,0.023431585541974165,0
2023-01-01 16:20:00,51.07169915259596,94.83852343606146,8.18370718201356,0.026229440304133083,0
2023-01-01 16:30:00,39.214872586354026,86.25886530576658,6.811117556238761,0.02641541644936012,0
2023-01-01 16:40:00,73.50642750350637,104.63823455670436,4.509726958491145,0.06064818605333505,1
2023-01-01 16:50:00,53.99317601719131,71.95410556199528,6.796512816813315,0.0102173435073376,0
2023-01-01 17:00:00,53.6039339501808,76.0640498628088,7.007002483685691,0.014933651662120807,0
2023-01-01 17:10:00,55.042878533842725,68.58619884397903,7.281893937503457,0.022398727522847252,0
2023-01-01 17:20:00,52.90964730137443,85.1222354841517,6.7043026350809765,0.034854773692725494,0
2023-01-01 17:30:00,44.929913407299445,73.03334407715604,7.777599267073671,0.00047437185770750345,0
2023-01-01 17:40:00,44.86099373351157,82.34439487481458,6.4427338424959695,0.017792712430416337,0
2023-01-01 17:50:00,38.010486020061236,98.7010185361037,6.1303974239136,0.006673215589747964,0
2023-01-01 18:00:00,67.84775039185095,96.99299572921586,7.553355212143659,0.0034775732264651013,0
2023-01-01 18:10:00,50.13450364619293,84.67723105897382,5.8626894843969,0.02966956645344817,0
2023-01-01 18:20:00,70.190378858256,120.3888900111343,5.226352849910857,0.12723122872496692,1
2023-01-01 18:30:00,40.71207918547541,103.79874549421008,8.558840564604024,0.02449433515947262,0
2023-01-01 18:40:00,79.35657902327779,90.20756120358712,6.993978223520034,0.029210258397309934,0
2023-01-01 18:50:00,39.26671967777104,81.72193540123477,6.439616174651875,0.015202811032338639,0
2023-01-01 19:00:00,45.71152074393927,70.73981882879548,6.971301268106603,0.015673624836664717,0
2023-01-01 19:10:00,54.15836836286061,88.93873218164744,6.9745996056902335,0.041857306167225744,0
2023-01-01 19:20:00,56.00212965744278,93.29323772582862,7.080324970176559,0.01753428945740426,0
2023-01-01 19:30:00,59.579320552156844,78.68348475486356,7.33113149107981,0.027351321130540913,0
2023-01-01 19:40:00,68.07608507769262,87.91202755138032,6.48044441581613,0.02006381540963315,0
2023-01-01 19:50:00,55.06157655460712,81.3642670508497,7.843774027618397,0.00151741469921585,0
2023-01-01 20:00:00,39.439692000333324,83.15967600800997,7.1225571421863085,0.00044629003801268177,0
2023-01-01 20:10:00,47.430548748782186,60.12177942437668,7.363397023200902,0.014210157800600951,0
2023-01-01 20:20:00,53.07832372513885,82.78218596283864,6.685925300122179,0.03056101251669989,0
2023-01-01 20:30:00,70.68226041505824,94.69369302408055,7.643191068497766,0.027882916566360036,0
2023-01-01 20:40:00,36.02194521575703,78.68597444433442,6.8714737955934675,0.029140771642240337,0
2023-01-01 20:50:00,62.025765052252275,85.52526368215317,7.138776256746766,0.010129538210636847,0
2023-01-01 21:00:00,59.869409985272796,112.01961184106881,5.07260449472106,0.1807936245061157,1
2023-01-01 21:10:00,74.45104296803663,116.78853896926364,4.322075394928607,0.05175533499068079,1
2023-01-01 21:20:00,48.98005283364068,82.83476802463827,7.344102653226441,0.022128243986699686,0
2023-01-01 21:30:00,41.575673698736736,75.60758459317994,6.778196584896307,0.019896477100922634,0
2023-01-01 21:40:00,57.50872779401332,98.32551467665128,6.573088456247811,0.018261261796854136,0
2023-01-01 21:50:00,72.82969006017936,123.2072265771303,5.198304941250601,0.16692960691478034,1
2023-01-01 22:00:00,59.72056965739722,78.95093236071826,7.34947653585871,0.012948894798340395,0
2023-01-01 22:10:00,49.866953646213645,89.97788309417777,6.685481069398195,0.0065039474428807195,0
2023-01-01 22:20:00,44.001779766801505,90.3741200282038,6.941172534198918,0.020199954862064193,0
2023-01-01 22:30:00,34.412130049761586,91.42301235011176,7.007513875143548,0.016001732657134737,0
2023-01-01 22:40:00,58.19373268139407,68.05744104004923,6.041325556994851,0.05377382919082646,0
2023-01-01 22:50:00,54.23889482443986,95.06606541032627,6.264436797313241,0.02676507476439975,0
2023-01-01 23:00:00,40.342173671360406,79.30301037074268,7.168138944623781,0.01590659424781376,0
2023-01-01 23:10:00,44.614263267033756,81.42172066558733,6.631485319423652,0.009438884308129135,0
2023-01-01 23:20:00,45.332411880485594,111.37881752260199,7.52836245564021,0.0011971158943121542,0
2023-01-01 23:30:00,35.17015568017582,88.01873380721011,7.483403552125273,0.00974780914262567,0
2023-01-01 23:40:00,41.82317603394866,81.13677524552824,7.359584333177718,0.021149417717591316,0
2023-01-01 23:50:00,38.66169643193646,62.94705627244094,7.909885893656298,0.034273286515947694,0
2023-01-02 00:00:00,45.87520988112063,98.89764133946356,6.9584553361284085,0.031216891423879192,0
2023-01-02 00:10:00,42.61302501670437,71.54790329191397,7.324440962951919,0.022290948316463794,0
2023-01-02 00:20:00,33.72995079133251,74.96561096500497,6.707799511701984,0.016768323342975153,0
2023-01-02 00:30:00,70.22590230569482,81.6864770091215,8.226184956434363,0.022688123564121542,0
2023-01-02 00:40:00,62.52540731029231,99.16411791700293,7.99181682621801,0.014813620025154241,0
2023-01-02 00:50:00,42.209805784800146,92.73239986665759,7.005940217258896,0.03718363995763876,0
2023-01-02 01:00:00,52.7242139665361,83.4216249015974,7.1932931149525965,0.018108098187249202,0
2023-01-02 01:10:00,54.17465089821295,88.08292063638821,7.679648799682403,0.01913662141753273,0
2023-01-02 01:20:00,61.91085854773477,78.99614307128894,6.926430247592947,0.002158224250206682,0
2023-01-02 01:30:00,41.81394973339921,86.39653689565351,6.671687964600148,0.01804565153477236,0
2023-01-02 01:40:00,63.161245370205336,115.05125669639328,4.512663341020167,0.14182420689824704,1
2023-01-02 01:50:00,44.52094695793065,94.68769895681353,7.039219623041835,0.009322774229614549,0
2023-01-02 02:00:00,36.641375958313866,94.67178122438949,7.09149722482263,0.012492796655071872,0
2023-01-02 02:10:00,57.24136559314498,89.93977382205645,6.582864328466017,0.027927110177336647,0
2023-01-02 02:20:00,62.907584241224285,81.37652442453897,6.141163925818302,0.005233427764819467,0
2023-01-02 02:30:00,75.87908973530685,92.41822294390127,7.11807120493955,0.030578010075419184,0
2023-01-02 02:40:00,38.002747349097866,84.08031533796954,7.4524810207471,0.01467856109826898,0
2023-01-02 02:50:00,56.989196850807886,74.18085631286867,6.887096625461979,0.01611431779508797,0
2023-01-02 03:00:00,45.90198756206467,80.96712208089062,7.718214759779434,0.008761215948744058,0
2023-01-02 03:10:00,68.02411983510662,111.95372707281072,5.301863127838947,0.11890231302139415,1
2023-01-02 03:20:00,35.295104487687496,94.10215783664745,6.47264777251704,0.0445987198502938,0
2023-01-02 03:30:00,37.37230224301436,83.16471827842847,6.966384846401934,0.02781497239460632,0
2023-01-02 03:40:00,42.24125176833516,72.90801288760395,6.958703712324355,0.011357147380594642,0
2023-01-02 03:50:00,63.08150415053995,113.35026974179301,5.248154306061361,0.15678102927457382,1
2023-01-02 04:00:00,43.58918733461645,86.13456040056552,6.612518587968007,0.016833204540657506,0
2023-01-02 04:10:00,56.590543439134194,86.85837628902753,7.684047118407449,0.03374484981427559,0
2023-01-02 04:20:00,60.26894618257914,94.1987151595443,7.983458481254127,0.02806676402164363,0
2023-01-02 04:30:00,55.995775412453554,95.18923240089899,6.980427986515829,0.009431415654717331,0
2023-01-02 04:40:00,66.18787639660869,79.05789127618334,7.624855210092159,0.009959203670449725,0
2023-01-02 04:50:00,54.15826629455343,78.83856541951056,6.47175146468737,0.029443852228353898,0
2023-01-02 05:00:00,37.83103289659833,74.59801289044526,7.537610770590958,0.021516572721450175,0
2023-01-02 05:10:00,63.6337651353834,91.98815670280476,7.523638204279731,0.009762440522921493,0
2023-01-02 05:20:00,78.28468784214948,128.1368492450041,4.648291286488046,0.06832052422530938,1
2023-01-02 05:30:00,81.01869215642922,119.9135225744464,4.6926735759329485,0.004688168995530973,1
2023-01-02 05:40:00,65.73734216555107,82.58569435275007,5.522875529378984,0.01911626712473604,0
2023-01-02 05:50:00,54.566880107303994,99.66782556898976,6.679136428173935,0.04210689726015764,0
2023-01-02 06:00:00,35.038411868353506,90.05557853215008,6.687041991157699,0.028049333907323257,0
2023-01-02 06:10:00,40.81787833490208,89.36235704801055,6.5108725309697615,0.041904170011884234,0
2023-01-02 06:20:00,63.227444668851355,73.09083494026274,7.061121502273533,0.0288239708978998,0
2023-01-02 06:30:00,48.308773143571834,91.78728069279418,6.790518277239383,0.030274793433526917,0
2023-01-02 06:40:00,50.79573534942166,75.70863659490242,6.587693995117489,0.03974078687745024,0
2023-01-02 06:50:00,57.58824416163609,73.65979814065042,6.4705999258760905,0.023772632593422265,0
2023-01-02 07:00:00,56.963228620803235,81.53228423233288,6.642243507257386,0.018127726784931197,0
2023-01-02 07:10:00,52.78799812385461,79.14207276551309,7.560749605924964,0.030326575166220122,0
2023-01-02 07:20:00,47.91331628779534,82.7840030561496,6.669487472686253,0.03453840237121885,0
2023-01-02 07:30:00,46.87331554267643,70.59018365475082,6.742530646783364,0.015200353572877912,0
2023-01-02 07:40:00,58.57898825291343,94.58816306467672,6.771651192488377,0.012784309176599708,0
2023-01-02 07:50:00,55.53569531067793,96.27686294516428,7.16949675690471,0.021388560324308803,0
2023-01-02 08:00:00,47.4269999938221,65.52657525859186,7.228124744264266,0.028314988669316622,0
2023-01-02 08:10:00,60.82112312993141,94.78457805666551,5.477671730378419,0.027980910486615617,0
2023-01-02 08:20:00,48.70965884870216,76.89471370178373,7.510817606913804,0.005758323998124008,0
2023-01-02 08:30:00,41.48337825665607,93.56975536982786,7.718184017121877,0.03911606067063322,0
2023-01-02 08:40:00,42.410293010966555,84.31553507333584,6.474906731319165,0.013588350706031496,0
2023-01-02 08:50:00,40.21259163690234,85.28775564080999,6.513850877632582,0.017349350031114208,0
2023-01-02 09:00:00,47.27589983396313,83.14902350578781,6.774873306110864,0.010973456400121803,0
2023-01-02 09:10:00,62.33724278336193,97.12129204233486,6.621997990271698,0.04698328835937088,0
2023-01-02 09:20:00,41.94904818969491,72.60411987474971,7.111963436973303,0.022420706702879673,0
2023-01-02 09:30:00,51.884757610181026,91.07840338735008,6.0267373568205675,0.011490249193184351,0
2023-01-02 09:40:00,43.43310654372587,96.0133016488955,6.4410361959816305,0.02863923549962446,0
2023-01-02 09:50:00,47.39690958728563,92.16340080540411,7.769598600087454,0.02769135779310033,0
2023-01-02 10:00:00,34.89958788014748,108.24698914323417,6.535890016325991,0.01812272976420116,0
2023-01-02 10:10:00,47.79461770843463,79.71053237275301,7.621714139051463,0.028406067127833834,0
2023-01-02 10:20:00,48.06294620195038,94.57304822593531,7.177669097795069,0.011747080391691356,0
2023-01-02 10:30:00,55.402879440356955,83.9390936465858,6.0953661427058705,0.015070817250507478,0
2023-01-02 10:40:00,52.232809132553705,97.3340607635267,7.317664597608103,0.00010216654566062855,0
2023-01-02 10:50:00,38.01607875047955,84.9231100427863,6.9411663489035735,0.006760489157804372,0
2023-01-02 11:00:00,60.84198244043543,81.12124218137531,6.772266471875129,0.03807630805670686,0
2023-01-02 11:10:00,52.10303040221996,98.06072203871629,7.122478546586002,0.036414286277223144,0
2023-01-02 11:20:00,51.98393517177487,80.0843806098107,7.237316742783396,0.020657886486489627,0
2023-01-02 11:30:00,76.52986400562361,105.60583395264662,5.26595905474142,0.1831465723594919,1
2023-01-02 11:40:00,44.8224255277778,79.83153116826172,7.589126423774001,0.018399255133916954,0
2023-01-02 11:50:00,52.17802339748726,91.19032946588533,7.204067956389178,0.01756589697432092,0
2023-01-02 12:00:00,54.75588435928582,98.92038751587091,6.312182955606819,0.020565106484655565,0
2023-01-02 12:10:00,32.53104308654445,86.11129375296512,6.7631772711744045,0.018750784046764345,0
2023-01-02 12:20:00,44.61239162653904,98.18197067234026,8.47152416763431,0.017848036764398195,0
2023-01-02 12:30:00,47.45053029596411,71.41825078522406,7.362245530190863,0.03143398107149553,0
2023-01-02 12:40:00,52.56170605694278,80.56736535182097,8.184643650405748,0.021501356539562033,0
2023-01-02 12:50:00,61.93311005927126,82.11424882845898,7.697717041099593,0.027124817644338044,0
2023-01-02 13:00:00,42.28259185403218,83.8544057252748,7.120901035777874,0.03031380525277331,0
2023-01-02 13:10:00,45.02038153182158,85.84094388250196,7.1507035348905585,0.023881857956547334,0
2023-01-02 13:20:00,44.8746588935345,91.90910957392192,6.981709980061577,0.010297286740917611,0
2023-01-02 13:30:00,41.98472409895459,80.5519316182951,6.13109769207675,0.006471341110359612,0
2023-01-02 13:40:00,46.528135048877374,86.39028686953125,7.009023626234113,0.02148780634807305,0
2023-01-02 13:50:00,57.708022199879714,84.54877109675948,7.605337276271099,0.018287436951750655,0
2023-01-02 14:00:00,39.461645046356544,75.7411009610885,6.7001800025893985,0.02087391428920122,0
2023-01-02 14:10:00,54.27814395152903,83.86333310918565,7.205976499530904,0.01983945960751414,0
2023-01-02 14:20:00,32.98097769981665,83.56340470102882,7.425795522946599,0.04583573660166567,0
2023-01-02 14:30:00,44.38662003557794,83.34919434996954,6.545159780343762,0.006697737443586619,0
2023-01-02 14:40:00,46.70510699782014,85.3175945658145,6.774348567828167,0.00010053730178875148,0
2023-01-02 14:50:00,66.74859672914064,85.75673540613386,6.49104425476142,0.023323768335196098,0
2023-01-02 15:00:00,47.25197695247312,80.67704820892669,6.588917196655297,0.016235774454118047,0
2023-01-02 15:10:00,27.987565265490815,97.72714733971264,6.356197358173469,0.023160678697299514,0
2023-01-02 15:20:00,30.011110931387503,73.30519370796983,6.549775769310987,0.02583883022284001,0
2023-01-02 15:30:00,50.34029586346681,77.79029891530104,7.709727840398919,0.03284104695178898,0
2023-01-02 15:40:00,56.13770855789909,112.79963624223555,6.542261485454854,0.004927741796160616,0
2023-01-02 15:50:00,53.75455857627253,74.6200864501077,7.063229609530345,0.014432821021428371,0
2023-01-02 16:00:00,51.675701058009906,71.4624532529024,6.748565623164522,0.024287612588807638,0
2023-01-02 16:10:00,61.62259597505667,92.34476745001218,7.589432968518469,0.027704635956872267,0
2023-01-02 16:20:00,44.60408779262868,64.22880146226126,7.655581148301808,0.04193449550288386,0
2023-01-02 16:30:00,58.94910556026825,82.64726090027561,7.432034991069473,0.029557039711138672,0
2023-01-02 16:40:00,38.693496178243706,141.131522787448,5.637309100032326,0.09716057020568615,1
2023-01-02 16:50:00,40.95052167061934,69.55064077846599,6.8844702315795505,0.011095642470573383,0
2023-01-02 17:00:00,31.929586050681838,65.18035514261287,6.404062647904375,0.01435710147280981,0
2023-01-02 17:10:00,47.25154699330208,70.00818798042302,7.971764440561099,0.014072971770428936,0
2023-01-02 17:20:00,49.53738782733657,93.98359568346986,6.620163491123724,0.026552336285137607,0
2023-01-02 17:30:00,51.1410149222652,96.24776719985812,7.331823173516421,0.022569974455858306,0
2023-01-02 17:40:00,50.61883352887135,79.87411203021492,7.529782786311698,0.006763504291578211,0
2023-01-02 17:50:00,40.72446669188272,91.83212404001068,6.7223597515473354,0.01564098530909567,0
2023-01-02 18:00:00,48.097591555867844,98.9025532751199,7.519006263657981,0.028775475534514205,0
2023-01-02 18:10:00,35.02553331394252,102.87346414429825,7.3821066016694274,0.02351662354974059,0
2023-01-02 18:20:00,63.6322897513225,82.53664718820151,7.863981917690882,0.025686446160127704,0
2023-01-02 18:30:00,46.96373927101999,61.98528282330013,6.765326766786645,0.02382921710057263,0
2023-01-02 18:40:00,45.11113880956309,76.79121077590314,6.357067991360142,0.0362643073460886,0
2023-01-02 18:50:00,65.88940328444083,80.73195805064742,6.747255122277744,0.0223604306382437,0
2023-01-02 19:00:00,37.57753466450771,82.4106120342161,7.104426771267166,0.01613977202129302,0
2023-01-02 19:10:00,38.74412885968031,83.1214059899128,7.029106363542528,0.010842449588664396,0
2023-01-02 19:20:00,39.037796751314346,96.1889459793067,6.803281051862725,0.022496094582097118,0
2023-01-02 19:30:00,49.32128618300518,97.74428426687581,6.045401270511379,0.00440704014775084,0
2023-01-02 19:40:00,86.2584611265159,115.13289152577411,5.926126092348405,0.0907855499083644,1
2023-01-02 19:50:00,57.39675468117834,95.98484876051819,7.9861722395411,0.01794160140078656,0
2023-01-02 20:00:00,75.7199531749497,88.57661366631089,7.2321256190615015,0.006355291463827191,0
2023-01-02 20:10:00,27.50567545799236,85.64505972862571,7.304567759526757,0.010717341613440042,0
2023-01-02 20:20:00,56.08735589124417,94.06544157109964,7.286222653077551,0.028096575301482414,0
2023-01-02 20:30:00,44.42869427427769,85.72252048237915,7.1985233349412,0.022307117490749626,0
2023-01-02 20:40:00,44.135848511112265,105.57811177097761,7.465832983434048,0.021017883337073277,0
2023-01-02 20:50:00,43.80227871746122,70.61588833205441,7.197686840592833,0.023063475339320228,0
2023-01-02 21:00:00,40.91230329192027,79.84829100907982,6.843661415173362,0.020926275879489236,0
2023-01-02 21:10:00,66.84524834603451,83.73481103046049,6.602005544995623,0.032428625628583146,0
2023-01-02 21:20:00,58.422973270139025,89.3945269045799,6.875513172359662,0.02123429181703649,0
2023-01-02 21:30:00,83.24298041581469,122.09296982637471,4.772039693766541,0.02708934430906248,1
2023-01-02 21:40:00,63.526707853423744,114.54855880475154,4.08888489905104,0.1815064982437205,1
2023-01-02 21:50:00,34.874710347011245,70.77770350493793,7.157169341565715,0.023703402673288458,0
2023-01-02 22:00:00,36.69294868669074,93.42513896455004,7.219575066850209,0.014107462692049324,0
2023-01-02 22:10:00,28.220322678053122,92.54958766141965,7.416589715635091,0.0074659828170498144,0
2023-01-02 22:20:00,43.00585459876712,65.58141340620594,7.64139748441949,0.023959142209580453,0
2023-01-02 22:30:00,51.61698526704753,84.96195866329201,7.039003709239429,0.018828279950256245,0
2023-01-02 22:40:00,63.97541854016486,103.95102399126392,4.5655367126652555,0.17870733930162044,1
2023-01-02 22:50:00,76.4510748407539,102.06216587814293,5.39697870539858,0.08270463596665861,1
2023-01-02 23:00:00,35.88943168933918,75.971910730372,7.0220312837033,0.011626192103175332,0
2023-01-02 23:10:00,58.03154742614022,93.09264698241986,6.082115621911455,0.028957962182359284,0
2023-01-02 23:20:00,52.39627518238998,86.16830174172183,7.694332260051241,0.029252818927168314,0
2023-01-02 23:30:00,57.330542814659985,72.14408999243972,7.0711889562552335,0.021686513676101957,0
2023-01-02 23:40:00,31.07237822409948,93.80065962957342,7.190676417290143,0.026763570476749085,0
2023-01-02 23:50:00,53.1149085879779,70.66194176071585,7.682763231263133,0.01962312879257762,0
2023-01-03 00:00:00,38.12234760082473,88.30113790470944,6.6849285849288265,0.02233865101009247,0
2023-01-03 00:10:00,46.026767474486384,76.85989330708445,7.287020965442015,0.03164990882563923,0
2023-01-03 00:20:00,81.78753352174566,114.52599520906112,6.174152653723541,0.13126591670107515,1
2023-01-03 00:30:00,50.91093606255913,90.04270748038384,6.90795656649204,0.018307255616673755,0
2023-01-03 00:40:00,41.48460020220681,90.21449399059529,6.61390380609781,0.033523625459261505,0
2023-01-03 00:50:00,50.06273156184418,98.3696907355596,7.8328016068432635,0.003648553727915123,0
2023-01-03 01:00:00,34.68464684756357,84.17746300328547,6.812249979962215,0.040520733114219346,0
2023-01-03 01:10:00,61.50267395898296,88.06450862963341,7.349732123447851,0.002940409051092649,0
2023-01-03 01:20:00,47.94715980503749,80.62262677595675,6.062496306264032,0.01372907175227704,0
2023-01-03 01:30:00,74.40055213768105,128.4329449525418,6.080376686676162,0.09795412324024655,1
2023-01-03 01:40:00,44.73468312903957,89.39486048008511,7.526105577978529,0.018535193292718386,0
2023-01-03 01:50:00,44.76424011593417,84.01690152545623,7.048717055148652,0.030064110400265548,0
2023-01-03 02:00:00,42.35813213362154,66.96249515907503,6.886528766931038,0.009421633813897656,0
2023-01-03 02:10:00,58.76173931693076,88.31470896330896,7.200000002806783,0.022607668174830634,0
2023-01-03 02:20:00,42.905688426715244,88.64561477355457,8.144395330440144,0.01421787901780246,0
2023-01-03 02:30:00,56.445954324151764,78.19826523652048,6.118381650548257,0.022951409793374167,0
2023-01-03 02:40:00,46.1754760233071,72.15612963927485,7.391013693787063,0.019352277402021237,0
2023-01-03 02:50:00,30.240367001083804,99.75879150503965,6.544191348923048,0.020929356526829777,0
2023-01-03 03:00:00,44.29685932213534,89.91445510894403,6.990040801850134,0.014500751675356544,0
2023-01-03 03:10:00,38.208917856371514,82.7091896907829,6.876059940460668,0.014899360499039175,0
2023-01-03 03:20:00,50.33902723682338,73.62967116852512,6.785840871101122,0.022872725140274268,0
2023-01-03 03:30:00,38.09592264325509,76.78185171578654,6.994767435473635,0.029437155057560442,0
2023-01-03 03:40:00,59.259751007146164,98.02590396786232,6.432914427361105,0.014017206658021523,0
2023-01-03 03:50:00,49.08924139646973,86.37661940868045,7.514590218063984,0.011312324554270904,0
2023-01-03 04:00:00,48.22404005241261,79.49412932999293,6.1029282444007,0.02613460165671837,0
2023-01-03 04:10:00,56.558921377875826,90.09689231224657,7.269882256414171,0.019674961069423107,0
2023-01-03 04:20:00,76.5840747102221,112.16510135548542,4.893560494982235,0.14152490669929763,1
2023-01-03 04:30:00,49.79901248230348,100.00843030280379,6.414537553096273,0.010942027866288524,0
2023-01-03 04:40:00,42.28799700450709,98.52800534896726,7.101191685299348,0.0022056107457656925,0
2023-01-03 04:50:00,32.260303838878706,80.33425928797223,6.221524456646761,0.014669959181736657,0
2023-01-03 05:00:00,43.1395024296482,78.7132975296914,7.019856910859818,0.01233647390734984,0
2023-01-03 05:10:00,57.854066923068956,95.88881369088713,3.4889999256758557,0.09606057999598501,1
2023-01-03 05:20:00,51.070574529922965,70.18419228448631,7.230636042158916,0.013631547857296105,0
2023-01-03 05:30:00,46.54853118861973,71.60530225042244,6.537821333184812,0.02741016951336449,0
2023-01-03 05:40:00,56.87932972051428,86.35190340987386,6.774502991485345,0.017118497375774838,0
2023-01-03 05:50:00,43.87016728729311,81.7376629555864,7.146974693971581,0.02150474498773901,0
2023-01-03 06:00:00,49.42958833147058,71.54664512584759,6.613728944078882,0.02157634558440944,0
2023-01-03 06:10:00,61.839874431968894,82.18835957535443,6.971018000165849,0.021949550924121874,0
2023-01-03 06:20:00,53.418252139549665,90.05337147647349,6.243084749377573,0.019758708895450266,0
2023-01-03 06:30:00,49.39962458311435,90.27839349915587,7.315437801798078,0.025106006904103136,0
2023-01-03 06:40:00,43.98055558064823,66.00329719141119,7.8824569027753855,0.012043448661741925,0
2023-01-03 06:50:00,43.66768603285023,83.71736519516169,8.396104433954982,0.03399417926653883,0
2023-01-03 07:00:00,41.493867470480524,71.1665922302839,7.045584073333219,0.01763462616631465,0
2023-01-03 07:10:00,44.589931342171006,94.01728697140274,7.394102070398594,0.006884508621013183,0
2023-01-03 07:20:00,57.55665838744314,92.84146416353498,6.109687163546256,0.02188073356991773,0
2023-01-03 07:30:00,68.8852977565385,107.11142148896622,5.41480031703631,0.05744097587762575,1
2023-01-03 07:40:00,36.502269306187685,77.339547975996,7.388114252362053,0.02665334534508875,0
2023-01-03 07:50:00,67.68169293059783,80.38732949501693,6.758033277524383,0.04209605576042377,0
2023-01-03 08:00:00,53.19965191145163,62.47206605268661,7.618590400144504,0.012134279084421499,0
2023-01-03 08:10:00,35.9305659948683,88.35968173440577,6.8727619616773294,0.023323723332239848,0
2023-01-03 08:20:00,45.58151072759176,82.2715545365987,6.770987408492722,0.0024449441129537237,0
2023-01-03 08:30:00,51.10886382828418,94.70175082567859,7.237667462713746,0.02453905229441347,0
2023-01-03 08:40:00,99.0177062475929,108.85556756419943,4.315780047731465,0.055714310010015505,1
2023-01-03 08:50:00,38.91887541741131,78.80877051750068,7.510812382199974,0.013751653815655176,0
2023-01-03 09:00:00,59.760407193559466,69.93474741960884,6.472005094036579,0.00898713510160172,0
2023-01-03 09:10:00,63.99486426972343,74.95709436505747,6.474972605088407,0.027321512260547354,0
2023-01-03 09:20:00,43.7134569492543,73.1801800393178,6.545155105795833,0.030073043574732623,0
2023-01-03 09:30:00,59.51444223998563,121.37047071669429,5.579809849408627,0.10116926073292538,1
2023-01-03 09:40:00,39.6369075262623,78.01738151248608,6.691612319240146,0.011355732946642804,0
2023-01-03 09:50:00,47.96538858919695,86.24175684744614,6.326002107816415,0.03589523036103862,0
2023-01-03 10:00:00,49.63410025657069,81.19236596138195,6.697160000032101,0.01249589872245344,0
2023-01-03 10:10:00,56.59649998082371,72.30534733987187,6.983978814659757,0.0016203229992743894,0
2023-01-03 10:20:00,60.90183471020447,83.31699576828358,6.409513758167807,0.024583890099570686,0
2023-01-03 10:30:00,42.519039353783526,90.99103331863594,6.424159445482828,0.008952253263584833,0
2023-01-03 10:40:00,30.326749357740056,72.92240607456648,8.055648167049792,0.02988608793499175,0
2023-01-03 10:50:00,49.78755220723758,93.09112790731379,6.569717298093057,0.016188623033265813,0
2023-01-03 11:00:00,52.935375299686406,76.50279078522304,6.838478815613497,0.026037132405441962,0
2023-01-03 11:10:00,52.49417687685042,80.1701607392716,6.816381499600357,0.03401500346552158,0
2023-01-03 11:20:00,46.73326752490956,90.30683123010047,6.789321596114779,0.007911411353792782,0
2023-01-03 11:30:00,51.247520996639345,78.36563842780512,7.310673369984551,0.014340628691075944,0
2023-01-03 11:40:00,65.15444808352248,85.37574859335865,7.474071475236025,0.019243289273429366,0
2023-01-03 11:50:00,53.817341689625096,81.85309171211908,6.847022784234204,0.03537551319034343,0
2023-01-03 12:00:00,46.26631574996915,86.29368006703818,6.381760856703826,0.013416172820595547,0
2023-01-03 12:10:00,44.99802182904004,61.19260894476503,7.637220113924451,0.014054963040509929,0
2023-01-03 12:20:00,48.301476423222695,66.70318184791917,6.952329454401658,0.024781405755558084,0
2023-01-03 12:30:00,66.3673996183064,91.15967006046839,7.865160907428584,0.014227712742894291,0
2023-01-03 12:40:00,48.166992904738024,95.3718140564905,5.877207051217418,0.021525258828976167,0
2023-01-03 12:50:00,49.80205655479292,75.89513296468479,7.09770161064166,0.004484625790318733,0
2023-01-03 13:00:00,45.17686429063697,82.55971647828866,7.959303166938104,0.04214329942556597,0
2023-01-03 13:10:00,60.98983357441965,87.94719252902301,6.823367932280921,0.006522907696905967,0
2023-01-03 13:20:00,69.59837254744676,91.93217601658704,6.887253288332682,0.016782472960097918,0
2023-01-03 13:30:00,54.50613049431388,64.72322728329152,7.147755845795169,0.019675189641579053,0
2023-01-03 13:40:00,50.827729037854255,76.13959753021624,6.720602090557521,0.039126881343567954,0
2023-01-03 13:50:00,80.37603330942649,115.65352526320738,5.135546892601612,0.033757710953362996,1
2023-01-03 14:00:00,26.15693211214254,92.0314019723605,6.831092452904299,0.03983704135478751,0
2023-01-03 14:10:00,57.451508642848175,109.98430483721495,6.6862896327868135,0.027571768211020226,0
2023-01-03 14:20:00,51.341664159958434,82.71994273190282,7.61442827510028,0.024170953244232463,0
2023-01-03 14:30:00,54.28342050660725,70.93022537896012,7.230539016148217,0.010153663129820446,0
2023-01-03 14:40:00,42.88537805916295,89.02268077201298,7.125314116051651,0.025711412420380737,0
2023-01-03 14:50:00,46.15543121022908,98.2099578954071,7.404285503445059,0.012765133775802,0
2023-01-03 15:00:00,45.88975063496827,86.08014120979502,6.867822083398266,0.03266661253198412,0
2023-01-03 15:10:00,60.21622984073039,75.93351454845707,6.61289809082355,0.01028937970892267,0
2023-01-03 15:20:00,58.39568091050019,127.851880085104,3.9958640489387394,0.09434207527719579,1
2023-01-03 15:30:00,70.82660322109797,91.63545618498435,7.000891520552305,0.014447269119868284,0
2023-01-03 15:40:00,54.308624190150375,74.73919155804376,6.4703941458135485,0.010124770375730053,0
2023-01-03 15:50:00,37.243173400042686,88.81425617534342,6.749869491706662,0.027413198169079143,0
2023-01-03 16:00:00,48.71453706748043,94.97265567658873,6.741941679064283,0.025354587474096336,0
2023-01-03 16:10:00,55.006976653467,128.26845629577724,5.961908844535312,0.16045050994504986,1
2023-01-03 16:20:00,28.056175301799758,84.33551024690544,5.613092530033041,0.0022012489179183276,0
2023-01-03 16:30:00,94.18065558457003,117.9992426367993,5.961490485257695,0.15320853511705218,1
2023-01-03 16:40:00,57.03142542220004,97.27273822081263,7.862846896407385,0.045054489053568944,0
2023-01-03 16:50:00,55.33207317899313,72.89839497019115,7.060922232066227,0.015483589108230531,0
2023-01-03 17:00:00,51.654036602997046,89.38579290921005,7.376708736710547,0.0389514861210897,0
2023-01-03 17:10:00,36.17982431307563,71.29973372635571,7.049913157549884,0.017368387279401733,0
2023-01-03 17:20:00,45.163828604445634,95.65376272259603,6.66633330939176,0.006275902624386931,0
2023-01-03 17:30:00,87.6371715279163,109.72562065465145,4.215811856694165,0.08471837787966022,1
2023-01-03 17:40:00,39.487799702174975,97.68583235647469,7.102727843518151,0.03048203967675276,0
2023-01-03 17:50:00,24.682306837491865,89.91412756355527,6.6121966976988045,0.011618235176684685,0
2023-01-03 18:00:00,47.72893992219074,72.76779769938071,6.599832296917348,0.013996613409935129,0
2023-01-03 18:10:00,48.58242445972461,99.24627732077244,6.750506372010444,0.02593539432293191,0
2023-01-03 18:20:00,51.35563416414709,100.51245266427729,7.872430703311747,0.02003060116738573,0
2023-01-03 18:30:00,57.28518643514536,93.82286492599215,8.202418771126986,0.02584622952486741,0
2023-01-03 18:40:00,56.37605812231209,77.3841213496378,7.108603968764201,0.02237829540758336,0
2023-01-03 18:50:00,52.587698052439215,81.93986045642592,6.767616388044136,0.02479625319551573,0
2023-01-03 19:00:00,61.955313880867095,86.45427217405759,6.411386791274395,0.015676988141904588,0
2023-01-03 19:10:00,34.81030219186685,77.96289600668567,7.234270080773035,0.022317309420303924,0
2023-01-03 19:20:00,55.045818144773904,101.92346572463205,7.891452800032572,0.010726269943040665,0
2023-01-03 19:30:00,56.265383633369424,86.44326471726036,6.876329806487422,0.03288433622503389,0
2023-01-03 19:40:00,37.6043771391976,57.966519528926426,5.810501979623388,0.013657252831826863,0
2023-01-03 19:50:00,34.971293913176105,88.3935581275622,7.335024835907761,0.031288474875493896,0
2023-01-03 20:00:00,42.54057873524398,81.51842603182686,7.492699855725025,0.017663930390171348,0
2023-01-03 20:10:00,43.38458557484708,84.25073443881553,6.207077179807076,0.022019990107573214,0
2023-01-03 20:20:00,57.534194635024306,81.31380634214301,7.088242091831477,0.015050354491092995,0
2023-01-03 20:30:00,43.85461216308905,93.07046416606687,7.225613008068049,0.00984004568831971,0
2023-01-03 20:40:00,41.43651481718796,96.19687778553381,6.9634463489955305,0.0025523961239469865,0
2023-01-03 20:50:00,43.883662633054406,87.83053162258653,6.604614540457323,0.009446758414075405,0
2023-01-03 21:00:00,89.70042270916866,110.67160054625009,5.937076627667592,0.08380455733920392,1
2023-01-03 21:10:00,50.13043374376952,84.5866279519083,6.798310127015658,0.022118791788288843,0
2023-01-03 21:20:00,48.20748974643088,85.19599616577628,6.257406918650034,0.030103793132832637,0
2023-01-03 21:30:00,48.899945012989484,76.97569960135164,5.97526275716516,0.01554242540203151,0
2023-01-03 21:40:00,62.92060334326523,90.78928648571235,7.630424759999655,0.01118039235732826,0
2023-01-03 21:50:00,42.50828273396758,89.60042323860466,7.308331988235559,0.005572852139972875,0
2023-01-03 22:00:00,69.99710882721962,130.8817226045582,5.317118778153317,0.1240031808952052,1
2023-01-03 22:10:00,52.10496298921504,97.55349780288475,6.779862681574598,0.033831945153293436,0
2023-01-03 22:20:00,48.395806180246524,78.1432508240987,6.735500792898437,0.03266330267956288,0
2023-01-03 22:30:00,75.00900497934282,93.20298374508965,6.462131675779195,0.027099327481472375,0
2023-01-03 22:40:00,39.44360510201403,75.49046616905528,6.784272177720058,0.02638543317267599,0
2023-01-03 22:50:00,46.46314240432994,91.9593210094085,5.939956392439913,0.036976237797093414,0
2023-01-03 23:00:00,37.67568760835999,79.83385801239892,6.631968173265743,0.023320814614168104,0
2023-01-03 23:10:00,74.86510992464119,99.61941291079715,4.56307591168191,0.13230648380120857,1
2023-01-03 23:20:00,66.89188933651678,87.80045342697404,7.3049400235952096,0.01679216138148001,0
2023-01-03 23:30:00,66.6992278140464,58.254328718458595,6.980036768313318,0.006379566291452426,0
2023-01-03 23:40:00,90.46937345149325,98.62490397494895,5.451183997834904,0.06580755497502118,1
2023-01-03 23:50:00,48.02379532204034,83.22508116225717,7.674567552556715,0.019908409614653448,0
2023-01-04 00:00:00,46.347590225101534,85.82441766634842,7.5290850469120505,0.020607853725013028,0
2023-01-04 00:10:00,33.28830227505935,81.30681229841811,7.235254923689278,0.039262858548553936,0
2023-01-04 00:20:00,70.35873535181793,69.20563701282401,7.005931339590392,0.020812771675910686,0
2023-01-04 00:30:00,54.68978078148468,76.82108157861495,6.509605995793221,0.03178843444025644,0
2023-01-04 00:40:00,45.08043095130517,88.91209327237394,7.369972025689658,0.01564922758423684,0
2023-01-04 00:50:00,63.28056888986968,90.81781770628362,7.839873691110765,0.016883241142347658,0
2023-01-04 01:00:00,40.27235483239999,84.8377688240406,7.171053019825209,0.006709923627765518,0
2023-01-04 01:10:00,54.06622034222674,96.56833781036988,7.958629574213061,0.012576719871234283,0
2023-01-04 01:20:00,48.27370865709165,88.97397023459234,6.237214145969459,0.025269813913637532,0
2023-01-04 01:30:00,56.386771398803006,77.52544346041788,6.422918307610229,0.020075601803941332,0
2023-01-04 01:40:00,49.36426460813878,82.19497946588383,7.427600753874131,0.029429386198972337,0
2023-01-04 01:50:00,35.49072108888776,70.97133842792145,7.132145105076625,0.021812539483450504,0
2023-01-04 02:00:00,50.75576372670038,83.91861009608583,7.656891088285904,0.016475462683622582,0
2023-01-04 02:10:00,60.48864141875362,96.12100619221339,6.9922641796366305,0.04148296863786959,0
2023-01-04 02:20:00,49.70783594146015,91.85290084710968,6.566012288735834,0.01906096431286953,0
2023-01-04 02:30:00,57.75115121589086,99.02009325919121,6.8932033788974785,0.03163000969705304,0
2023-01-04 02:40:00,39.54470514325947,81.97114756201007,6.233658014538133,0.015987907934553222,0
2023-01-04 02:50:00,49.73739206730148,98.46099794514258,6.4357046634514825,0.027095994793835666,0
2023-01-04 03:00:00,43.75489544911423,83.0669577355203,7.486221998959005,0.02928015659151687,0
2023-01-04 03:10:00,57.469808401047096,99.71585082569894,7.436393707234805,0.02208491970575581,0
2023-01-04 03:20:00,50.31491562261996,84.78143252557877,7.181502142403039,0.0035448292269660217,0
2023-01-04 03:30:00,56.900736763366126,92.07231373804277,6.139461239519766,0.02018252460856113,0
2023-01-04 03:40:00,60.87710426157866,99.75112364309855,6.820798212243556,0.032304600477599754,0
2023-01-04 03:50:00,56.91618575121388,83.06572371418794,6.387500055669975,0.025274808330277305,0
2023-01-04 04:00:00,52.731184342936444,87.18388987544174,7.5882666268938825,0.024458388752292465,0
2023-01-04 04:10:00,40.017877414885945,97.88863425206303,6.7081389332187,0.0027774306604248095,0
2023-01-04 04:20:00,49.972138893330985,83.66996836069936,6.457126144609226,0.012795449293249411,0
2023-01-04 04:30:00,65.08451438548062,93.19642511016916,5.053330786062544,0.12056788155757196,1
2023-01-04 04:40:00,46.55936043295773,106.4300705458491,6.679922771582694,0.02410383276786892,0
2023-01-04 04:50:00,46.25465849249749,80.30235535662864,7.741871955101853,0.03214666780132903,0
2023-01-04 05:00:00,49.463815790202915,121.82233318151647,3.9758579705702863,0.09275666224269528,1
2023-01-04 05:10:00,30.4266141086601,96.56006669451128,6.300385870387684,0.02405824086673814,0
2023-01-04 05:20:00,67.90174890797675,109.14824779551782,4.271773787014586,0.10081871209656468,1
2023-01-04 05:30:00,51.93379451924159,74.9213208677787,6.984606748793293,0.010130572634984432,0
2023-01-04 05:40:00,36.5182295457251,87.53737296774833,6.719034943071037,0.0025579133109474746,0
2023-01-04 05:50:00,50.15682236471624,67.0692360208761,6.285547696744136,0.024310096921300768,0
2023-01-04 06:00:00,81.85461165319495,109.51647471180199,4.662513467684217,0.10869736042064057,1
2023-01-04 06:10:00,60.23056555252239,87.45038664315406,7.333622573714621,0.01381824957899831,0
2023-01-04 06:20:00,66.4354150912053,82.30048103174836,6.985891060531385,0.00380826943484135,0
2023-01-04 06:30:00,53.91127876932726,69.56549056814254,7.682163122085433,0.026297395144087382,0
2023-01-04 06:40:00,61.67509822986446,100.94177956204013,7.3312680166993065,0.01734079925804448,0
2023-01-04 06:50:00,42.760352695322126,86.03538153949175,6.588572049240784,0.025568747223681458,0
2023-01-04 07:00:00,43.55659732978016,99.31152117761741,6.480389918004617,0.03864048530411758,0
2023-01-04 07:10:00,60.553846422547394,108.22776943671994,5.744644567912474,0.00707154401598525,1
2023-01-04 07:20:00,61.861454740422985,76.19988018309236,7.198183478233675,0.01300399191297636,0
2023-01-04 07:30:00,65.40323979819885,87.6918092025516,7.084873883985331,0.017906243866880868,0
2023-01-04 07:40:00,44.4682275465273,82.8421287367178,6.576751098565547,0.03454826174146651,0
2023-01-04 07:50:00,82.90889756021022,102.04949027199049,5.259374685196591,0.01817984903967576,1
2023-01-04 08:00:00,68.50235312664606,133.139141141737,4.762852356134409,0.19679305128403024,1
2023-01-04 08:10:00,53.82653551477492,78.77729777106003,6.949006672703161,0.021358559015662904,0
2023-01-04 08:20:00,61.24932545303241,66.5973361520443,7.72347207319349,0.019039993382661418,0
2023-01-04 08:30:00,32.57228026118959,98.28166053957332,6.669582882094927,0.018019402367810935,0
2023-01-04 08:40:00,54.094385306422524,79.95701984187377,6.21350537146357,0.015637369678199713,0
2023-01-04 08:50:00,47.233282282808545,78.92176107384375,6.473726404064945,0.030481167592691545,0
2023-01-04 09:00:00,51.13394391966689,67.34612412970026,7.497149413343812,0.009314792459175611,0
2023-01-04 09:10:00,54.58994001674291,102.40941486596991,7.127365568690105,0.023454141816438536,0
2023-01-04 09:20:00,48.11797561227179,72.10519412790313,6.935561310655623,0.016158183342930246,0
2023-01-04 09:30:00,48.964131465942195,85.5844948070565,6.745453097344216,0.01237866551485902,0
2023-01-04 09:40:00,47.86124832445361,94.12620322540441,7.242679953776595,0.04585975175683896,0
2023-01-04 09:50:00,59.70316201788282,89.21716933003097,6.575447574504889,0.024190507347534602,0
2023-01-04 10:00:00,54.18759960127497,84.40345688007808,7.152832784321298,0.02613265544661144,0
2023-01-04 10:10:00,85.81590242507136,100.72203631081365,4.572663148843041,0.1568888390334331,1
2023-01-04 10:20:00,37.290482789077174,76.90275164232716,6.551170307362473,0.005786500546814528,0
2023-01-04 10:30:00,46.214202567868455,86.87800338042523,6.681256282587494,0.03752291909122032,0
2023-01-04 10:40:00,58.98669160339174,77.12825930013004,6.812296276758019,0.005089571784950758,0
2023-01-04 10:50:00,50.37696573123923,87.03359459998768,6.975585082033148,0.012312335899614795,0
2023-01-04 11:00:00,56.59531469589138,91.81743408815142,7.117727897555557,0.015409683268210995,0
2023-01-04 11:10:00,67.66511800327633,94.62502885800102,5.155817354285778,0.02581723364970506,0
2023-01-04 11:20:00,60.386060692088165,72.73820642187317,6.5961747211266175,0.022187182661414877,0
2023-01-04 11:30:00,50.93158337699742,106.96646054978955,6.804215011321981,0.01833185259301607,0
2023-01-04 11:40:00,44.890108298042726,92.67479344554131,7.752531019304165,0.01988002655372276,0
2023-01-04 11:50:00,24.464504039441017,84.98285846330936,6.459998695808934,0.010219769764774319,0
2023-01-04 12:00:00,48.316150775271474,95.89536583076641,7.081398309049956,0.005027676055158269,0
2023-01-04 12:10:00,46.73987504183151,108.65407771999973,7.747515154867918,0.027265116223360603,0
2023-01-04 12:20:00,53.90366194395376,70.6127989894313,6.343515735026363,0.026937061125361855,0
2023-01-04 12:30:00,48.460947730253125,82.74737357508647,7.196987612932201,0.03584494375157059,0
2023-01-04 12:40:00,46.79614940563206,61.215683401266716,6.59886408303274,0.01209982903184792,0
2023-01-04 12:50:00,32.2060106949278,86.92651532648024,6.747683128855383,0.026928152103009226,0
2023-01-04 13:00:00,40.60032170849934,88.65394241925141,6.598444583023343,0.017162932716352684,0
2023-01-04 13:10:00,54.76651040800557,84.6083788455724,6.634071345792057,0.031904749851934824,0
2023-01-04 13:20:00,67.15907631132694,78.45466429001691,8.360956073953247,0.030219627766781415,0
2023-01-04 13:30:00,49.024746162543764,64.50485483811676,7.422227936035833,0.022112093992244567,0
2023-01-04 13:40:00,53.27811073574124,88.73533683411769,7.550868930893104,0.016604698433340136,0
2023-01-04 13:50:00,59.52478156952805,99.55434483915325,7.245996743418248,0.029609321786082617,0
2023-01-04 14:00:00,41.891060637997505,79.08981544266568,6.196871605799021,0.026469045232565658,0
2023-01-04 14:10:00,74.31605393408823,115.87290955383915,4.9751829876250895,0.06577797989569087,1
2023-01-04 14:20:00,42.59509893667841,69.3185568657995,7.536464807253673,0.006722013265205691,0
2023-01-04 14:30:00,58.648244384910114,89.57213063692514,6.573300262980444,0.01711467099318204,0
2023-01-04 14:40:00,51.514030479517324,81.06617702255343,7.482663333580564,0.03515413815348209,0
2023-01-04 14:50:00,52.9845181398144,77.37582049397085,7.352168104927039,0.031464871587330384,0
2023-01-04 15:00:00,42.17401402581411,77.39636358783869,7.926020022406835,0.008876725303294194,0
2023-01-04 15:10:00,57.07032359610785,81.0638841796699,6.791108493743191,0.00832242584100079,0
2023-01-04 15:20:00,70.84712921231016,88.82433315692535,6.4511945088621365,0.03274683849679486,0
2023-01-04 15:30:00,39.92088304571794,71.87836798804483,6.819185945313727,0.00864364095242171,0
2023-01-04 15:40:00,46.60240992352476,81.02884668432146,7.717785496581811,0.02509295323642008,0
2023-01-04 15:50:00,52.31607474168092,84.58528222000852,6.0857970595790185,0.013839287846636763,0
2023-01-04 16:00:00,57.86406211995816,74.00960775468141,5.965812142284484,0.036170449245216826,0
2023-01-04 16:10:00,44.40453714710531,102.96665201675017,7.044697639465807,0.012295752008621211,0
2023-01-04 16:20:00,49.324072042322754,102.23484683624841,4.561787733568483,0.1571680765102914,1
2023-01-04 16:30:00,63.59189494164025,78.3056308636651,7.003863946587843,0.02184858654060365,0
2023-01-04 16:40:00,57.60506119584143,75.21692050177502,7.472655885617932,0.02252194854234287,0
2023-01-04 16:50:00,32.57052469513335,102.98480087138117,6.723715326940574,0.00029691418648598866,0
2023-01-04 17:00:00,78.70151503522519,123.81354581759305,4.440055749844979,0.010145667660285927,1
2023-01-04 17:10:00,65.68182429527326,75.63407993756358,8.022240778599972,0.01779434059732686,0
2023-01-04 17:20:00,64.47796418457867,96.06231558859969,6.501385856280612,0.022469060634166118,0
2023-01-04 17:30:00,81.84138704473257,113.39524991981364,5.031938777717736,0.04374010861311384,1
2023-01-04 17:40:00,48.238875660401376,87.57253421111501,7.551860006861299,0.00911306589523658,0
2023-01-04 17:50:00,50.8298741881251,81.55522791247547,6.807755439479241,0.02561472629826133,0
2023-01-04 18:00:00,48.69074194873873,77.50584013043027,6.968305073982594,0.02562854480457131,0
2023-01-04 18:10:00,61.282397832688375,88.37766099054602,7.241395062030159,0.01862258939612073,0
2023-01-04 18:20:00,41.2415759350489,79.5491277000441,7.541791551554998,0.02780201721186075,0
2023-01-04 18:30:00,59.390131736015114,133.46710516614857,3.5816837579562586,0.041289885213992676,1
2023-01-04 18:40:00,60.10274586836016,72.30708894756896,7.759976002957149,0.016440650829130293,0
2023-01-04 18:50:00,49.556385444884384,100.36156772854946,5.932100075632597,0.03647877605783673,0
2023-01-04 19:00:00,63.78467355453808,83.88681151202199,7.3798936184765385,0.020683221299398175,0
2023-01-04 19:10:00,43.28487793019454,87.99085734021106,6.580236220991171,0.021263125145869994,0
2023-01-04 19:20:00,49.452216396611746,93.33157766629435,7.6861356583039955,0.0430594658596774,0
2023-01-04 19:30:00,40.77587015156047,78.69750704995563,7.071022239415273,0.006006578341512293,0
2023-01-04 19:40:00,50.07362681423567,93.64248384698637,6.663547333995299,0.027964303666421105,0
2023-01-04 19:50:00,35.21453063001201,57.92456144618823,7.331420546510817,0.036639862798081,0
2023-01-04 20:00:00,45.123665790450374,77.8001046677806,7.446594173603626,0.01675142073501454,0
2023-01-04 20:10:00,35.63746135071882,75.75937192658935,7.320947061429319,0.028596307868548464,0
2023-01-04 20:20:00,56.93923233191258,72.46493987628239,6.485151880183469,0.010179805027890952,0
2023-01-04 20:30:00,57.16589339759652,82.85045161921049,6.757991438188958,0.013132676044326485,0
2023-01-04 20:40:00,32.697372695156545,88.85749968181695,6.997963581439283,0.023849664160476344,0
2023-01-04 20:50:00,63.33885745500573,92.02659998499306,6.97937017367497,0.027985666731105904,0
2023-01-04 21:00:00,74.97415126419854,87.40876757200408,7.374872737719174,0.031209365124062458,0
2023-01-04 21:10:00,50.46006386736341,78.34306535106452,5.992549383746696,0.03569628586939493,0
2023-01-04 21:20:00,43.58885739775355,88.69016437825167,7.1671635272767515,0.01932553441444818,0
2023-01-04 21:30:00,78.24330591003047,86.2428569485085,6.85500932278168,0.03193611755172588,0
2023-01-04 21:40:00,36.8103150169749,94.36056167936016,6.580749691808024,0.01657695156550851,0
2023-01-04 21:50:00,50.20106466869098,92.76936702931516,6.6287566111152,0.02902091311588268,0
2023-01-04 22:00:00,51.796222726319236,85.30476413920628,6.892731167741018,0.022074887978521817,0
2023-01-04 22:10:00,63.45147620452415,76.02746993838743,5.199457447770241,0.02445677907081924,0
2023-01-04 22:20:00,53.59738975126788,78.4704984416792,6.649355214604225,0.024235078740220375,0
2023-01-04 22:30:00,45.01366104211549,79.50210640361966,6.562092587676854,0.003952949902021878,0
2023-01-04 22:40:00,40.48815629612044,81.84733666083744,7.266391604661312,0.008758781411392268,0
2023-01-04 22:50:00,46.581781797538646,87.68050427589753,6.597236658744739,0.021025414398175225,0
2023-01-04 23:00:00,39.93072639054856,92.15174390128058,6.892443099914755,0.003127209203588315,0
2023-01-04 23:10:00,50.47825319784683,84.48881306984623,7.771138313830651,0.02831211103199756,0
2023-01-04 23:20:00,47.31181861962398,115.78002109162611,5.739167929707988,0.1435777983144071,1
2023-01-04 23:30:00,35.059622067102495,86.43306305000004,7.451135699971727,0.023271705528777904,0
2023-01-04 23:40:00,62.55145788374904,79.8409468686766,6.750063784794574,0.008788659872420779,0
2023-01-04 23:50:00,45.02327476570961,75.74607742357044,7.2715161396448265,0.03380138938868515,0
2023-01-05 00:00:00,37.318631950246875,67.4456210268929,6.883051099773203,0.04037210639718358,0
2023-01-05 00:10:00,48.31740865512459,78.04850641923127,6.901953394661531,0.02147076827445974,0
2023-01-05 00:20:00,50.68371565967659,89.73145453267787,7.2048426718732745,0.02510535378451236,0
2023-01-05 00:30:00,32.53533274420967,77.97088561960433,6.701503205789534,0.02201738654796044,0
2023-01-05 00:40:00,53.316476671257625,82.6219296257406,7.746501552221602,0.025303691889987993,0
2023-01-05 00:50:00,39.528424313097354,89.66431287412317,6.919934930201031,0.01880441243373604,0
2023-01-05 01:00:00,67.11028809190788,90.20689496422669,7.309180283129832,0.019654357601561968,0
2023-01-05 01:10:00,55.23960512076735,74.2046714783396,7.727800239628649,0.029057176004973654,0
2023-01-05 01:20:00,65.1696648416919,126.53090422317011,5.1662206679515945,0.21728120809482204,1
2023-01-05 01:30:00,42.5483222968265,96.27350089355485,6.295540448654737,0.005999287655982613,0
2023-01-05 01:40:00,48.95032292436376,73.7015014278144,7.222447947504942,0.01896187515597033,0
2023-01-05 01:50:00,56.127907415832894,76.76163130358846,7.4253596972303235,0.008195395147679179,0
2023-01-05 02:00:00,49.745058714148,96.91090683146192,7.445931511080374,0.035920248985760836,0
2023-01-05 02:10:00,47.82841192863143,83.53146478744699,6.443352582942684,0.014122620306801016,0
2023-01-05 02:20:00,50.58370290817896,62.80222052548149,6.671482381491338,0.00556799206214206,0
2023-01-05 02:30:00,43.961410687630455,71.00318495267314,7.497279117870811,0.026381869988485733,0
2023-01-05 02:40:00,46.56794073156962,82.50630374827519,6.619119814658677,0.03744311114743111,0
2023-01-05 02:50:00,57.37630745657307,107.66092564806334,5.653972626929441,0.13317989342803813,1
2023-01-05 03:00:00,59.737262308523675,80.86576229363558,7.787937904750985,0.022047978772819173,0
2023-01-05 03:10:00,82.44431207889392,109.00914745249918,5.115906734759943,0.1204570461387997,1
2023-01-05 03:20:00,42.265441559665696,99.62254604034729,6.636612931083079,0.03414840662825555,0
2023-01-05 03:30:00,94.03100047073649,102.53966421141968,4.624791013559769,0.056290036499292505,1
2023-01-05 03:40:00,50.87016480392386,95.72541799572758,7.166359664792594,0.018881528959136872,0
2023-01-05 03:50:00,39.63856428024803,99.28760162036771,6.333425995761395,0.015473098514904667,0
2023-01-05 04:00:00,58.567374214704586,99.34309669352076,6.876332018051791,0.008321346927082899,0
2023-01-05 04:10:00,53.980482165092624,87.84754593385568,7.166615267495011,0.016716247405831976,0
2023-01-05 04:20:00,53.94579985484219,65.36710852161026,7.6495749102738335,0.031077210959824485,0
2023-01-05 04:30:00,45.7424439534841,89.60824865403865,7.333774040184998,0.025666021483927257,0
2023-01-05 04:40:00,54.504957237780346,95.48399887813541,6.642967441008911,0.026443105001082004,0
2023-01-05 04:50:00,47.38241709778905,84.18932894564583,7.58920965878186,0.021464756116533184,0
2023-01-05 05:00:00,55.559414516458425,102.44583870075249,6.850242481226261,0.025233237827285888,0
2023-01-05 05:10:00,30.95055545989361,93.59833561467458,6.382148488975296,0.011994096576518946,0
2023-01-05 05:20:00,45.661265370208106,90.68273377152784,6.913979320367264,0.016904901140727707,0
2023-01-05 05:30:00,67.22155097808195,95.86380711205838,7.719084600572851,0.021920042369686768,0
2023-01-05 05:40:00,42.32932544599699,88.33369851260878,7.082620025032463,0.022775158588818904,0
2023-01-05 05:50:00,58.54862607544574,87.2346585999047,4.769853397200977,0.11600939274609366,1
2023-01-05 06:00:00,45.52038661550025,80.00861048529634,7.818605822351427,0.018616647179836222,0
2023-01-05 06:10:00,37.85193864111356,96.97168027247854,6.284322576472786,0.016225765988696704,0
2023-01-05 06:20:00,27.91719223771748,76.92408659901704,6.357200442973614,0.051577712830442976,0
2023-01-05 06:30:00,47.69413601476387,82.76527494763062,6.1920767645165835,0.029067872729323988,0
2023-01-05 06:40:00,51.35859424081657,74.5516368609693,7.186324093240027,0.024131474759526227,0
2023-01-05 06:50:00,49.474949314613475,102.83922595201769,7.083246563557562,0.01766791501793606,0
2023-01-05 07:00:00,48.55121438052113,101.81492457418015,7.771368183639888,0.015487811730561234,0
2023-01-05 07:10:00,50.430408708503876,76.16131104859271,7.121737538568385,0.018691994062730442,0
2023-01-05 07:20:00,60.22841471550764,86.47298000389084,6.797921420260349,0.022928288435866834,0
2023-01-05 07:30:00,48.09553814070783,78.19505952235953,7.000897436439054,0.0011956445593691856,0
2023-01-05 07:40:00,44.259174229127304,91.14944639031378,7.058853709230479,0.004306104046253163,0
2023-01-05 07:50:00,47.188745151119136,90.09683077242329,6.164119363335916,0.013631176110610425,0
2023-01-05 08:00:00,55.793467597567755,93.11705571613265,8.355165822167447,0.022071394367785685,0
2023-01-05 08:10:00,64.1202687854325,88.31918447707888,7.259935509050956,0.017607268528481487,0
2023-01-05 08:20:00,43.71856260830822,114.35406206388468,7.1050041540112945,0.03478121226099484,0
2023-01-05 08:30:00,50.989337870288836,74.72076234989261,7.307581992139291,0.0051760321300423125,0
2023-01-05 08:40:00,53.3835744193596,67.89396645563485,7.354705490293303,0.012486545303966297,0
2023-01-05 08:50:00,40.07421993271177,81.06909799298539,6.929723257248784,0.03520091740991101,0
2023-01-05 09:00:00,50.20417167212918,69.32011734439732,6.68437943187965,0.02131119324675147,0
2023-01-05 09:10:00,35.34326142657905,70.07537729994007,7.299725343160852,0.028848425828011587,0
2023-01-05 09:20:00,32.30949696260601,74.98685345802033,7.192855420265726,0.04051246943269463,0
2023-01-05 09:30:00,53.66746407892257,75.77811094568372,6.595054950455296,0.013061955820981776,0
2023-01-05 09:40:00,46.16125258669217,75.45381898049939,7.709517805683632,0.01900685662207968,0
2023-01-05 09:50:00,52.02280407621219,90.18218950445412,7.146676018161491,0.017275730990691286,0
2023-01-05 10:00:00,49.8210502299165,79.93810938914663,7.364909681133815,0.0004540699551672453,0
2023-01-05 10:10:00,40.235999513362025,83.2048542512752,7.69596044383996,0.01689603196244031,0
2023-01-05 10:20:00,49.547456980356635,93.94232774500935,7.010944410582417,0.028810621873806654,0
2023-01-05 10:30:00,37.668986949851444,77.33677475218573,7.158476003492058,0.02540589541812241,0
2023-01-05 10:40:00,63.909723580014,82.35454101295278,7.405013619253058,0.0261908316938801,0
2023-01-05 10:50:00,36.440296551400365,88.65759986092915,6.637569458099974,0.016244910193605005,0
2023-01-05 11:00:00,48.04214729031418,65.58432199379779,7.027025831423001,0.013439027639943587,0
2023-01-05 11:10:00,39.80906843005161,100.1585869496551,6.424001363821543,0.16346278359493105,1
2023-01-05 11:20:00,55.704211733607956,88.46117328797723,6.521970724158303,0.015026828536423304,0
2023-01-05 11:30:00,46.68568628718497,89.92014280566899,8.15881839433694,0.022940820387932142,0
2023-01-05 11:40:00,44.8133328037879,105.64220134852411,6.2963532782537985,0.021633346806775384,0
2023-01-05 11:50:00,58.532015450515544,86.5809487586681,6.350948048156421,0.03461717016257118,0
2023-01-05 12:00:00,50.29430591677552,93.19739717258095,7.657113287851789,0.029714123576723598,0
2023-01-05 12:10:00,55.166444459359674,83.04527356414026,7.356633125398271,0.007047413793328792,0
2023-01-05 12:20:00,40.186740634825355,87.97227221585086,6.487017591259611,0.008124468332249599,0
2023-01-05 12:30:00,35.95183056072493,101.67256841749534,7.303644507550846,0.025789098180691344,0
2023-01-05 12:40:00,51.07207962040134,63.76007181874364,7.733925222498655,0.019356623526208334,0
2023-01-05 12:50:00,46.81153644505269,89.13616257571681,6.984868471201507,0.015448282160462361,0
2023-01-05 13:00:00,56.26434672453944,106.35586730077367,8.29941145003729,0.03015627883994471,0
2023-01-05 13:10:00,49.2009154733745,87.82034219209342,6.137969094565983,0.021874593820889108,0
2023-01-05 13:20:00,52.0507533923463,101.50572963232848,7.346911726929551,0.02052457386889444,0
2023-01-05 13:30:00,33.76617470058757,78.70787850470558,7.583264168110501,0.0277982864075505,0
2023-01-05 13:40:00,68.88436939614257,84.67952505836287,7.445671950802623,0.016248910050564357,0
2023-01-05 13:50:00,48.357580149679684,85.33524702388587,6.897822136677176,0.035685189854725546,0
2023-01-05 14:00:00,56.97586970339199,62.824089206412296,6.854779258994426,0.01211952376766992,0
2023-01-05 14:10:00,41.63908329780374,73.31822172149799,7.2220725855436285,0.026569290663420883,0
2023-01-05 14:20:00,68.12794804212605,114.14211970659703,5.324806936786869,0.17169164193299224,1
2023-01-05 14:30:00,36.97155236475255,93.22066078032528,7.3012367181411815,0.006227045107279002,0
2023-01-05 14:40:00,54.520678382596714,93.72153105684055,7.520028945396694,0.01656664824147551,0
2023-01-05 14:50:00,46.44025915614167,88.24036442706533,6.490565021466632,0.03142207392885558,0
2023-01-05 15:00:00,50.291905039355676,93.24102896855706,6.8861145104381825,0.03157244547731025,0
2023-01-05 15:10:00,56.97974030130098,83.35850587278226,6.5299920339381226,0.018285043996117606,0
2023-01-05 15:20:00,37.6745968877972,97.01931669539543,6.806943611956929,0.012653289063231406,0
2023-01-05 15:30:00,43.15508269387203,85.08788442632071,7.507610445907153,0.029559358223307623,0
2023-01-05 15:40:00,54.573242810867654,85.57864047426756,7.053991960362614,0.03183549102581605,0
2023-01-05 15:50:00,70.98221474546747,82.34407366737588,8.303429581574886,0.008353366514876052,0
2023-01-05 16:00:00,48.61917665338518,91.84450477636427,7.096703183594858,0.007960863510336199,0
2023-01-05 16:10:00,55.91136117923932,80.78801183387087,7.029845940289868,0.022252566819835996,0
2023-01-05 16:20:00,48.930285301415196,94.76431377198068,7.053091459720108,0.02629360633428892,0
2023-01-05 16:30:00,69.422455947563,73.67850859283993,6.681095653570032,0.01700930914769945,0
2023-01-05 16:40:00,32.52778333034745,74.01083745271806,6.971081693811203,0.026792938199823493,0
2023-01-05 16:50:00,50.94621044669358,91.87426755126504,7.563894013555823,0.012898633931626179,0
2023-01-05 17:00:00,33.744559664379395,84.11455785416987,7.056985334063886,0.001146935990737355,0
2023-01-05 17:10:00,24.934284294632832,80.46108583846872,6.603270135058264,0.01576098927667404,0
2023-01-05 17:20:00,52.97462053117817,93.9005773247546,6.537457689760682,0.020632321465131012,0
2023-01-05 17:30:00,51.39497796147459,78.92738585913915,6.774899054167078,0.017241600401035437,0
2023-01-05 17:40:00,64.10818191203848,122.15387313482574,5.611802444889387,0.04206983681702574,1
2023-01-05 17:50:00,65.80876942770233,128.02737266190815,5.434620412140669,0.009217551206059122,1
2023-01-05 18:00:00,80.98299434071258,100.3914234581065,6.329755679316782,0.014859111956321022,0
2023-01-05 18:10:00,47.418248619685656,100.72398210270327,6.840086861055622,0.028976557716497438,0
2023-01-05 18:20:00,55.10124361250075,82.17874223066089,7.072155009717539,0.03256197439413683,0
2023-01-05 18:30:00,43.50635180386119,97.3070290498447,6.083147116185283,0.03187713384138455,0
2023-01-05 18:40:00,52.95232575040603,75.51047172231321,6.583200858516797,0.01184090464851447,0
2023-01-05 18:50:00,47.61766324944382,75.93097125277939,6.660055730131907,0.00846293676369636,0
2023-01-05 19:00:00,45.8948151727027,61.49544147375639,6.602014813074751,0.024966346149798955,0
2023-01-05 19:10:00,68.18898532200325,101.7286820189853,7.095944772510824,0.026351000115979253,0
2023-01-05 19:20:00,61.77184963184339,76.36020150923922,6.919720195249101,0.024001696052004973,0
2023-01-05 19:30:00,51.36746647399231,83.7346742025294,6.722356948699482,0.00014063274237763324,0
2023-01-05 19:40:00,26.957880640560333,75.89675658071717,7.213981313276317,0.011331154151165333,0
2023-01-05 19:50:00,46.389907767474305,91.9516524833014,7.861537358823125,0.019703112097140218,0
2023-01-05 20:00:00,77.03027564405083,81.2436633928266,7.8196282583708765,0.02487218194630427,0
2023-01-05 20:10:00,47.69338333360292,71.95183109567051,6.038614113968832,0.02767307362602487,0
2023-01-05 20:20:00,61.032175720536586,89.4166256418606,7.28853609191757,0.0214425352228204,0
2023-01-05 20:30:00,64.419424019526,70.66269975189772,6.91098835496808,0.02330783806538236,0
2023-01-05 20:40:00,52.18963915855975,76.62594274684508,7.077577671432678,0.020848654583611043,0
2023-01-05 20:50:00,67.76734725109772,85.02053344381505,5.319023081647806,0.13428096871092415,1
2023-01-05 21:00:00,25.646876682171115,70.76041887802393,7.058794314943601,0.02312865651490911,0
2023-01-05 21:10:00,56.84163208608955,86.78529169720478,7.075703698036009,0.020657376600472874,0
2023-01-05 21:20:00,41.85243997176452,65.35463961897075,6.710524121325538,0.017316312008626194,0
2023-01-05 21:30:00,91.61826862902532,88.47334724552364,4.979557574050201,0.10406457125212405,1
2023-01-05 21:40:00,37.50179660410636,84.97631083867192,6.775652158690258,0.024845913788392748,0
2023-01-05 21:50:00,47.34762459529798,79.56393103906947,7.117129632228383,0.022674753888980614,0
2023-01-05 22:00:00,50.33719054901053,104.92036635959309,7.299498170842132,0.023808264183452537,0
2023-01-05 22:10:00,73.92122782885392,130.2687746524967,5.563488293866707,0.16713609306755928,1
2023-01-05 22:20:00,38.85177812647586,76.32077537248847,6.752904988466543,0.022651639227465874,0
2023-01-05 22:30:00,61.96910948761352,90.57137618403482,7.141922283651368,0.013510014795268425,0
2023-01-05 22:40:00,44.03105215268029,92.49282556879452,7.481251295976649,0.02883606785994169,0
2023-01-05 22:50:00,51.08798750390293,108.03484326900916,6.108962182373662,0.03169008311655412,1
2023-01-05 23:00:00,48.90976580036536,70.04458463501797,6.970583572934239,0.009185866192607129,0
2023-01-05 23:10:00,50.3437530902646,84.87701550691942,6.889534137530194,0.02335847264720069,0
2023-01-05 23:20:00,51.6058943317176,83.27154325185889,7.095562116918196,0.025163966677865787,0
2023-01-05 23:30:00,63.621324036850794,80.64235503029381,6.425146263551297,0.007549487764960051,0
2023-01-05 23:40:00,47.6355116326414,89.42316868164485,6.903195244482246,0.0161718251901325,0
2023-01-05 23:50:00,66.21158562627136,113.99583093522381,5.610060422604242,0.06969580838901707,1
2023-01-06 00:00:00,38.96815618766907,73.48002452420857,7.32097356472185,0.015133236771184033,0
2023-01-06 00:10:00,58.20553502887897,86.09082970349831,6.864866197818055,0.029435977762729458,0
2023-01-06 00:20:00,51.843090640781035,88.85970092568876,7.108859100543583,0.027065054635472527,0
2023-01-06 00:30:00,45.79972272705837,73.23355056099948,6.587674829854656,0.019808778201462925,0
2023-01-06 00:40:00,30.953253065345365,94.28090610991082,7.351746074112512,0.014540380728850721,0
2023-01-06 00:50:00,64.44412195055088,67.29518862223922,6.961089281931764,0.006503503297798594,0
2023-01-06 01:00:00,37.72320035543943,79.21886541284357,6.862024274151931,0.03420184938781949,0
2023-01-06 01:10:00,44.08721990630294,82.41991463802391,6.819138081953307,0.025921139002849185,0
2023-01-06 01:20:00,53.58344511076003,78.6377628734807,6.968553066550071,0.012933308959268596,0
2023-01-06 01:30:00,38.034420713833136,79.34939526448808,6.776061177534021,0.027195994976248916,0
2023-01-06 01:40:00,56.308749886545705,138.04977212079336,5.92575940227294,0.09648881897126872,1
2023-01-06 01:50:00,28.76052417299335,76.49115910961102,6.8023582259919095,0.01712890495137657,0
2023-01-06 02:00:00,57.20996952905636,109.41221722471914,7.796482048013691,0.024352115282896023,0
2023-01-06 02:10:00,44.54813755273678,89.37126779731052,7.73260525174069,0.01258501750087275,0
2023-01-06 02:20:00,79.2727009247333,85.92055137311992,6.554228255072748,0.0165624348048989,0
2023-01-06 02:30:00,40.05644934369127,89.76240353387666,7.03485213471464,0.02121461064199546,0
2023-01-06 02:40:00,40.785489765710786,110.29927749251952,6.674671689331903,0.015005488071147866,0
2023-01-06 02:50:00,44.346070297145985,75.06406996068552,6.836676218405694,0.02669085210267524,0
2023-01-06 03:00:00,52.43134655138489,73.79582081063612,8.001213733822398,0.038690665036782604,0
2023-01-06 03:10:00,45.29796661214689,77.4513380342808,6.8462142914421005,0.012457018673928573,0
2023-01-06 03:20:00,67.84038453654114,116.4584568646037,6.096698244388078,0.01674373518479778,1
2023-01-06 03:30:00,40.21411610011346,67.74228875187427,7.2706606470041395,1.740167476261753e-05,0
2023-01-06 03:40:00,57.38606840282475,110.77416853848037,3.9907067875437,0.0924765929252509,1
2023-01-06 03:50:00,32.01785260590893,101.93547133413672,6.572452262795397,0.013368354098738173,0
2023-01-06 04:00:00,27.76425832062803,86.51407390624777,6.39698881429594,0.022078605010670806,0
2023-01-06 04:10:00,44.81930980524943,82.07314541024724,6.557014633051112,0.02132597672026101,0
2023-01-06 04:20:00,46.99019687606778,78.81839551316372,5.574984945341409,0.003967831533859038,0
2023-01-06 04:30:00,43.68562972516817,93.98511704551565,7.272291200396814,0.0018511617051859414,0
2023-01-06 04:40:00,62.43405797187162,76.74167226761952,8.027096920628034,0.02295933240346095,0
2023-01-06 04:50:00,62.28030209608135,103.46395920599248,7.073910369518264,0.02135428834719957,0
2023-01-06 05:00:00,46.65197012555498,104.33359747714357,6.291865570329696,0.015741820016334486,0
2023-01-06 05:10:00,56.568912231398365,112.76361019539343,5.3266361549619905,0.017142820743384773,1
2023-01-06 05:20:00,44.33294891944947,84.88484911923355,6.770561577487501,0.02471391262764991,0
2023-01-06 05:30:00,44.00178606082939,95.30659808241559,6.491207611393312,0.03271899545423944,0
2023-01-06 05:40:00,43.42865037721942,95.94798502227326,7.430091319197579,0.022779824402189223,0
2023-01-06 05:50:00,43.022810961017555,76.94008268940584,7.405130022187667,0.011525261094349355,0
2023-01-06 06:00:00,43.465371042751926,79.73444866863298,6.42227410309117,0.020445521655711514,0
2023-01-06 06:10:00,46.134583841022405,71.77652565316704,7.362540522223754,0.006338859190663151,0
2023-01-06 06:20:00,43.64458901184443,89.09064938334058,7.763406331788633,0.030579607138387928,0
2023-01-06 06:30:00,52.08322508625592,91.66627883456891,7.95127910261478,0.02081844334529539,0
2023-01-06 06:40:00,53.60368715904861,71.50074362138727,8.432606011542982,0.002318430882467682,0
2023-01-06 06:50:00,40.8935491281751,80.44801095183841,6.549003675278401,0.016993256395563174,0
2023-01-06 07:00:00,84.80751389581522,102.79809925954368,6.501450657001594,0.12316507551171155,1
2023-01-06 07:10:00,40.19937698159386,76.01200189756162,6.822896805745605,0.016669523790244778,0
2023-01-06 07:20:00,33.82199386184663,90.51017060226299,6.703767272309743,0.01724104278559826,0
2023-01-06 07:30:00,53.807780713650516,77.66517933321721,7.163536187438923,0.007755977929527282,0
2023-01-06 07:40:00,41.825918655856604,81.99174043967702,6.708969332953494,0.02566540987081656,0
2023-01-06 07:50:00,53.21291470757388,68.72688272052685,7.199522070323263,0.013515307999808625,0
2023-01-06 08:00:00,25.963313988994695,86.86990209724664,6.33996140613135,0.001564453770050326,0
2023-01-06 08:10:00,63.924559414830675,84.55726680155351,6.880623698968283,0.01628742629329606,0
2023-01-06 08:20:00,81.29835342045183,111.19566239386701,5.266345576433947,0.14905748577851766,1
2023-01-06 08:30:00,34.99523450836998,83.10985702317525,6.971469354284422,0.016130705534000526,0
2023-01-06 08:40:00,35.21222876153715,86.80294880503445,7.070797893369941,0.0373798498512352,0
2023-01-06 08:50:00,66.72265904097527,76.85131851090657,7.2376293023586555,0.02428967948548517,0
2023-01-06 09:00:00,42.626200965020416,70.23737455998221,7.58533081465883,0.02338758162280366,0
2023-01-06 09:10:00,41.65815151267376,103.05574432686815,6.172387643905283,0.018716017340823912,0
2023-01-06 09:20:00,27.339479058507173,78.66727295289728,7.292262025918717,0.019317137922357095,0
2023-01-06 09:30:00,70.8296940374698,115.99180527935903,5.17340248163714,0.0868288182440248,1
2023-01-06 09:40:00,47.722803851642475,95.10839735020313,7.083318947655919,0.016977306079174737,0
2023-01-06 09:50:00,57.15493096769485,120.29055187570484,7.529975084881189,0.025308671620671488,0
2023-01-06 10:00:00,36.00921571815525,72.55513550111134,6.402906674294078,0.010641687702094345,0
2023-01-06 10:10:00,34.7971320775939,89.4982721372651,6.493677779278455,0.009241061712757404,0
2023-01-06 10:20:00,54.509626347764765,77.92447714705894,6.032285020143097,0.008768049491246224,0
2023-01-06 10:30:00,60.06730071227065,79.6120969542329,6.725420529118112,0.04045654547677154,0
2023-01-06 10:40:00,34.28847648882117,77.7978797899321,7.6652161721894085,0.0253034290167058,0
2023-01-06 10:50:00,60.81514086299741,73.74345032199415,6.939706405763265,0.023044922016801448,0
2023-01-06 11:00:00,50.375418414868214,84.58708638215339,6.329937552172607,0.009424853297065685,0
2023-01-06 11:10:00,60.91805339074646,70.25497312951765,6.7571606277124765,0.026233423006748285,0
2023-01-06 11:20:00,49.29779638482383,94.4680756651187,6.256069148254689,0.018834286535466715,0
2023-01-06 11:30:00,27.058254002656057,110.37703956230048,4.849989899007188,0.1107084470565875,1
2023-01-06 11:40:00,48.48032617683961,89.22434972901439,7.194409455131857,0.01023379684136444,0
2023-01-06 11:50:00,86.97013977066673,113.59145202449821,4.299944292513274,0.10801344287087884,1
2023-01-06 12:00:00,41.06253980916286,81.32796065788251,7.556317152601651,0.01576166461793517,0
2023-01-06 12:10:00,46.12035031092548,87.87563905167328,6.964439854584832,0.012343888429698122,0
2023-01-06 12:20:00,48.23866496449022,73.35949367594175,7.042797351972263,0.027341063358072487,0
2023-01-06 12:30:00,21.00486120131518,81.42009565586665,6.860813516196053,0.004622921914699976,0
2023-01-06 12:40:00,66.71347575437477,76.40386486121545,7.386423919271862,0.025647762643141506,0
2023-01-06 12:50:00,40.98624320102826,76.09431189408986,7.391579943888505,0.026844861335529963,0
2023-01-06 13:00:00,55.05735432472799,63.90161759374358,7.167527175956086,0.011203563244487593,0
2023-01-06 13:10:00,49.132988638517915,98.3932658948,7.282394552953824,0.011796715388675327,0
2023-01-06 13:20:00,62.5761905635936,78.13461246846231,6.893955165039787,0.017769743187335978,0
2023-01-06 13:30:00,67.35041276765628,128.76331538714257,4.712134592090948,0.11410181052311104,1
2023-01-06 13:40:00,47.65075728479025,95.68792321394292,6.831061112263097,0.018471450081857747,0
2023-01-06 13:50:00,50.10645744476762,96.78667090388417,5.5857734436244355,0.12167812300959396,1
2023-01-06 14:00:00,57.978507013821385,74.11588764327155,6.862678125316851,0.03762979652537399,0
2023-01-06 14:10:00,31.26558696045383,110.60502959355684,6.771390730340402,0.014922832308502863,0
2023-01-06 14:20:00,56.45890420275892,102.50925941927143,6.655444101139105,0.002848200292965796,0
2023-01-06 14:30:00,39.00955248445128,84.68481486671895,7.233845051929443,0.028259235830306532,0
2023-01-06 14:40:00,62.5228366195664,87.5737310641735,7.655302956406731,0.03683314575927529,0
2023-01-06 14:50:00,51.61299542662695,78.69153597052811,7.58555098583478,0.023927683630511246,0
2023-01-06 15:00:00,56.44123767850109,89.3235271420034,6.371717332027282,0.009122513246463319,0
2023-01-06 15:10:00,50.819888138247194,77.82818099277529,7.644601525703437,0.01876107636764799,0
2023-01-06 15:20:00,32.47622904859003,64.67646235701615,6.840920749191036,0.008814765157883677,0
2023-01-06 15:30:00,41.39270836604662,71.78444213488949,7.300366507572796,0.02642855493962948,0
2023-01-06 15:40:00,56.72389337611382,85.21092747850587,6.546892333976395,0.006487095973015656,0
2023-01-06 15:50:00,51.66655817359844,73.68932764497413,7.0709899569370025,0.016998712131718,0
2023-01-06 16:00:00,61.809899053056725,84.32722535086465,7.156861591448454,0.009956621737060935,0
2023-01-06 16:10:00,54.03274563037172,74.25338960567137,6.257697604040174,0.02126824685134962,0
2023-01-06 16:20:00,40.3329810929734,77.17646077498006,7.304133583172095,0.016336583228622425,0
2023-01-06 16:30:00,42.03935862279366,93.53165306413192,7.672967503919158,0.02176762103250264,0
2023-01-06 16:40:00,51.02917390523237,87.47480547640104,6.912676027159186,0.020223505549663658,0
2023-01-06 16:50:00,26.859559339998945,84.90335578686653,7.680084065414007,0.010133409722758896,0
2023-01-06 17:00:00,66.73441885622985,93.78963973070651,6.905153253273796,0.02626877063529022,0
2023-01-06 17:10:00,54.41746736377557,89.80608593347347,7.424792265523308,0.01951234348156885,0
2023-01-06 17:20:00,62.27034597048872,99.46563291251367,5.89071501702445,0.010114709921340996,0
2023-01-06 17:30:00,34.19396059190831,80.4014073768486,8.209388889656731,0.04240926556205793,0
2023-01-06 17:40:00,62.445651603552555,80.70365021472492,7.747729122621479,0.024764301667171248,0
2023-01-06 17:50:00,72.31498911027748,71.98890733608656,6.8576872478731605,0.018467394466006946,0
2023-01-06 18:00:00,36.79121644622683,80.7101928262758,6.013955486678091,0.03415204526701823,0
2023-01-06 18:10:00,57.71401794903767,94.64769894302445,7.144014184152745,0.03841815609386608,0
2023-01-06 18:20:00,50.01109944687293,97.99987372262134,6.2780372264631215,0.01854650577686115,0
2023-01-06 18:30:00,34.55566151751756,94.60305168086668,7.222426768778744,0.02347397486434762,0
2023-01-06 18:40:00,54.928839718518695,67.05808133450563,7.205782859582141,0.010119971819970592,0
2023-01-06 18:50:00,58.33603204837348,95.83145212660735,6.529298415498988,0.018528072492319886,0
2023-01-06 19:00:00,43.98873447331153,66.61481376727929,7.560483511807189,0.018009374462401303,0
2023-01-06 19:10:00,61.65916520255223,93.98117324122347,7.402787351403087,0.02184827033621654,0
2023-01-06 19:20:00,33.33236593210802,81.32215473428946,7.487911668644282,0.023327604786370103,0
2023-01-06 19:30:00,35.052438535503555,92.02533313933856,7.004428851834447,0.0255982844882806,0
2023-01-06 19:40:00,51.365973955887526,71.67551652105433,6.292237966543147,0.022376426562999593,0
2023-01-06 19:50:00,50.25385277972272,96.71167632706147,7.488936136105568,0.007892573733708354,0
2023-01-06 20:00:00,42.834265115758946,70.35025253895111,6.864814300432104,0.010615328942589151,0
2023-01-06 20:10:00,58.09594435971886,78.31545089146823,6.305109928403666,0.01453592380536327,0
2023-01-06 20:20:00,55.30894314215949,75.01905372230965,7.676019682987163,0.017177594080767713,0
2023-01-06 20:30:00,58.581390709340155,67.457151471775,8.049703760251255,0.030507742904721136,0
2023-01-06 20:40:00,48.76863564647732,85.94527567588469,6.979375935510398,0.008370610131470871,0
2023-01-06 20:50:00,56.02580267978341,103.06089117836962,8.079560577301645,0.016425849518293,0
2023-01-06 21:00:00,45.54349696970006,111.66905222320008,7.045657364305675,0.0295300949821405,0
2023-01-06 21:10:00,70.53818690086595,85.97155787086248,6.809772047916824,0.017001225255033878,0
2023-01-06 21:20:00,41.87454229878014,96.16681275067522,6.684770772907261,0.02460415649842824,0
2023-01-06 21:30:00,71.05297429458312,87.32094637928537,7.8185412039963715,0.018604579570720967,0
2023-01-06 21:40:00,50.34887947089408,89.98883194768213,6.609928059306114,0.02256783257324723,0
2023-01-06 21:50:00,36.24489110431257,81.57851348872761,7.367634654987493,0.017715274561904595,0
2023-01-06 22:00:00,63.68079350488601,86.95076925422602,6.720418082470395,0.02667065472728354,0
2023-01-06 22:10:00,51.25901388394959,90.37478704606428,6.769846618712818,0.004549435925935647,0
2023-01-06 22:20:00,58.51124098380238,79.21540271123669,7.515124846984784,0.01636687991611455,0
2023-01-06 22:30:00,62.238559185425935,84.22505700107013,6.809981576855323,0.02296572676694308,0
2023-01-06 22:40:00,53.37955554145025,84.41569881002512,6.797602310289854,0.02533695248006193,0
2023-01-06 22:50:00,44.077591551871855,93.26403317330525,7.5664023485874035,0.034929526227538275,0
2023-01-06 23:00:00,68.71261549814254,100.41807343222192,5.873772562619531,0.08044876665672118,1
2023-01-06 23:10:00,50.007555074545955,84.48457791392349,7.322344901642117,0.034794817618608725,0
2023-01-06 23:20:00,56.85857818608419,104.12005469052697,6.6726151121880255,0.013409761733403296,0
2023-01-06 23:30:00,52.798110366810675,130.08308139866722,5.6109430478348745,0.1664323205772322,1
2023-01-06 23:40:00,54.46981717009852,98.49179048888705,7.039957631870019,0.028174671266983725,0
2023-01-06 23:50:00,43.6141417485497,85.24431840178035,7.160465030962829,0.010865414203677773,0
2023-01-07 00:00:00,66.5330963717853,88.20997563686024,6.506067044930114,0.02307039237251822,0
2023-01-07 00:10:00,56.23087347889095,95.02236166702926,7.361518969789932,0.019487641644678085,0
2023-01-07 00:20:00,52.398577458492966,100.60255529530932,7.0427566648198,0.026255845936750004,0
2023-01-07 00:30:00,54.86309993350221,65.48397087117114,6.142145840680936,0.017767284115666904,0
2023-01-07 00:40:00,40.01559147123282,71.84558692950154,6.535536758769635,0.016927537743382685,0
2023-01-07 00:50:00,66.23256690528054,98.09444101402647,6.747935663174168,0.033690945827628514,0
2023-01-07 01:00:00,69.91370418416905,82.23110644231197,6.963571155579473,0.01901279105544327,0
2023-01-07 01:10:00,53.92913510548216,78.28279210741923,7.944639397751998,0.028264223241917664,0
2023-01-07 01:20:00,65.90403568573639,72.45839013004397,7.119085653069814,0.017746485149558004,0
2023-01-07 01:30:00,44.308518013274664,79.44983298455891,6.579614055050688,0.03666663259227523,0
2023-01-07 01:40:00,59.803115065501665,99.8037694900323,5.3069159039946765,0.06608326853322534,1
2023-01-07 01:50:00,50.40924748728923,105.91094272732477,6.8239561262730595,0.013858564687528153,0
2023-01-07 02:00:00,54.349410383678986,84.77563948019427,7.162379119766771,0.035245171811159035,0
2023-01-07 02:10:00,46.060133187568795,84.42049458237283,7.290283843517807,0.015550536091047472,0
2023-01-07 02:20:00,58.55799406383073,128.8265032598606,5.587512981342932,0.18005371530821962,1
2023-01-07 02:30:00,77.84427297265697,127.12909807298857,5.41516907304252,0.14459202897974063,1
2023-01-07 02:40:00,40.01693224708945,94.45888156554639,7.819480263799917,0.018453502934391665,0
2023-01-07 02:50:00,55.18793017451721,95.73621943907571,7.454011331268096,0.001867065279828415,0
2023-01-07 03:00:00,58.63528242521521,78.69154449209144,6.646280227593906,0.019806816957281644,0
2023-01-07 03:10:00,57.318611867915635,109.58817600948504,6.3334237497868475,0.10508150267667124,1
2023-01-07 03:20:00,61.52648103261693,92.69031655442275,7.163497256635049,0.03167217733304373,0
2023-01-07 03:30:00,37.82596206503048,79.7261093836038,6.5824377480138825,0.035884471762401116,0
2023-01-07 03:40:00,54.67950422131852,84.94893367972774,7.826456525615211,0.013150128208562524,0
2023-01-07 03:50:00,38.29719293603225,88.98763764424814,8.038888792599222,0.02801181763988183,0
2023-01-07 04:00:00,38.85918641766912,92.85185082310376,6.98348736814022,0.027654021560133496,0
2023-01-07 04:10:00,43.6906916626221,67.22319037629799,6.7481748698122015,0.030734127024104455,0
2023-01-07 04:20:00,61.97761174943966,122.09642849693479,5.617925905426894,0.12493449560677723,1
2023-01-07 04:30:00,44.52004181258862,82.66275942148275,7.35736586375885,0.0005750230903822998,0
2023-01-07 04:40:00,47.85849689288811,92.07457710864381,7.638928327515257,0.018445775674722404,0
2023-01-07 04:50:00,58.371544863313844,92.76931692354829,7.2852436654317865,0.008442924250830848,0
2023-01-07 05:00:00,46.78840961294298,101.07915061119158,7.050861604235885,0.017973942270819263,0
2023-01-07 05:10:00,34.14374293230407,98.53453647621203,7.749005885152214,0.02980004236133894,0
2023-01-07 05:20:00,61.4006784649516,98.46571662610296,6.843581763474239,0.023051508358749726,0
2023-01-07 05:30:00,41.629098663849604,99.43670319166239,7.515459669183453,0.03148090866397433,0
2023-01-07 05:40:00,49.41279572895371,87.91378984815945,6.855968600824361,0.023417539207135393,0
2023-01-07 05:50:00,54.46536506940711,85.3218508703684,7.215511479005446,0.007016740603310975,0
2023-01-07 06:00:00,74.38109344075838,124.04508779497193,4.904679411914028,0.026042350328636735,1
2023-01-07 06:10:00,60.941795475214754,92.32080951433022,6.972073908673595,0.021488087616795902,0
2023-01-07 06:20:00,54.79003143392759,81.9093376326174,6.811306741268895,0.017860735336488347,0
2023-01-07 06:30:00,41.38690420302892,89.04823408808268,7.672427015590348,0.010230542606181179,0
2023-01-07 06:40:00,71.78562173991662,84.64903533215406,6.633536980945732,0.0029937275034862196,0
2023-01-07 06:50:00,80.79910545033277,102.8187193491909,4.102036749284071,0.06326283932636455,1
2023-01-07 07:00:00,48.52659773378494,97.9046074137635,8.060496782922554,0.018055085151352238,0
2023-01-07 07:10:00,59.63925423055571,85.5519924253009,7.4889237823271655,0.0266587782370639,0
2023-01-07 07:20:00,52.49450945930072,105.48708257698851,5.807443150653482,0.0218863108156798,0
2023-01-07 07:30:00,53.99228192939327,68.74507729800168,6.717370630394798,0.03608067247172729,0
2023-01-07 07:40:00,74.92183998600687,79.43221227156634,6.094005331218973,0.009643959439546058,0
2023-01-07 07:50:00,47.248785717449536,85.32638836690872,6.524654653292372,0.028810588920574334,0
2023-01-07 08:00:00,46.82239105982604,96.37381097628914,5.43074266688298,0.020472987431287278,0
2023-01-07 08:10:00,51.16578512012464,88.99469372602185,6.931505211153029,0.026946691241185847,0
2023-01-07 08:20:00,60.715159355810385,88.10472754180752,6.429029090419344,0.015634851367344563,0
2023-01-07 08:30:00,34.93465969809601,73.72736207445853,7.029952628398219,0.0307168037389059,0
2023-01-07 08:40:00,30.344441085234948,73.43058602770529,6.187439370558738,0.022952247583452427,0
2023-01-07 08:50:00,81.94569515846703,113.6621056120109,5.590027861471253,0.06602775075411253,1
2023-01-07 09:00:00,33.66077040940713,71.35894006181641,6.792541860939837,0.019879759710868118,0
2023-01-07 09:10:00,45.75168652474362,79.68122249710672,7.7509764825942975,0.017604441410629005,0
2023-01-07 09:20:00,55.0249969612929,90.00917329085857,7.705678430872813,0.024891783506377937,0
2023-01-07 09:30:00,41.09251136447736,75.17675727723224,7.3926728015051415,0.008202232506254913,0
2023-01-07 09:40:00,35.731734232186575,101.05355962361807,6.836693109669394,0.019706482978843056,0
2023-01-07 09:50:00,50.69337161715348,97.2393634423789,7.9926901976301465,0.02395307252649331,0
2023-01-07 10:00:00,58.625434846151705,69.285800016617,6.22348236108009,0.020330233071930333,0
2023-01-07 10:10:00,33.050265614833876,75.67628756818013,6.298220685218169,0.033469412443889957,0
2023-01-07 10:20:00,58.20232398305984,62.142227555050496,6.958108450055468,0.027740227740710527,0
2023-01-07 10:30:00,58.17306203738326,77.17408637451867,8.12701905446056,0.019925192032592534,0
2023-01-07 10:40:00,59.54085102156628,92.66388476572399,6.898830546564956,0.022166890974976733,0
2023-01-07 10:50:00,62.18480214871686,80.86105057725143,6.908377378395359,0.022956655514819995,0
2023-01-07 11:00:00,72.02013924659616,89.60797243615967,6.279044821944096,0.02403299604166824,0
2023-01-07 11:10:00,46.439079513809446,69.77665681718256,7.472964792635189,0.0017434200433539201,0
2023-01-07 11:20:00,57.44895254177316,126.48670201486655,5.787924010440868,0.08492368521153265,1
2023-01-07 11:30:00,45.83561566751975,79.4489077207165,7.394537600699955,0.005155609318065737,0
2023-01-07 11:40:00,50.01976844755811,85.12169682282905,6.685389663576319,0.032782809474594866,0
2023-01-07 11:50:00,65.32873355636312,84.07125498606948,6.646646615813497,0.019391504799970722,0
2023-01-07 12:00:00,36.54985516069331,72.28451479107716,6.353438874797515,0.018066590503203774,0
2023-01-07 12:10:00,41.38950327834424,73.46915668260218,7.041936250880466,0.028967973320332352,0
2023-01-07 12:20:00,63.77180936504561,94.67794469003427,6.459796335360749,0.02422324797449875,0
2023-01-07 12:30:00,60.2003650690209,88.98992157501695,6.411291747375356,0.008713654856207929,0
2023-01-07 12:40:00,46.36868353182922,95.50049041553427,6.788154641544662,0.019290946374726312,0
2023-01-07 12:50:00,58.544020011207195,88.24658235502518,6.755421912407892,0.016648330267736152,0
2023-01-07 13:00:00,53.412158424920335,86.42990634809216,6.731010735589022,0.00255467111393946,0
2023-01-07 13:10:00,65.00274609000988,67.73989381333233,7.233222298420131,0.013097237667627954,0
2023-01-07 13:20:00,50.745095938267724,82.2963330323883,7.03952390107514,0.018164596779835344,0
2023-01-07 13:30:00,60.25632113872582,84.72615679596257,6.855921984744441,0.018850490685081576,0
2023-01-07 13:40:00,76.4201191049262,104.53107198272573,7.091506464155741,0.0051776857632269135,0
2023-01-07 13:50:00,55.98099155047466,91.86956632098678,6.504236479447684,0.031516655830474756,0
2023-01-07 14:00:00,50.49328165794844,100.36061181709529,7.052639311954839,0.018978969411085612,0
2023-01-07 14:10:00,57.22446985220979,90.97537705894729,7.075301246422317,0.02037553076660563,0
2023-01-07 14:20:00,46.34719141796115,77.8869677305052,6.24847657032126,0.024006416383398368,0
2023-01-07 14:30:00,73.87967705524733,86.17124216149851,7.497846877185181,0.012119237460963288,0
2023-01-07 14:40:00,51.80071037695981,87.36223646264233,6.559283147386502,0.024563559731326963,0
2023-01-07 14:50:00,47.27066679774487,75.60844430229318,7.045154899603218,0.01632925353981817,0
2023-01-07 15:00:00,41.64310994979964,81.15612623407078,7.582205870267635,0.011034144593528085,0
2023-01-07 15:10:00,60.972201916064385,82.94233006322828,7.462838378856935,0.02573447493355399,0
2023-01-07 15:20:00,58.67187412827739,101.05619832565118,7.017166694284418,0.03491673858801808,0
2023-01-07 15:30:00,45.02645628585907,64.19259474609021,6.818750498558965,0.02724829373485832,0
2023-01-07 15:40:00,55.764513451224225,97.05818420716044,7.473755954287784,0.02922977565140431,0
2023-01-07 15:50:00,34.91444031787144,75.63204765040618,7.33734748890431,0.01479369393437701,0
2023-01-07 16:00:00,51.849705750731566,71.27920812730386,6.690817489977935,0.0040238027083154375,0
2023-01-07 16:10:00,54.52756352076695,96.79942130038464,6.602553176499155,0.03490137522099841,0
2023-01-07 16:20:00,67.07329809559224,92.31898069234381,5.963822409152001,0.0405451488940476,0
2023-01-07 16:30:00,42.291811972713106,97.5451870238119,7.077015920841793,0.03542806773769682,0
2023-01-07 16:40:00,37.21647371197676,93.00701947545576,6.958651127490801,0.016642140610202503,0
2023-01-07 16:50:00,60.520981830119084,139.8248165025845,5.31682256409418,0.04226828306355779,1
2023-01-07 17:00:00,36.634314996850804,90.58723836944485,7.179527546740183,0.009343173021804334,0
2023-01-07 17:10:00,63.36657357758983,83.43522623876842,7.6671145970863455,0.003162674323859513,0
2023-01-07 17:20:00,65.48639295024037,88.42926377321342,6.651317886041914,0.018926213815899547,0
2023-01-07 17:30:00,53.20216577948829,97.43469128345964,7.5690751654838095,0.036056779580824545,0
2023-01-07 17:40:00,62.21294945685148,77.20624674739884,6.735541810447672,0.01858337368127757,0
2023-01-07 17:50:00,51.339583805802356,78.4811141746862,7.388798030896136,0.023023229003482748,0
2023-01-07 18:00:00,49.04888352299234,81.91039985402092,6.270620803734653,0.03375596964304209,0
2023-01-07 18:10:00,46.66962380946239,63.954172012346675,7.117567649683094,0.015959046881676004,0
2023-01-07 18:20:00,46.89609008622435,86.38078408417547,6.007656029277045,0.040355314567195946,0
2023-01-07 18:30:00,51.75863148646752,99.15762030825454,4.260385897367755,0.19960472037487267,1
2023-01-07 18:40:00,52.64254763607339,85.53059312932619,7.220176996938957,0.018688886613195173,0
2023-01-07 18:50:00,73.9341577574692,131.22948803297152,5.486110630488918,0.07112328679903937,1
2023-01-07 19:00:00,57.45360724077876,80.23123539356165,6.4747811856220165,0.02697238046390313,0
2023-01-07 19:10:00,50.9352349643861,101.77115870186871,7.423059234647967,0.01652475057481142,0
2023-01-07 19:20:00,48.37296298430908,70.39499100581511,6.948268605076538,0.008434447829326636,0
2023-01-07 19:30:00,63.44475740925988,124.20374063626032,4.839607045192639,0.16406193267614902,1
2023-01-07 19:40:00,50.721532368217616,91.7513705640692,7.020947960577138,0.0321644738727708,0
2023-01-07 19:50:00,57.38237230816162,67.83966751689312,8.318334570972794,0.02155511603763561,0
2023-01-07 20:00:00,38.566610089161394,112.10794299040532,7.576751424890772,0.007371352462718221,0
2023-01-07 20:10:00,50.874737536807395,84.36254714496035,7.58128683409392,0.0077047374878261386,0
2023-01-07 20:20:00,52.33042951529484,76.22515977844368,7.217773159496182,0.02107229288419153,0
2023-01-07 20:30:00,59.293889736451156,109.30048188251547,4.94167722512881,0.0750064482747484,1
2023-01-07 20:40:00,44.12143695092,82.79981972340326,5.801958855834792,0.01658907067858392,0
2023-01-07 20:50:00,52.306108487662144,83.7259312761004,6.660509826768434,0.030219631550600035,0
2023-01-07 21:00:00,38.66578981707377,86.02645528539665,6.759712793398763,0.02733179317422558,0
2023-01-07 21:10:00,53.499237152493926,82.0220384377604,6.062553967976234,0.03378142680497613,0
2023-01-07 21:20:00,41.046456263408004,91.33225310115094,6.4212921048922835,0.010093767766227424,0
2023-01-07 21:30:00,60.62853693033216,81.12370167336753,6.009581764538683,0.01656808431313288,0
2023-01-07 21:40:00,73.378277453883,65.65035882759528,6.980838082151314,0.027589816954601127,0
2023-01-07 21:50:00,41.392431982981805,83.50638504350358,7.409382985424408,0.024480783410128916,0
2023-01-07 22:00:00,55.342078623746744,61.32522346626722,7.5533872593121645,0.035323803825876215,0
2023-01-07 22:10:00,42.732580951179806,88.5377063089139,7.207392231039621,0.024205367059040694,0
2023-01-07 22:20:00,60.4095417379779,75.20699769717365,6.518301829400715,0.03848109104105553,0
2023-01-07 22:30:00,37.34741590914785,86.63360354915801,6.03396742074002,0.025400178017231406,0
